BL531k6.001r.tif,4956,6685,[title page]
BL531k6.001v.tif,4733,6427,[001v]
BL531k6.002r.tif,4831,6600,[002r]
BL531k6.002v.tif,4761,6427,[002v]
BL531k6.003r.tif,4831,6600,[003r]
BL531k6.003v.tif,4761,6427,[003v]
BL531k6.004r.tif,4831,6600,[004r]
BL531k6.004v.tif,4761,6427,[004v]
BL531k6.005r.tif,4831,6600,[005r]
BL531k6.005v.tif,4761,6427,[005v]
BL531k6.006r.tif,4831,6600,[006r]
BL531k6.006v.tif,4761,6427,[006v]
BL531k6.007r.tif,4831,6600,[007r]
BL531k6.007v.tif,4761,6427,[007v]
BL531k6.008r.tif,4831,6600,[008r]
BL531k6.008v.tif,4761,6427,[008v]
BL531k6.009r.tif,4831,6600,[009r]
BL531k6.009v.tif,4761,6427,[009v]
BL531k6.010r.tif,4831,6600,[010r]
BL531k6.010v.tif,4761,6427,[010v]
BL531k6.011r.tif,4831,6600,[011r]
BL531k6.011v.tif,4761,6427,[011v]
BL531k6.012r.tif,4831,6600,[012r]
BL531k6.012v.tif,4761,6427,[012v]
BL531k6.013r.tif,4831,6600,[013r]
BL531k6.013v.tif,4761,6427,[013v]
BL531k6.014r.tif,4831,6600,[014r]
BL531k6.014v.tif,4761,6427,[014v]
BL531k6.015r.tif,4831,6600,[015r]
BL531k6.015v.tif,4761,6427,[015v]
BL531k6.016r.tif,4831,6600,[016r]
BL531k6.016v.tif,4761,6427,[016v]
BL531k6.017r.tif,4831,6600,[017r]
BL531k6.017v.tif,4761,6427,[017v]
BL531k6.018r.tif,4831,6600,[018r]
BL531k6.018v.tif,4761,6427,[018v]
BL531k6.019r.tif,4831,6600,[019r]
BL531k6.019v.tif,4761,6427,[019v]
BL531k6.020r.tif,4831,6600,[020r]
BL531k6.020v.tif,4761,6427,[020v]
BL531k6.021r.tif,4831,6600,[021r]
BL531k6.021v.tif,4761,6466,[021v]
BL531k6.022r.tif,4831,6600,[022r]
BL531k6.022v.tif,4761,6466,[022v]
BL531k6.023r.tif,4831,6600,[023r]
BL531k6.023v.tif,4761,6466,[023v]
BL531k6.024r.tif,4831,6600,[024r]
BL531k6.024v.tif,4761,6466,[024v]
BL531k6.025r.tif,4831,6600,[25r]
BL531k6.025v.tif,4761,6466,[25v]
BL531k6.026r.tif,4831,6600,[26r]
BL531k6.026v.tif,4805,6466,[26v]
BL531k6.027r.tif,4831,6600,[27r]
BL531k6.027v.tif,4805,6466,[27v]
BL531k6.028r.tif,4831,6600,[28r]
BL531k6.028v.tif,4805,6466,[28v]
BL531k6.029r.tif,4831,6600,[29r]
BL531k6.029v.tif,4805,6466,[29v] 
BL531k6.030r.tif,4831,6600,[30r]
BL531k6.030v.tif,4805,6466,[30v]
BL531k6.031r.tif,4831,6600,[31r]
BL531k6.031v.tif,4805,6466,[31v]
BL531k6.032r.tif,4831,6600,[32r]
BL531k6.032v.tif,4805,6466,[32v]
BL531k6.033r.tif,4831,6600,[33r]
BL531k6.033v.tif,4805,6466,[33v]
BL531k6.034r.tif,4831,6600,[34r]
BL531k6.034v.tif,4805,6466,[34v]
BL531k6.035r.tif,4831,6600,[35r]
BL531k6.035v.tif,4805,6466,[35v]
BL531k6.036r.tif,4831,6600,[36r]
BL531k6.036v.tif,4805,6466,[36v]
BL531k6.037r.tif,4831,6600,[37r]
BL531k6.037v.tif,4632,6556,[37v]
BL531k6.038r.tif,4750,6600,[38r]
BL531k6.038v.tif,4621,6484,[38v]
BL531k6.039r.tif,4750,6600,[39r]
BL531k6.039v.tif,4628,6501,[39v]
BL531k6.040r.tif,4750,6600,[40r]
BL531k6.040v.tif,4609,6466,[40v]
BL531k6.041r.tif,4750,6600,[41r]
BL531k6.041v.tif,4639,6500,[41v]
BL531k6.042r.tif,4750,6600,[42r]
BL531k6.042v.tif,4639,6500,[42v]
BL531k6.043r.tif,4750,6600,[43r]
BL531k6.043v.tif,4694,6578,[43v]
BL531k6.044r.tif,4769,6600,[44r]
BL531k6.044v.tif,4734,6580,[44v]
