Newberry27495.binding.frontcover.tif,1868,2547,binding front cover
Newberry27495.frontmatter.pastedown.tif,1826,2460,front matter pastedown
Newberry27495.frontmatter.flyleaf.001r.tif,1793,2513,front matter 1r
Newberry27495.frontmatter.flyleaf.001v.tif,1826,2460,front matter 1v
Newberry27495.frontmatter.flyleaf.002r.tif,1793,2499,front matter 2r
Newberry27495.frontmatter.flyleaf.002v.tif,1826,2460,front matter 2v
Newberry27495.frontmatter.flyleaf.003r.tif,1793,2513,title page
Newberry27495.frontmatter.flyleaf.003v.tif,1862,2437,[Ai[v]]
Newberry27495.frontmatter.flyleaf.004r.tif,1793,2513,[Aii[r]]
Newberry27495.frontmatter.flyleaf.004v.tif,1826,2460,[Aii[v]]
Newberry27495.001r.tif,1793,2513,Aiii[r]
Newberry27495.001v.tif,1826,2460,[Aiii[v]]
Newberry27495.002r.tif,1793,2513,Aiv[r]
Newberry27495.002v.tif,1826,2460,[Aiv[v]]
Newberry27495.003r.tif,1793,2513,Bi[r]
Newberry27495.003v.tif,1826,2460,[Bi[v]]
Newberry27495.004r.tif,1793,2513,Bii[r]
Newberry27495.004v.tif,1826,2460,[Bii[v]]
Newberry27495.005r.tif,1793,2513,Biii[r]
Newberry27495.005v.tif,1826,2460,[Biii[v]]
Newberry27495.006r.tif,1793,2513,[Biv[r]]
Newberry27495.006v.tif,1826,2460,[Biv[v]]
Newberry27495.007r.tif,1793,2513,Ci[r]
Newberry27495.007v.tif,1826,2460,[Ci[v]]
Newberry27495.008r.tif,1793,2513,Cii[r]
Newberry27495.008v.tif,1826,2460,[Cii[v]]
Newberry27495.009r.tif,1793,2513,Ciii[r]
Newberry27495.009v.tif,1826,2460,[Ciii[v]]
Newberry27495.010r.tif,1793,2513,[Civ[r]]
Newberry27495.010v.tif,1826,2460,[Civ[v]]
Newberry27495.011r.tif,1793,2513,Ai[r]
Newberry27495.011v.tif,1826,2460,[Ai[v]]
Newberry27495.012r.tif,1793,2513,Aii[r]
Newberry27495.012v.tif,1826,2460,[Aii[v]]
Newberry27495.013r.tif,1793,2513,Aiii[r]
Newberry27495.013v.tif,1826,2460,[Aiii[v]]
Newberry27495.014r.tif,1793,2513,Aiiii[r]
Newberry27495.014v.tif,1826,2460,[Aiiii[v]]
Newberry27495.015r.tif,1793,2513,Bi[r]
Newberry27495.015v.tif,1855,2444,[Bi[v]]
Newberry27495.016r.tif,1834,2492,Bii[r]
Newberry27495.016v.tif,1855,2444,[Bii[v]]
Newberry27495.017r.tif,1834,2492,Biii[r]
Newberry27495.017v.tif,1855,2444,[Biii[v]]
Newberry27495.018r.tif,1834,2492,Biiii[r]
Newberry27495.018v.tif,1855,2444,[Biiii[v]]
Newberry27495.019r.tif,1834,2492,Ci[r]
Newberry27495.019v.tif,1855,2444,[Ci[v]]
Newberry27495.020r.tif,1834,2492,Cii[r]
Newberry27495.020v.tif,1868,2437,[Cii[v]]
Newberry27495.021r.tif,1806,2478,Ciii[r]
Newberry27495.021v.tif,1868,2437,[Ciii[v]]
Newberry27495.022r.tif,1806,2478,Ciiii[r]
Newberry27495.022v.tif,1868,2437,[Ciiii[v]]
Newberry27495.023r.tif,1806,2478,Di[r]
Newberry27495.023v.tif,1868,2437,[Di[v]]
Newberry27495.024r.tif,1806,2478,Dii[r]
Newberry27495.024v.tif,1868,2437,[Dii[v]]
Newberry27495.025r.tif,1806,2478,Diii[r]
Newberry27495.025v.tif,1868,2437,[Diii[v]]
Newberry27495.026r.tif,1806,2478,Diiii[r]
Newberry27495.026v.tif,1868,2437,[Diiii[v]]
Newberry27495.027r.tif,1806,2478,Ei[r]
Newberry27495.027v.tif,1868,2437,[Ei[v]]
Newberry27495.028r.tif,1806,2478,Eii[r]
Newberry27495.028v.tif,1868,2437,[Eii[v]]
Newberry27495.029r.tif,1806,2478,Eiii[r]
Newberry27495.029v.tif,1868,2437,[Eiii[v]]
Newberry27495.030r.tif,1806,2478,Eiiii[r]
Newberry27495.030v.tif,1868,2437,[Eiiii[v]]
Newberry27495.031r.tif,1806,2478,Fi[r]
Newberry27495.031v.tif,1868,2437,[Fi[v]]
Newberry27495.032r.tif,1806,2478,Fii[r]
Newberry27495.032v.tif,1868,2437,[Fii[v]]
Newberry27495.033r.tif,1806,2478,Fiii[r]
Newberry27495.033v.tif,1868,2437,[Fiii[v]]
Newberry27495.034r.tif,1806,2478,Fiiii[r]
Newberry27495.034v.tif,1868,2437,[Fiiii[v]]
Newberry27495.035r.tif,1806,2478,Gi[r]
Newberry27495.035v.tif,1868,2437,[Gi[v]]
Newberry27495.036r.tif,1806,2478,Gii[r]
Newberry27495.036v.tif,1868,2437,[Gii[v]]
Newberry27495.037r.tif,1806,2478,Giii[r]
Newberry27495.037v.tif,1868,2437,[Giii[v]]
Newberry27495.038r.tif,1806,2478,Giiii[r]
Newberry27495.038v.tif,1868,2437,[Giiii[v]]
Newberry27495.039r.tif,1806,2478,Hi[r]
Newberry27495.039v.tif,1868,2437,[Hi[v]]
Newberry27495.040r.tif,1806,2478,Hii[r]
Newberry27495.040v.tif,1875,2444,[Hii[v]]
Newberry27495.041r.tif,1834,2485,Hiii[r]
Newberry27495.041v.tif,1875,2444,[Hiii[v]]
Newberry27495.042r.tif,1834,2485,Hiiii[r]
Newberry27495.042v.tif,1875,2444,[Hiiii[v]]
Newberry27495.043r.tif,1834,2485,Ii[r]
Newberry27495.043v.tif,1875,2444,[Ii[v]]
Newberry27495.044r.tif,1834,2485,Iii[r]
Newberry27495.044v.tif,1875,2444,[Iii[v]]
Newberry27495.045r.tif,1834,2485,Iiii[r]
Newberry27495.045v.tif,1868,2437,[Iiii[v]]
Newberry27495.046r.tif,1814,2499,Iiiii[r]
Newberry27495.046v.tif,1868,2437,[Iiiii[v]]
Newberry27495.047r.tif,1814,2499,Ki[r]
Newberry27495.047v.tif,1868,2437,[Ki[v]]
Newberry27495.048r.tif,1814,2499,Kii[r]
Newberry27495.048v.tif,1868,2437,[K.ii.[v]]
Newberry27495.049r.tif,1814,2499,K.iii.[r]
Newberry27495.049v.tif,1868,2437,[K.iii.[v]]
Newberry27495.050r.tif,1814,2499,K.iiii.[r]
Newberry27495.050v.tif,1868,2437,[K.iiii.[v]]
Newberry27495.051r.tif,1814,2499,L.i.[r]
Newberry27495.051v.tif,1868,2437,[L.i.[v]]
Newberry27495.052r.tif,1814,2499,L.ii.[r]
Newberry27495.052v.tif,1868,2437,[L.ii.[v]]
Newberry27495.053r.tif,1814,2499,L.iii.[r]
Newberry27495.053v.tif,1868,2437,[L.iii.[v]]
Newberry27495.054r.tif,1814,2499,L.iiii.[r]
Newberry27495.054v.tif,1868,2437,[L.iiii.[v]]
Newberry27495.055r.tif,1814,2499,M.i.[r]
Newberry27495.055v.tif,1868,2437,[M.i.[v]]
Newberry27495.056r.tif,1814,2499,M.ii.[r]
Newberry27495.056v.tif,1868,2437,[M.ii.[v]]
Newberry27495.057r.tif,1814,2499,M.iii.[r]
Newberry27495.057v.tif,1868,2437,[M.iii.[v]]
Newberry27495.058r.tif,1814,2499,M.iiii.[r]
Newberry27495.058v.tif,1868,2437,[M.iiii.[v]]
Newberry27495.059r.tif,1814,2499,N.i.[r]
Newberry27495.059v.tif,1868,2437,[N.i.[v]]
Newberry27495.060r.tif,1814,2499,N.ii.[r]
Newberry27495.060v.tif,1868,2437,[N.ii.[v]]
Newberry27495.061r.tif,1814,2499,N.iii.[r]
Newberry27495.061v.tif,1868,2437,[N.iii.[v]]
Newberry27495.062r.tif,1814,2499,N.iiii.[r]
Newberry27495.062v.tif,1868,2437,[N.iiii.[v]]
Newberry27495.063r.tif,1814,2499,O.i.[r]
Newberry27495.063v.tif,1868,2437,[O.i.[v]]
Newberry27495.064r.tif,1814,2499,O.ii.[r]
Newberry27495.064v.tif,1868,2437,[O.ii.[v]]
Newberry27495.065r.tif,1814,2499,O.iii.[r]
Newberry27495.065v.tif,1910,2458,[O.iii.[v]]
Newberry27495.066r.tif,1821,2506,O.iiii.[r]
Newberry27495.066v.tif,1910,2458,[O.iiii.[v]]
Newberry27495.067r.tif,1821,2506,P.i.[r]
Newberry27495.067v.tif,1910,2458,[P.i.[v]]
Newberry27495.068r.tif,1821,2506,P.ii.[r]
Newberry27495.068v.tif,1910,2458,[P.ii.[v]]
Newberry27495.069r.tif,1821,2506,P.iii.[r]
Newberry27495.069v.tif,1910,2458,[P.iii.[v]]
Newberry27495.070r.tif,1821,2506,P.iiii.[r]
Newberry27495.070v.tif,1882,2437,[P.iii.[v]]
Newberry27495.071r.tif,1889,2492,Q.i.[r]
Newberry27495.071v.tif,1882,2437,[Q.i.[v]]
Newberry27495.072r.tif,1889,2492,Q.ii.[r]
Newberry27495.072v.tif,1882,2437,[Q.ii.[v]]
Newberry27495.073r.tif,1889,2492,Q.iii.[r]
Newberry27495.073v.tif,1882,2437,[Q.iii.[v]]
Newberry27495.074r.tif,1889,2492,Q.iiii.[r]
Newberry27495.074v.tif,1882,2437,[Q.iiii.[v]]
Newberry27495.075r.tif,1889,2492,R.i.[r]
Newberry27495.075v.tif,1882,2437,[R.i.[v]]
Newberry27495.076r.tif,1889,2492,R.ii.[r]
Newberry27495.076v.tif,1882,2437,[R.ii.[v]]
Newberry27495.077r.tif,1889,2492,R.iii.[r]
Newberry27495.077v.tif,1882,2437,[R.iii.[v]]
Newberry27495.078r.tif,1889,2492,R.iiii.[r]
Newberry27495.078v.tif,1882,2437,[R.iiii.[v]]
Newberry27495.079r.tif,1889,2492,S.i.[r]
Newberry27495.079v.tif,1882,2437,[S.i.[v]]
Newberry27495.080r.tif,1889,2492,S.ii.[r]
Newberry27495.080v.tif,1882,2437,[S.ii.[v]]
Newberry27495.081r.tif,1889,2492,S.iii.[r]
Newberry27495.081v.tif,1882,2437,[S.iii.[v]]
Newberry27495.082r.tif,1889,2492,S.iiii.[r]
Newberry27495.082v.tif,1882,2437,[S.iiii.[v]]
Newberry27495.083r.tif,1889,2492,T.i.[r]
Newberry27495.083v.tif,1882,2437,[T.i.[v]]
Newberry27495.084r.tif,1889,2492,T.ii.[r]
Newberry27495.084v.tif,1882,2437,[T.ii.[v]]
Newberry27495.085r.tif,1889,2492,T.iii.[r]
Newberry27495.085v.tif,1882,2437,[T.iii.[v]]
Newberry27495.086r.tif,1889,2492,T.iiii.[r]
Newberry27495.086v.tif,1882,2437,[T.iiii.[v]]
Newberry27495.087r.tif,1889,2492,V.i.[r]
Newberry27495.087v.tif,1882,2437,[V.i.[v]]
Newberry27495.088r.tif,1889,2492,V.ii.[r]
Newberry27495.088v.tif,1882,2437,[V.ii.[v]]
Newberry27495.089r.tif,1889,2492,V.iii.[r]
Newberry27495.089v.tif,1882,2437,[V.iii.[v]]
Newberry27495.090r.tif,1889,2492,V.iiii.[r]
Newberry27495.090v.tif,1903,2437,[V.iiii.[v]]
Newberry27495.091r.tif,1862,2492,[X.i.[v]]
Newberry27495.091v.tif,1903,2437,[X.i.[v]]
Newberry27495.092r.tif,1862,2492,X.ii.[r]
Newberry27495.092v.tif,1903,2437,[X.ii.[v]]
Newberry27495.093r.tif,1862,2492,X.iii.[r]
Newberry27495.093v.tif,1903,2437,[X.iii.[v]]
Newberry27495.094r.tif,1862,2492,X.iiii.[r]
Newberry27495.094v.tif,1903,2437,[X.iiii.[v]]
Newberry27495.095r.tif,1862,2492,Y.i.[r]
Newberry27495.095v.tif,1909,2430,[Y.i.[v]]
Newberry27495.096r.tif,1882,2478,Y.ii.[r]
Newberry27495.096v.tif,1909,2430,[Y.ii.[v]]
Newberry27495.097r.tif,1882,2478,Y.iii.[r]
Newberry27495.097v.tif,1909,2430,[Y.iii.[v]]
Newberry27495.098r.tif,1882,2478,Y.iiii.[r]
Newberry27495.098v.tif,1909,2430,[Y.iiii.[v]]
Newberry27495.099r.tif,1882,2478,Z.i.[r]
Newberry27495.099v.tif,1909,2430,[Z.i.[v]]
Newberry27495.100r.tif,1882,2478,Z.ii.[r]
Newberry27495.100v.tif,1909,2430,[Z.ii.[v]]
Newberry27495.101r.tif,1882,2478,Z.iii.[r]
Newberry27495.101v.tif,1909,2430,[Z.iii.[v]]
Newberry27495.102r.tif,1882,2478,Z.iiii.[r]
Newberry27495.102v.tif,1909,2430,[Z.iiii.[v]]
Newberry27495.103r.tif,1882,2478,Aa.i.[r]
Newberry27495.103v.tif,1909,2430,[Aa.i.[v]]
Newberry27495.104r.tif,1882,2478,Aa.ii.[r]
Newberry27495.104v.tif,1909,2430,[Aa.ii.[v]]
Newberry27495.105r.tif,1882,2478,Aa.iii.[r]
Newberry27495.105v.tif,1909,2430,[Aa.iii.[v]]
Newberry27495.106r.tif,1882,2478,Aa.iiii.[r]
Newberry27495.106v.tif,1909,2430,Bb.i.[r]
Newberry27495.107r.tif,1882,2478,[Bb.i.[v]]
Newberry27495.107v.tif,1909,2430,Bb.ii.[r]
Newberry27495.108r.tif,1882,2478,Bb.ii.[r]
Newberry27495.108v.tif,1909,2430,[Bb.ii.[v]]
Newberry27495.109r.tif,1882,2478,Bb.iii.[r]
Newberry27495.109v.tif,1909,2430,[Bb.iii.[v]]
Newberry27495.110r.tif,1882,2478,Bb.iiii.[r]
Newberry27495.110v.tif,1909,2430,[Bb.iiii.[v]]
Newberry27495.111r.tif,1882,2478,Cc.i.[r]
Newberry27495.111v.tif,1909,2430,[Cc.i.[v]]
Newberry27495.112r.tif,1882,2478,Cc.ii.[r]
Newberry27495.112v.tif,1909,2430,[Cc.ii.[v]]
Newberry27495.113r.tif,1882,2478,Cc.iii.[r]
Newberry27495.113v.tif,1909,2430,[Cc.iii.[v]]
Newberry27495.114r.tif,1882,2478,Cc.iiii.[r]
Newberry27495.114v.tif,1909,2430,[Cc.iiii.[v]]
Newberry27495.115r.tif,1882,2478,Dd.i.[r]
Newberry27495.115v.tif,1910,2417,[Dd.i.[v]]
Newberry27495.116r.tif,1841,2478,Dd.ii.[r]
Newberry27495.116v.tif,1910,2417,[Dd.ii.[v]]
Newberry27495.117r.tif,1841,2478,Dd.iii.[r]
Newberry27495.117v.tif,1910,2417,[Dd.iii.[v]]
Newberry27495.118r.tif,1841,2478,Dd.iiii.[r]
Newberry27495.118v.tif,1910,2417,[Dd.iiii.[v]]
Newberry27495.119r.tif,1841,2478,Ee.i.[r]
Newberry27495.119v.tif,1910,2417,[Ee.i.[v]]
Newberry27495.120r.tif,1841,2478,Ee.ii.[r]
Newberry27495.120v.tif,1910,2417,[Ee.ii.[v]]
Newberry27495.121r.tif,1841,2478,Ee.iii.[r]
Newberry27495.121v.tif,1910,2417,[Ee.iii.[v]]
Newberry27495.122r.tif,1841,2478,Ee.iiii.[r]
Newberry27495.122v.tif,1916,2437,[Ee.iiii.[v]]
Newberry27495.123r.tif,1861,2478,Ff.i.[r]
Newberry27495.123v.tif,1916,2437,[Ff.i.[v]]
Newberry27495.124r.tif,1861,2478,Ff.ii.[r]
Newberry27495.124v.tif,1916,2437,[Ff.ii.[v]]
Newberry27495.125r.tif,1861,2478,Ff.iii.[r]
Newberry27495.125v.tif,1916,2437,[Ff.iii.[v]]
Newberry27495.126r.tif,1861,2478,Ff.iiii.[r]
Newberry27495.126v.tif,1916,2437,[Ff.iiii.[v]]
Newberry27495.127r.tif,1861,2478,Gg.i.[r]
Newberry27495.127v.tif,1916,2437,[Gg.i.[v]]
Newberry27495.128r.tif,1861,2478,Gg.ii.[r]
Newberry27495.128v.tif,1916,2437,[Gg.ii.[v]]
Newberry27495.129r.tif,1861,2478,Gg.iii.[r]
Newberry27495.129v.tif,1916,2437,[Gg.iii.[v]]
Newberry27495.130r.tif,1861,2478,Gg.iiii.[r]
Newberry27495.130v.tif,1916,2437,[Gg.iiii.[v]]
Newberry27495.131r.tif,1861,2478,Hh.i.[r]
Newberry27495.131v.tif,1916,2437,[Hh.i.[v]]
Newberry27495.132r.tif,1861,2478,Hh.ii.[r]
Newberry27495.132v.tif,1916,2437,[Hh.ii.[v]]
Newberry27495.133r.tif,1861,2478,Hh.iii.[r]
Newberry27495.133v.tif,1916,2437,[Hh.iii.[v]]
Newberry27495.134r.tif,1861,2478,Hh.iiii.[r]
Newberry27495.134v.tif,1916,2437,[Hh.iiii.[v]]
Newberry27495.135r.tif,1861,2478,Ii.i.[r]
Newberry27495.135v.tif,1916,2430,[Ii.i.[v]]
Newberry27495.136r.tif,1861,2478,Ii.ii.[r]
Newberry27495.136v.tif,1916,2437,[Ii.ii.[v]]
Newberry27495.137r.tif,1861,2478,Ii.iii.[r]
Newberry27495.137v.tif,1916,2437,[Ii.iii.[v]]
Newberry27495.138r.tif,1861,2478,Ii.iiii.[r]
Newberry27495.138v.tif,1916,2437,[Ii.iiii.[v]]
Newberry27495.139r.tif,1861,2478,Kk.i.[r]
Newberry27495.139v.tif,1916,2437,[Kk.i.[v]]
Newberry27495.140r.tif,1861,2478,Kk.ii.[r]
Newberry27495.140v.tif,1916,2437,[Kk.ii.[v]]
Newberry27495.141r.tif,1861,2478,Kk.iii.[r]
Newberry27495.141v.tif,1916,2437,[Kk.iii.[v]]
Newberry27495.142r.tif,1861,2478,Kk.iiii.[r]
Newberry27495.142v.tif,1910,2424,[Kk.iiii.[v]]
Newberry27495.143r.tif,1841,2499,Ll.i.[r]
Newberry27495.143v.tif,1910,2424,[Ll.i.[v]]
Newberry27495.144r.tif,1841,2499,Ll.ii.[r]
Newberry27495.144v.tif,1910,2424,[Ll.ii.[v]]
Newberry27495.145r.tif,1841,2499,Ll.iii.[r]
Newberry27495.145v.tif,1910,2424,[Ll.iii.[v]]
Newberry27495.146r.tif,1841,2499,Ll.iiii.[r]
Newberry27495.146v.tif,1910,2424,[Ll.iiii.[v]]
Newberry27495.147r.tif,1841,2499,Mm.i.[r]
Newberry27495.147v.tif,1890,2424,[Mm.i.[v]]
Newberry27495.148r.tif,1868,2485,Mm.ii.[r]
Newberry27495.148v.tif,1890,2424,[Mm.ii.[v]]
Newberry27495.149r.tif,1868,2485,Mm.iii.[r]
Newberry27495.149v.tif,1890,2424,[Mm.iii.[v]]
Newberry27495.150r.tif,1868,2485,Mm.iiii.[r]
Newberry27495.150v.tif,1890,2424,[Mm.iiii.[v]]
Newberry27495.151r.tif,1868,2485,Nn.i.[r]
Newberry27495.151v.tif,1890,2424,[Nn.i.[v]]
Newberry27495.152r.tif,1868,2485,Nn.ii.[r]
Newberry27495.152v.tif,1890,2424,[Nn.ii.[v]]
Newberry27495.153r.tif,1868,2485,Nn.iii.[r]
Newberry27495.153v.tif,1890,2424,[Nn.iii.[v]]
Newberry27495.154r.tif,1868,2485,Nn.iiii.[r]
Newberry27495.154v.tif,1890,2424,[Nn.iiii.[v]]
Newberry27495.155r.tif,1868,2485,Oo.i.[r]
Newberry27495.155v.tif,1890,2424,[Oo.i.[v]]
Newberry27495.156r.tif,1868,2485,Oo.ii.[r]
Newberry27495.156v.tif,1890,2424,[Oo.ii.[v]]
Newberry27495.157r.tif,1868,2485,Oo.iii.[r]
Newberry27495.157v.tif,1890,2424,Oo.iii.[v]
Newberry27495.158r.tif,1868,2485,Oo.iiii.[r]
Newberry27495.158v.tif,1890,2424,[Oo.iiii.[v]]
Newberry27495.159r.tif,1868,2485,Pp.i.[r]
Newberry27495.159v.tif,1890,2424,[Pp.i.[v]]
Newberry27495.160r.tif,1868,2485,Pp.ii.[r]
Newberry27495.160v.tif,1890,2424,Pp.ii.[r]
Newberry27495.161r.tif,1868,2485,Pp.iii.[r]
Newberry27495.161v.tif,1890,2424,[Pp.iii.[v]]
Newberry27495.162r.tif,1868,2485,Pp.iiii.[r]
Newberry27495.162v.tif,1890,2424,[Pp.iiii.[v]]
Newberry27495.163r.tif,1868,2485,Qq.i.[r]
Newberry27495.163v.tif,1890,2424,[Qq.i.[v]]
Newberry27495.164r.tif,1868,2485,Qq.ii.[r]
Newberry27495.164v.tif,1890,2424,[Qq.ii.[v]]
Newberry27495.165r.tif,1868,2485,Qq.iii.[r]
Newberry27495.165v.tif,1890,2424,[Qq.iii.[v]]
Newberry27495.166r.tif,1868,2485,Qq.iiii.[r]
Newberry27495.166v.tif,1890,2424,[Qq.iiii.[v]]
Newberry27495.167r.tif,1868,2485,Rr.i.[r]
Newberry27495.167v.tif,1868,2437,[Rr.i.[v]]
Newberry27495.168r.tif,1848,2499,[Rr.i.[v]]
Newberry27495.168v.tif,1868,2437,[Rr.ii.[v]]
Newberry27495.169r.tif,1848,2499,Rr.iii.[r]
Newberry27495.169v.tif,1868,2437,[Rr.iii.[v]]
Newberry27495.170r.tif,1848,2499,Rr.iiii.[r]
Newberry27495.170v.tif,1868,2437,[Rr.iiii.[v]]
Newberry27495.171r.tif,1848,2499,Ss.i.[r]
Newberry27495.171v.tif,1868,2437,[Ss.i.[v]]
Newberry27495.172r.tif,1848,2499,Ss.ii.[r]
Newberry27495.172v.tif,1868,2437,[Ss.ii.[v]]
Newberry27495.173r.tif,1848,2499,Ss.iii.[r]
Newberry27495.173v.tif,1841,2424,[Ss.iii.[v]]
Newberry27495.174r.tif,1889,2506,Ss.iiii.[r]
Newberry27495.174v.tif,1841,2424,[Ss.iiii.[v]]
Newberry27495.175r.tif,1889,2506,Tt.i.[r]
Newberry27495.175v.tif,1841,2424,[Tt.i.[v]]
Newberry27495.176r.tif,1889,2506,Tt.ii.[r]
Newberry27495.176v.tif,1841,2424,[Tt.ii.[v]]
Newberry27495.177r.tif,1889,2506,Tt.iii.[r]
Newberry27495.177v.tif,1841,2424,[Tt.iii.[v]]
Newberry27495.178r.tif,1889,2506,Tt.iiii.[r]
Newberry27495.178v.tif,1841,2424,[Tt.iiii.[v]]
Newberry27495.179r.tif,1889,2506,Vv.i.[r]
Newberry27495.179v.tif,1841,2424,[Vv.i.[v]]
Newberry27495.180r.tif,1889,2506,Vv.ii.[r]
Newberry27495.180v.tif,1841,2424,[Vv.ii.[v]]
Newberry27495.181r.tif,1889,2506,V.iii.[r]
Newberry27495.181v.tif,1841,2424,[V.iii.[v]]
Newberry27495.182r.tif,1889,2506,Vv.iiii.[r]
Newberry27495.182v.tif,1841,2424,[Vv.iiii.[v]]
Newberry27495.183r.tif,1889,2506,Xx.i.[r]
Newberry27495.183v.tif,1841,2424,[Xx.i.[v]]
Newberry27495.184r.tif,1889,2506,Xx.ii.[r]
Newberry27495.184v.tif,1841,2424,[Xx.ii.[v]]
Newberry27495.185r.tif,1889,2506,Xx.iii.[r]
Newberry27495.185v.tif,1841,2424,[Xx.iii.[v]]
Newberry27495.186r.tif,1889,2506,[Xx.iiii.r] 
Newberry27495.186v.tif,1841,2424,[Xx.iiii.[v]] 
Newberry27495.187r.tif,1889,2506,Yy.i.[r]
Newberry27495.187v.tif,1841,2424,[Yy.i.[v]]
Newberry27495.188r.tif,1889,2506,[Yy.ii.[r]]
Newberry27495.188v.tif,1841,2410,[Yy.ii.[v]]
Newberry27495.189r.tif,1889,2506,Yy.iii.[r]
Newberry27495.189v.tif,1848,2424,[Yy.iii.[v]]
Newberry27495.190r.tif,1889,2506,Yy.iiii.[r]
Newberry27495.190v.tif,1841,2424,[Yy.iiii.[v]]
Newberry27495.191r.tif,1889,2506,Zz.i.[r]
Newberry27495.191v.tif,1841,2424,[Zz.i.[v]]
Newberry27495.192r.tif,1889,2506,Zz.ii.[r]
Newberry27495.192v.tif,1841,2424,[Zz.ii.[v]]
Newberry27495.193r.tif,1889,2506,Zz.iii.[r]
Newberry27495.193v.tif,1855,2451,[Zz.iii.[v]]
Newberry27495.194r.tif,1855,2533,Zz.iiii.[r]
Newberry27495.194v.tif,1855,2451,[Zz.iiii.[v]]
Newberry27495.endmatter.flyleaf.001r.tif,1855,2533,[Zz.v.[r]]
Newberry27495.endmatter.flyleaf.001v.tif,1855,2451,[Zz.v.[v]]
Newberry27495.endmatter.flyleaf.002r.tif,1855,2533,end matter 1r
Newberry27495.endmatter.flyleaf.002v.tif,1855,2451,end matter 1v
Newberry27495.endmatter.flyleaf.003r.tif,1855,2533,end matter 2r
Newberry27495.endmatter.flyleaf.003v.tif,1855,2451,end matter 2v
Newberry27495.endmatter.flyleaf.004r.tif,1855,2533,end matter 3r
Newberry27495.endmatter.flyleaf.004v.tif,1855,2451,end matter 3v
Newberry27495.endmatter.pastedown.tif,1855,2533,end matter pastedown
Newberry27495.binding.backcover.tif,1848,2492,binding back cover
Newberry27495.misc.black.tif,1826,2460,misc
