UclCastiglione1541.binding.frontcover.tif,3760,4850,binding front cover
UclCastiglione1541.frontmatter.pastedown.tif,3184,4850,front matter pastedown
UclCastiglione1541.frontmatter.flyleaf.001r.tif,3240,4850,front matter 1r
UclCastiglione1541.frontmatter.flyleaf.001v.tif,3277,4850,front matter 1v
UclCastiglione1541.frontmatter.flyleaf.002r.tif,3175,4850,title page
UclCastiglione1541.frontmatter.flyleaf.002v.tif,3316,4850,title page verso
UclCastiglione1541.001r.tif,3151,4850,** 2
UclCastiglione1541.001v.tif,3184,4850,[** 2[v]]
UclCastiglione1541.002r.tif,3151,4850,** 3
UclCastiglione1541.002v.tif,3184,4850,[** 3[v]]
UclCastiglione1541.003r.tif,3158,4850,** 4
UclCastiglione1541.003v.tif,3184,4850,[** 4[v]]
UclCastiglione1541.004r.tif,3261,4850,[** 5]
UclCastiglione1541.004v.tif,3284,4850,[** 5[v]]
UclCastiglione1541.005r.tif,3253,4850,[** 6]
UclCastiglione1541.005v.tif,3284,4850,[** 6[v]]
UclCastiglione1541.006r.tif,3224,4850,[** 7]
UclCastiglione1541.006v.tif,3284,4850,[** 7[v]]
UclCastiglione1541.007r.tif,3253,4850,[** 8]
UclCastiglione1541.007v.tif,3284,4850,[** 8[v]]
UclCastiglione1541.008r.tif,3253,4850,title page [2]
UclCastiglione1541.008v.tif,3284,4850,title page verso [2]
UclCastiglione1541.009r.tif,3253,4850,Aii[r]
UclCastiglione1541.009v.tif,3284,4850,[Aiiv]]
UclCastiglione1541.010r.tif,3192,4850,Aiii[r]
UclCastiglione1541.010v.tif,3284,4850,[Aiii[v]]
UclCastiglione1541.011r.tif,3192,4850,Aiiii[r]
UclCastiglione1541.011v.tif,3284,4850,[Aiiii[v]]
UclCastiglione1541.012r.tif,3192,4850,[Aiv[r]]
UclCastiglione1541.012v.tif,3284,4850,[Aiv[v]]
UclCastiglione1541.013r.tif,3192,4850,I[r]
UclCastiglione1541.013v.tif,3284,4850,[Iv]
UclCastiglione1541.014r.tif,3192,4850,II[r]
UclCastiglione1541.014v.tif,3372,4850,[IIv]
UclCastiglione1541.015r.tif,3222,4850,III[r]
UclCastiglione1541.015v.tif,3330,4850,[IIIv]
UclCastiglione1541.016r.tif,3190,4850,IIII[r]
UclCastiglione1541.016v.tif,3372,4850,[IIIIv]
UclCastiglione1541.017r.tif,3202,4850,V[r]
UclCastiglione1541.017v.tif,3372,4850,[Vv]
UclCastiglione1541.018r.tif,3202,4850,VI[r]
UclCastiglione1541.018v.tif,3346,4850,[VIv]
UclCastiglione1541.019r.tif,3202,4850,VII[r]
UclCastiglione1541.019v.tif,3306,4850,[VIIv]
UclCastiglione1541.020r.tif,3202,4850,VIII[r]
UclCastiglione1541.020v.tif,3252,4850,[VIIIv]
UclCastiglione1541.021r.tif,3294,4850,IX[r]
UclCastiglione1541.021v.tif,3290,4850,IX[v]
UclCastiglione1541.022r.tif,3294,4850,X[r]
UclCastiglione1541.022v.tif,3273,4850,[Xv]
UclCastiglione1541.023r.tif,3294,4850,XI[r]
UclCastiglione1541.023v.tif,3302,4850,[XIv]
UclCastiglione1541.024r.tif,3272,4850,XII[r]
UclCastiglione1541.024v.tif,3302,4850,[XIIv]
UclCastiglione1541.025r.tif,3294,4850,XIII[r]
UclCastiglione1541.025v.tif,3302,4850,[XIIIv]
UclCastiglione1541.026r.tif,3294,4850,XIIII[r]
UclCastiglione1541.026v.tif,3302,4850,[XIIIIv]
UclCastiglione1541.027r.tif,3294,4850,XV[r]
UclCastiglione1541.027v.tif,3302,4850,[XVv]
UclCastiglione1541.028r.tif,3322,4850,XVI[r]
UclCastiglione1541.028v.tif,3302,4850,[XVIv]
UclCastiglione1541.029r.tif,3322,4850,XVII[r]
UclCastiglione1541.029v.tif,3302,4850,[XVIIv]
UclCastiglione1541.030r.tif,3341,4850,XVIII[r]
UclCastiglione1541.030v.tif,3322,4850,[XVIIIv]
UclCastiglione1541.031r.tif,3357,4850,XIX[r]
UclCastiglione1541.031v.tif,3320,4850,[XIXv]
UclCastiglione1541.032r.tif,3263,4850,XX[r]
UclCastiglione1541.032v.tif,3320,4850,[XXv]
UclCastiglione1541.033r.tif,3357,4850,XXI[r]
UclCastiglione1541.033v.tif,3320,4850,[XXIv]
UclCastiglione1541.034r.tif,3357,4850,XXII[r]
UclCastiglione1541.034v.tif,3320,4850,[XXIIv]
UclCastiglione1541.035r.tif,3357,4850,XXIII[r]
UclCastiglione1541.035v.tif,3320,4850,[XXIIIv]
UclCastiglione1541.036r.tif,3357,4850,XXIIII[r]
UclCastiglione1541.036v.tif,3326,4850,[XXIIIIv]
UclCastiglione1541.037r.tif,3357,4850,XXV[r]
UclCastiglione1541.037v.tif,3320,4850,[XXVv]
UclCastiglione1541.038r.tif,3357,4850,XXVI[r]
UclCastiglione1541.038v.tif,3320,4850,[XXVIv]
UclCastiglione1541.039r.tif,3357,4850,XXVII[r]
UclCastiglione1541.039v.tif,3320,4850,[XXVIIv]
UclCastiglione1541.040r.tif,3306,4850,XXVIII[r]
UclCastiglione1541.040v.tif,3320,4850,[XXVIIIv]
UclCastiglione1541.041r.tif,3357,4850,XXIX[r]
UclCastiglione1541.041v.tif,3320,4850,[XXIXv]
UclCastiglione1541.042r.tif,3357,4850,XXX[r]
UclCastiglione1541.042v.tif,3320,4850,[XXXv]
UclCastiglione1541.043r.tif,3357,4850,XXXI[r]
UclCastiglione1541.043v.tif,3320,4850,[XXXIv]
UclCastiglione1541.044r.tif,3357,4850,XXXII[r]
UclCastiglione1541.044v.tif,3320,4850,[XXXIIv]
UclCastiglione1541.045r.tif,3357,4850,XXXIII[r]
UclCastiglione1541.045v.tif,3320,4850,[XXXIIIv]
UclCastiglione1541.046r.tif,3357,4850,XXXIIII[r]
UclCastiglione1541.046v.tif,3320,4850,[XXXIIIIv]
UclCastiglione1541.047r.tif,3357,4850,XXXV[r]
UclCastiglione1541.047v.tif,3333,4850,[XXXVv]
UclCastiglione1541.048r.tif,3330,4850,XXXVI[r]
UclCastiglione1541.048v.tif,3333,4850,[XXXVIv]
UclCastiglione1541.049r.tif,3330,4850,XXVII[r]
UclCastiglione1541.049v.tif,3333,4850,[XXXVIIv]
UclCastiglione1541.050r.tif,3330,4850,XXXVIII[r]
UclCastiglione1541.050v.tif,3333,4850,[XXXVIII[v]
UclCastiglione1541.051r.tif,3330,4850,XXXIX[r]
UclCastiglione1541.051v.tif,3333,4850,[XXXIXv]
UclCastiglione1541.052r.tif,3330,4850,XL[r]
UclCastiglione1541.052v.tif,3366,4850,[XLv]
UclCastiglione1541.053r.tif,3330,4850,XLI[r]
UclCastiglione1541.053v.tif,3333,4850,[XLIv]
UclCastiglione1541.054r.tif,3330,4850,XLII[r]
UclCastiglione1541.054v.tif,3333,4850,[XLIIv]
UclCastiglione1541.055r.tif,3330,4850,XLIII[r]
UclCastiglione1541.055v.tif,3333,4850,[XLIIIv]
UclCastiglione1541.056r.tif,3330,4850,XLIIII[r]
UclCastiglione1541.056v.tif,3333,4850,XLIIII[v]
UclCastiglione1541.057r.tif,3330,4850,XLV[r]
UclCastiglione1541.057v.tif,3333,4850,[XLVv]
UclCastiglione1541.058r.tif,3330,4850,XLVI[r]
UclCastiglione1541.058v.tif,3333,4850,XLVI[v]
UclCastiglione1541.059r.tif,3330,4850,XLVII[r]
UclCastiglione1541.059v.tif,3333,4850,[XLVIIv]
UclCastiglione1541.060r.tif,3330,4850,XLVIII[r]
UclCastiglione1541.060v.tif,3333,4850,[XLVIIIv]
UclCastiglione1541.061r.tif,3330,4850,XLIX[r]
UclCastiglione1541.061v.tif,3333,4850,[XLIXv]
UclCastiglione1541.062r.tif,3330,4850,L[r]
UclCastiglione1541.062v.tif,3333,4850,[Lv]
UclCastiglione1541.063r.tif,3330,4850,LI[r]
UclCastiglione1541.063v.tif,3333,4850,[LIv]
UclCastiglione1541.064r.tif,3330,4850,LII[r]
UclCastiglione1541.064v.tif,3333,4850,[Liiv]
UclCastiglione1541.065r.tif,3330,4850,LIII[r]
UclCastiglione1541.065v.tif,3333,4850,[LIIIv]
UclCastiglione1541.066r.tif,3330,4850,LIIII[r]
UclCastiglione1541.066v.tif,3333,4850,[LIIIIv]
UclCastiglione1541.067r.tif,3330,4850,LV[r]
UclCastiglione1541.067v.tif,3333,4850,[LVv]
UclCastiglione1541.068r.tif,3330,4850,LVI[r]
UclCastiglione1541.068v.tif,3333,4850,[LVIv]
UclCastiglione1541.069r.tif,3330,4850,LVII[r]
UclCastiglione1541.069v.tif,3333,4850,[LVIIv]
UclCastiglione1541.070r.tif,3330,4850,LVIII[r]
UclCastiglione1541.070v.tif,3333,4850,[LVIII[v]
UclCastiglione1541.071r.tif,3330,4850,LIX[r]
UclCastiglione1541.071v.tif,3333,4850,[LIXv]
UclCastiglione1541.072r.tif,3330,4850,LX[r]
UclCastiglione1541.072v.tif,3340,4850,[LXv]
UclCastiglione1541.073r.tif,3330,4850,LXI[r]
UclCastiglione1541.073v.tif,3340,4850,[LXIv]
UclCastiglione1541.074r.tif,3330,4850,LXII[r]
UclCastiglione1541.074v.tif,3340,4850,[LXIIv]
UclCastiglione1541.075r.tif,3330,4850,LXIII[r]
UclCastiglione1541.075v.tif,3340,4850,[LXIIIv]
UclCastiglione1541.076r.tif,3310,4850,LXIIII[r]
UclCastiglione1541.076v.tif,3340,4850,[LXIIIIv]
UclCastiglione1541.077r.tif,3310,4850,LXV[r]
UclCastiglione1541.077v.tif,3340,4850,[LXVv]
UclCastiglione1541.078r.tif,3310,4850,LXVI[r]
UclCastiglione1541.078v.tif,3340,4850,[LXVIv]
UclCastiglione1541.079r.tif,3310,4850,LXVII[r]
UclCastiglione1541.079v.tif,3340,4850,[LXVIIv]
UclCastiglione1541.080r.tif,3310,4850,LXVIII[r]
UclCastiglione1541.080v.tif,3340,4850,[LXVIIIv]
UclCastiglione1541.081r.tif,3310,4850,LXIX[r]
UclCastiglione1541.081v.tif,3340,4850,[LXIXv]
UclCastiglione1541.082r.tif,3310,4850,LXX[r]
UclCastiglione1541.082v.tif,3369,4850,[LXXv]
UclCastiglione1541.083r.tif,3310,4850,LXXI[r]
UclCastiglione1541.083v.tif,3369,4850,[LXXIv]
UclCastiglione1541.084r.tif,3310,4850,LXXII[r]
UclCastiglione1541.084v.tif,3369,4850,[LXXIIv]
UclCastiglione1541.085r.tif,3310,4850,LXXIII[r]
UclCastiglione1541.085v.tif,3369,4850,[LXXIIIv]
UclCastiglione1541.086r.tif,3310,4850,LXXIIII[r]
UclCastiglione1541.086v.tif,3408,4850,[XLXIIIIv]
UclCastiglione1541.087r.tif,3310,4850,LXXXV[r]
UclCastiglione1541.087v.tif,3408,4850,[LXXVv]
UclCastiglione1541.088r.tif,3310,4850,LXXVI[r]
UclCastiglione1541.088v.tif,3408,4850,[LXXVIv]
UclCastiglione1541.089r.tif,3310,4850,LXXVII[r]
UclCastiglione1541.089v.tif,3408,4850,[LXXVIIv]
UclCastiglione1541.090r.tif,3310,4850,LXXVIII[r]
UclCastiglione1541.090v.tif,3408,4850,[LXXVIIIv]
UclCastiglione1541.091r.tif,3310,4850,LXXIX[r]
UclCastiglione1541.091v.tif,3408,4850,[LXXIXv]
UclCastiglione1541.092r.tif,3310,4850,LXXX[r]
UclCastiglione1541.092v.tif,3408,4850,[LXXXv]
UclCastiglione1541.093r.tif,3310,4850,LXXXI[r]
UclCastiglione1541.093v.tif,3408,4850,[LXXXIv]
UclCastiglione1541.094r.tif,3310,4850,LXXXII[r]
UclCastiglione1541.094v.tif,3408,4850,[LXXXIIv]
UclCastiglione1541.095r.tif,3310,4850,LXXXIII[r]
UclCastiglione1541.095v.tif,3435,4850,[LXXXIIIv]
UclCastiglione1541.096r.tif,3310,4850,LXXXIIII[r]
UclCastiglione1541.096v.tif,3435,4850,[LXXXIIIIv]
UclCastiglione1541.097r.tif,3310,4850,LXXXV[r]
UclCastiglione1541.097v.tif,3435,4850,[LXXXVv]
UclCastiglione1541.098r.tif,3310,4850,LXXXVI[r]
UclCastiglione1541.098v.tif,3435,4850,[LXXXVIv]
UclCastiglione1541.099r.tif,3310,4850,LXXXVII[r]
UclCastiglione1541.099v.tif,3435,4850,[LXXXVIIv]
UclCastiglione1541.100r.tif,3310,4850,LXXXVIII[r]
UclCastiglione1541.100v.tif,3435,4850,[LXXXVIIIv]
UclCastiglione1541.101r.tif,3310,4850,LXXXIX[r]
UclCastiglione1541.101v.tif,3435,4850,[LXXXIXv]
UclCastiglione1541.102r.tif,3310,4850,XC[r]
UclCastiglione1541.102v.tif,3435,4850,[XCv]
UclCastiglione1541.103r.tif,3310,4850,XCI[r]
UclCastiglione1541.103v.tif,3464,4850,[XCIv]
UclCastiglione1541.104r.tif,3264,4850,XCII[r]
UclCastiglione1541.104v.tif,3464,4850,[XCIIv]
UclCastiglione1541.105r.tif,3264,4850,XCIII[r]
UclCastiglione1541.105v.tif,3464,4850,[XCIIIv]
UclCastiglione1541.106r.tif,3264,4850,XCIIII[r]
UclCastiglione1541.106v.tif,3464,4850,XCIIII[v]
UclCastiglione1541.107r.tif,3264,4850,XCV[r]
UclCastiglione1541.107v.tif,3464,4850,[XCVv]
UclCastiglione1541.108r.tif,3264,4850,XCVI[r]
UclCastiglione1541.108v.tif,3464,4850,XCVI[v]
UclCastiglione1541.109r.tif,3264,4850,XCVII[r]
UclCastiglione1541.109v.tif,3464,4850,[XCVIIv]
UclCastiglione1541.110r.tif,3264,4850,XCVIII[r]
UclCastiglione1541.110v.tif,3464,4850,[XCVIIIv]
UclCastiglione1541.111r.tif,3264,4850,XCIX[r]
UclCastiglione1541.111v.tif,3510,4850,[XCIXv]
UclCastiglione1541.112r.tif,3264,4850,C[r]
UclCastiglione1541.112v.tif,3376,4850,[Cv]
UclCastiglione1541.113r.tif,3304,4850,CI[r]
UclCastiglione1541.113v.tif,3422,4850,[CIv]
UclCastiglione1541.114r.tif,3315,4850,CII[r]
UclCastiglione1541.114v.tif,3466,4850,[Ciiv]
UclCastiglione1541.115r.tif,3315,4850,CIII[r]
UclCastiglione1541.115v.tif,3434,4850,[CIIIv]
UclCastiglione1541.116r.tif,3315,4850,CIIII[r]
UclCastiglione1541.116v.tif,3434,4850,[CIIIIv]
UclCastiglione1541.117r.tif,3315,4850,CV[r]
UclCastiglione1541.117v.tif,3434,4850,[CVv]
UclCastiglione1541.118r.tif,3315,4850,CVI[r]
UclCastiglione1541.118v.tif,3434,4850,[CVIv]
UclCastiglione1541.119r.tif,3315,4850,CVII[r]
UclCastiglione1541.119v.tif,3434,4850,[CVIIv]
UclCastiglione1541.120r.tif,3315,4850,CVIII[r]
UclCastiglione1541.120v.tif,3434,4850,[CVIII[v]
UclCastiglione1541.121r.tif,3315,4850,CIX[r]
UclCastiglione1541.121v.tif,3452,4850,[CIXv]
UclCastiglione1541.122r.tif,3315,4850,CX[r]
UclCastiglione1541.122v.tif,3452,4850,[CXv]
UclCastiglione1541.123r.tif,3315,4850,CXI[r]
UclCastiglione1541.123v.tif,3452,4850,[CXIv]
UclCastiglione1541.124r.tif,3315,4850,CXII[r]
UclCastiglione1541.124v.tif,3537,4850,[CXIIv]
UclCastiglione1541.125r.tif,3315,4850,CXIII[r]
UclCastiglione1541.125v.tif,3452,4850,[CXIIIv]
UclCastiglione1541.126r.tif,3315,4850,CXIIII[r]
UclCastiglione1541.126v.tif,3452,4850,[CXIIIIv]
UclCastiglione1541.127r.tif,3315,4850,CXV[r]
UclCastiglione1541.127v.tif,3452,4850,[CXVv]
UclCastiglione1541.128r.tif,3315,4850,CXVI[r]
UclCastiglione1541.128v.tif,3452,4850,[CXVIv]
UclCastiglione1541.129r.tif,3315,4850,CXVII[r]
UclCastiglione1541.129v.tif,3478,4850,[CXVIIv]
UclCastiglione1541.130r.tif,3315,4850,CXVIII[r]
UclCastiglione1541.130v.tif,3478,4850,[CXVIIIv]
UclCastiglione1541.131r.tif,3315,4850,CXIX[r]
UclCastiglione1541.131v.tif,3478,4850,[CXIXv]
UclCastiglione1541.132r.tif,3315,4850,CXX[r]
UclCastiglione1541.132v.tif,3478,4850,[CXXv]
UclCastiglione1541.133r.tif,3315,4850,CXXI[r]
UclCastiglione1541.133v.tif,3478,4850,[CXXIv]
UclCastiglione1541.134r.tif,3315,4850,CXXII[r]
UclCastiglione1541.134v.tif,3478,4850,[CXXIIv]
UclCastiglione1541.135r.tif,3315,4850,CXXIII[r]
UclCastiglione1541.135v.tif,3478,4850,[CXXIIIv]
UclCastiglione1541.136r.tif,3315,4850,CXXIIII[r]
UclCastiglione1541.136v.tif,3478,4850,[XCXIIIIv]
UclCastiglione1541.137r.tif,3315,4850,CXXXV[r]
UclCastiglione1541.137v.tif,3478,4850,[CXXVv]
UclCastiglione1541.138r.tif,3315,4850,CXXVI[r]
UclCastiglione1541.138v.tif,3478,4850,[CXXVIv]
UclCastiglione1541.139r.tif,3315,4850,CXXVII[r]
UclCastiglione1541.139v.tif,3429,4850,[CXXVIIv]
UclCastiglione1541.140r.tif,3315,4850,CXXVIII[r]
UclCastiglione1541.140v.tif,3391,4850,[CXXVIIIv]
UclCastiglione1541.141r.tif,3315,4850,CXXIX[r]
UclCastiglione1541.141v.tif,3443,4850,[CXXIXv]
UclCastiglione1541.142r.tif,3315,4850,CXXX[r]
UclCastiglione1541.142v.tif,3430,4850,[CXXXv]
UclCastiglione1541.143r.tif,3315,4850,CXXXI[r]
UclCastiglione1541.143v.tif,3391,4850,[CXXXIv]
UclCastiglione1541.144r.tif,3268,4850,CXXXII[r]
UclCastiglione1541.144v.tif,3391,4850,[CXXXIIv]
UclCastiglione1541.145r.tif,3323,4850,CXXXIII[r]
UclCastiglione1541.145v.tif,3391,4850,[CXXXIIIv]
UclCastiglione1541.146r.tif,3323,4850,CXXXIIII[r]
UclCastiglione1541.146v.tif,3391,4850,[CXXXIIIIv]
UclCastiglione1541.147r.tif,3323,4850,CXXXV[r]
UclCastiglione1541.147v.tif,3391,4850,[CXXXVv]
UclCastiglione1541.148r.tif,3323,4850,CXXXVI[r]
UclCastiglione1541.148v.tif,3391,4850,[CXXXVIv]
UclCastiglione1541.149r.tif,3323,4850,CXXXVII[r]
UclCastiglione1541.149v.tif,3391,4850,[CXXXVIIv]
UclCastiglione1541.150r.tif,3323,4850,CXXXVIII[r]
UclCastiglione1541.150v.tif,3391,4850,[CXXXVIIIv]
UclCastiglione1541.151r.tif,3323,4850,CXXXIX[r]
UclCastiglione1541.151v.tif,3435,4850,[CXXXIXv]
UclCastiglione1541.152r.tif,3323,4850,CXL[r]
UclCastiglione1541.152v.tif,3381,4850,[CXLv]
UclCastiglione1541.153r.tif,3323,4850,CXLI[r]
UclCastiglione1541.153v.tif,3400,4850,[CXLIv]
UclCastiglione1541.154r.tif,3323,4850,CXLII[r]
UclCastiglione1541.154v.tif,3400,4850,[CXLIIv]
UclCastiglione1541.155r.tif,3323,4850,CXLIII[r]
UclCastiglione1541.155v.tif,3386,4850,[CXLIIIv]
UclCastiglione1541.156r.tif,3323,4850,CXLIIII[r]
UclCastiglione1541.156v.tif,3386,4850,CXLIIII[v]
UclCastiglione1541.157r.tif,3323,4850,CXLV[r]
UclCastiglione1541.157v.tif,3386,4850,[CXLVv]
UclCastiglione1541.158r.tif,3323,4850,CXLVI[r]
UclCastiglione1541.158v.tif,3425,4850,CXLVI[v]
UclCastiglione1541.159r.tif,3323,4850,CXLVII[r]
UclCastiglione1541.159v.tif,3482,4850,[CXLVIIv]
UclCastiglione1541.160r.tif,3323,4850,CXLVIII[r]
UclCastiglione1541.160v.tif,3435,4850,[CXLVIIIv]
UclCastiglione1541.161r.tif,3323,4850,CXLIX[r]
UclCastiglione1541.161v.tif,3370,4850,[CXLIXv]
UclCastiglione1541.162r.tif,3323,4850,CL[r]
UclCastiglione1541.162v.tif,3370,4850,[CLv]
UclCastiglione1541.163r.tif,3323,4850,CLI[r]
UclCastiglione1541.163v.tif,3370,4850,[CLIv]
UclCastiglione1541.164r.tif,3333,4850,CLII[r]
UclCastiglione1541.164v.tif,3449,4850,[CLiiv]
UclCastiglione1541.165r.tif,3333,4850,CLIII[r]
UclCastiglione1541.165v.tif,3471,4850,[CLIIIv]
UclCastiglione1541.166r.tif,3333,4850,CLIIII[r]
UclCastiglione1541.166v.tif,3471,4850,[CLIIIIv]
UclCastiglione1541.167r.tif,3333,4850,CLV[r]
UclCastiglione1541.167v.tif,3424,4850,[CLVv]
UclCastiglione1541.168r.tif,3359,4850,CLVI[r]
UclCastiglione1541.168v.tif,3426,4850,[CLVIv]
UclCastiglione1541.169r.tif,3359,4850,CLVII[r]
UclCastiglione1541.169v.tif,3426,4850,[CLVIIv]
UclCastiglione1541.170r.tif,3359,4850,CLVIII[r]
UclCastiglione1541.170v.tif,3426,4850,[CLVIII[v]
UclCastiglione1541.171r.tif,3359,4850,CLIX[r]
UclCastiglione1541.171v.tif,3426,4850,[CLIXv]
UclCastiglione1541.172r.tif,3359,4850,CLX[r]
UclCastiglione1541.172v.tif,3426,4850,[CLXv]
UclCastiglione1541.173r.tif,3359,4850,CLXI[r]
UclCastiglione1541.173v.tif,3426,4850,[CLXIv]
UclCastiglione1541.174r.tif,3359,4850,CLXII[r]
UclCastiglione1541.174v.tif,3426,4850,[CLXIIv]
UclCastiglione1541.175r.tif,3359,4850,CLXIII[r]
UclCastiglione1541.175v.tif,3426,4850,[CLXIIIv]
UclCastiglione1541.176r.tif,3359,4850,CLXIIII[r]
UclCastiglione1541.176v.tif,3426,4850,[CLXIIIIv]
UclCastiglione1541.177r.tif,3359,4850,CLXV[r]
UclCastiglione1541.177v.tif,3426,4850,[CLXVv]
UclCastiglione1541.178r.tif,3359,4850,CLXVI[r]
UclCastiglione1541.178v.tif,3374,4850,[CLXVIv]
UclCastiglione1541.179r.tif,3359,4850,CLXVII[r]
UclCastiglione1541.179v.tif,3374,4850,[CLXVIIv]
UclCastiglione1541.180r.tif,3359,4850,CLXVIII[r]
UclCastiglione1541.180v.tif,3374,4850,[CLXVIIIv]
UclCastiglione1541.181r.tif,3359,4850,CLXIX[r]
UclCastiglione1541.181v.tif,3374,4850,[CLXIXv]
UclCastiglione1541.182r.tif,3359,4850,CLXX[r]
UclCastiglione1541.182v.tif,3374,4850,[CLXXv]
UclCastiglione1541.183r.tif,3359,4850,CLXXI[r]
UclCastiglione1541.183v.tif,3374,4850,[CLXXIv]
UclCastiglione1541.184r.tif,3359,4850,CLXXII[r]
UclCastiglione1541.184v.tif,3374,4850,[CLXXIIv]
UclCastiglione1541.185r.tif,3359,4850,CLXXIII[r]
UclCastiglione1541.185v.tif,3374,4850,[CLXXIIIv]
UclCastiglione1541.186r.tif,3359,4850,CLXXIIII[r]
UclCastiglione1541.186v.tif,3374,4850,[CXLXIIIIv]
UclCastiglione1541.187r.tif,3359,4850,CLXXXV[r]
UclCastiglione1541.187v.tif,3374,4850,[CLXXVv]
UclCastiglione1541.188r.tif,3359,4850,CLXXVI[r]
UclCastiglione1541.188v.tif,3374,4850,[CLXXVIv]
UclCastiglione1541.189r.tif,3302,4850,CLXXVII[r]
UclCastiglione1541.189v.tif,3374,4850,[CLXXVIIv]
UclCastiglione1541.190r.tif,3302,4850,CLXXVIII[r]
UclCastiglione1541.190v.tif,3374,4850,[CLXXVIIIv]
UclCastiglione1541.191r.tif,3302,4850,CLXXIX[r]
UclCastiglione1541.191v.tif,3374,4850,[CLXXIXv]
UclCastiglione1541.192r.tif,3302,4850,CLXXX[r]
UclCastiglione1541.192v.tif,3374,4850,[CLXXXv]
UclCastiglione1541.193r.tif,3302,4850,CLXXXI[r]
UclCastiglione1541.193v.tif,3374,4850,[CLXXXIv]
UclCastiglione1541.194r.tif,3302,4850,CLXXXII[r]
UclCastiglione1541.194v.tif,3374,4850,[CLXXXIIv]
UclCastiglione1541.195r.tif,3302,4850,CLXXXIII[r]
UclCastiglione1541.195v.tif,3374,4850,[CLXXXIIIv]
UclCastiglione1541.196r.tif,3302,4850,CLXXXIIII[r]
UclCastiglione1541.196v.tif,3374,4850,[CLXXXIIIIv]
UclCastiglione1541.197r.tif,3302,4850,CLXXXV[r]
UclCastiglione1541.197v.tif,3374,4850,[CLXXXVv]
UclCastiglione1541.198r.tif,3302,4850,CLXXXVI[r]
UclCastiglione1541.198v.tif,3404,4850,[CLXXXVIv]
UclCastiglione1541.199r.tif,3302,4850,CLXXXVII[r]
UclCastiglione1541.199v.tif,3404,4850,[CLXXXVIIv]
UclCastiglione1541.200r.tif,3302,4850,CLXXXVIII[r]
UclCastiglione1541.200v.tif,3404,4850,[CLXXXVIIIv]
UclCastiglione1541.201r.tif,3302,4850,CLXXXIX[r]
UclCastiglione1541.201v.tif,3404,4850,[CLXXXIXv]
UclCastiglione1541.202r.tif,3302,4850,CXC[r]
UclCastiglione1541.202v.tif,3336,4850,[CXCv]
UclCastiglione1541.203r.tif,3302,4850,CXCI[r]
UclCastiglione1541.203v.tif,3330,4850,[CXCIv]
UclCastiglione1541.204r.tif,3302,4850,CXCII[r]
UclCastiglione1541.204v.tif,3404,4850,[CXCIIv]
UclCastiglione1541.205r.tif,3302,4850,CXCIII[r]
UclCastiglione1541.205v.tif,3337,4850,[CXCIIIv]
UclCastiglione1541.206r.tif,3302,4850,CXCIIII[r]
UclCastiglione1541.206v.tif,3363,4850,CXCIIII[v]
UclCastiglione1541.207r.tif,3302,4850,CXCV[r]
UclCastiglione1541.207v.tif,3404,4850,[CXCVV]
UclCastiglione1541.endmatter.flyleaf.001r.tif,3302,4850,end matter 1r
UclCastiglione1541.endmatter.flyleaf.001v.tif,3404,4850,end matter 1v
UclCastiglione1541.endmatter.flyleaf.002r.tif,3302,4850,end matter 2r
UclCastiglione1541.endmatter.flyleaf.002v.tif,3404,4850,end matter 2v
UclCastiglione1541.endmatter.pastedown.tif,3302,4850,end matter pastedown
UclCastiglione1541.binding.backcover.tif,3492,4850,binding back cover
UclCastiglione1541.binding.spine.tif,3180,4850,binding spine
UclCastiglione1541.misc.grayscale.tif,4850,3452,misc
