CULR527.binding.frontcover.tif,2965,4720,binding front cover
CULR527.frontmatter.pastedown.tif,2713,4742,front matter pastedown
CULR527.frontmatter.flyleaf.001r.tif,2604,4581,front matter 1r
CULR527.frontmatter.flyleaf.001v.tif,2538,4597,front matter 1v
CULR527.frontmatter.flyleaf.002r.tif,2604,4581,front matter 2r
CULR527.frontmatter.flyleaf.002v.tif,2538,4597,front matter 2v
CULR527.001r.tif,2604,4581,title page
CULR527.001v.tif,2527,4609,title page verso
CULR527.002r.tif,2604,4581,2
CULR527.002v.tif,2527,4609,[2[v]]
CULR527.003r.tif,2534,4581,3
CULR527.003v.tif,2527,4609,[3[v]]
CULR527.004r.tif,2534,4581,4
CULR527.004v.tif,2527,4609,[4[v]]
CULR527.005r.tif,2534,4581,5
CULR527.005v.tif,2527,4609,[5[v]]
CULR527.006r.tif,2534,4581,6
CULR527.006v.tif,2541,4609,[6[v]]
CULR527.007r.tif,2534,4581,7
CULR527.007v.tif,2541,4609,[7[v]]
CULR527.008r.tif,2534,4581,8
CULR527.008v.tif,2508,4609,[8[v]]
CULR527.009r.tif,2534,4581,9
CULR527.009v.tif,2541,4609,[9[v]]
CULR527.010r.tif,2534,4581,10
CULR527.010v.tif,2541,4609,[10[v]]
CULR527.011r.tif,2534,4581,11
CULR527.011v.tif,2541,4609,[11[v]]
CULR527.012r.tif,2534,4581,12
CULR527.012v.tif,2541,4609,[12[v]]
CULR527.013r.tif,2534,4581,13
CULR527.013v.tif,2541,4609,[13[v]]
CULR527.014r.tif,2534,4581,14
CULR527.014v.tif,2541,4609,[14[v]]
CULR527.015r.tif,2472,4581,15
CULR527.015v.tif,2541,4609,[15[v]]
CULR527.016r.tif,2458,4581,16
CULR527.016v.tif,2465,4596,[16[v]]
CULR527.017r.tif,2472,4581,17
CULR527.017v.tif,2465,4596,[17[v]]
CULR527.018r.tif,2455,4589,18
CULR527.018v.tif,2465,4596,[18[v]]
CULR527.019r.tif,2455,4589,19
CULR527.019v.tif,2465,4596,[19[v]]
CULR527.020r.tif,2455,4589,20
CULR527.020v.tif,2465,4596,[20[v]]
CULR527.021r.tif,2455,4589,21
CULR527.021v.tif,2432,4596,[21[v]]
CULR527.022r.tif,2455,4589,22
CULR527.022v.tif,2432,4596,[22[v]]
CULR527.023r.tif,2455,4589,23
CULR527.023v.tif,2432,4596,[23[v]]
CULR527.024r.tif,2455,4589,24
CULR527.024v.tif,2432,4596,[24[v]]
CULR527.025r.tif,2410,4474,25
CULR527.025v.tif,2432,4596,[25[v]]
CULR527.026r.tif,2455,4589,26
CULR527.026v.tif,2432,4596,[26[v]]
CULR527.027r.tif,2455,4589,27
CULR527.027v.tif,2432,4596,[27[v]]
CULR527.028r.tif,2455,4589,28
CULR527.028v.tif,2432,4596,[28[v]]
CULR527.029r.tif,2455,4622,29
CULR527.029v.tif,2398,4596,[29[v]]
CULR527.030r.tif,2497,4655,30
CULR527.030v.tif,2398,4596,[30[v]]
CULR527.031r.tif,2497,4655,31
CULR527.031v.tif,2374,4596,[31[v]]
CULR527.032r.tif,2473,4655,32
CULR527.032v.tif,2374,4596,[32[v]]
CULR527.033r.tif,2473,4655,33
CULR527.033v.tif,2374,4596,[33[v]]
CULR527.034r.tif,2501,4655,34
CULR527.034v.tif,2374,4596,[34[v]]
CULR527.035r.tif,2507,4633,35
CULR527.035v.tif,2374,4596,[35[v]]
CULR527.036r.tif,2507,4633,36
CULR527.036v.tif,2374,4596,[36[v]]
CULR527.037r.tif,2459,4633,37
CULR527.037v.tif,2374,4596,[37[v]]
CULR527.038r.tif,2459,4633,38
CULR527.038v.tif,2347,4596,[38[v]]
CULR527.039r.tif,2459,4633,39
CULR527.039v.tif,2347,4596,[39[v]]
CULR527.040r.tif,2459,4633,40
CULR527.040v.tif,2347,4596,[40[v]]
CULR527.041r.tif,2459,4633,41
CULR527.041v.tif,2347,4596,[41[v]]
CULR527.042r.tif,2459,4633,42
CULR527.042v.tif,2347,4596,[42[v]]
CULR527.043r.tif,2459,4633,43
CULR527.043v.tif,2347,4596,[43[v]]
CULR527.044r.tif,2459,4633,44
CULR527.044v.tif,2347,4596,[44[v]]
CULR527.045r.tif,2459,4633,45
CULR527.045v.tif,2347,4596,[45[v]]
CULR527.046r.tif,2459,4633,46
CULR527.046v.tif,2347,4596,[46[v]]
CULR527.047r.tif,2459,4633,47
CULR527.047v.tif,2347,4596,[47[v]]
CULR527.048r.tif,2459,4633,48
CULR527.048v.tif,2347,4596,[48[v]]
CULR527.049r.tif,2459,4636,49
CULR527.049v.tif,2347,4596,[49[v]]
CULR527.050r.tif,2459,4636,50
CULR527.050v.tif,2347,4596,[50[v]]
CULR527.051r.tif,2459,4636,51
CULR527.051v.tif,2347,4596,[51[v]]
CULR527.052r.tif,2459,4636,52
CULR527.052v.tif,2347,4596,[52[v]]
CULR527.053r.tif,2459,4636,53
CULR527.053v.tif,2347,4596,[53[v]]
CULR527.054r.tif,2459,4636,54
CULR527.054v.tif,2347,4596,[54[v]]
CULR527.055r.tif,2459,4636,55
CULR527.055v.tif,2347,4596,[55[v]]
CULR527.056r.tif,2459,4636,56
CULR527.056v.tif,2347,4596,[56[v]]
CULR527.057r.tif,2459,4636,57
CULR527.057v.tif,2347,4596,[57[v]]
CULR527.058r.tif,2459,4636,58
CULR527.058v.tif,2347,4596,[58[v]]
CULR527.059r.tif,2459,4636,59
CULR527.059v.tif,2347,4596,[59[v]]
CULR527.060r.tif,2459,4636,60
CULR527.060v.tif,2347,4596,##60v
CULR527.061r.tif,2459,4636,61
CULR527.061v.tif,2459,4636,62
CULR527.062r.tif,2347,4596,[61v]]
CULR527.062v.tif,2347,4596,[62[v]]
CULR527.063r.tif,2459,4636,63
CULR527.063v.tif,2347,4596,[63[v]]
CULR527.064r.tif,2459,4636,64
CULR527.064v.tif,2347,4596,[64[v]]
CULR527.065r.tif,2459,4636,65
CULR527.065v.tif,2347,4596,[65[v]]
CULR527.066r.tif,2459,4636,66
CULR527.066v.tif,2347,4596,[66[v]]
CULR527.067r.tif,2459,4636,67
CULR527.067v.tif,2347,4596,[67[v]]
CULR527.068r.tif,2459,4636,68
CULR527.068v.tif,2347,4596,[68[v]]
CULR527.069r.tif,2459,4636,69
CULR527.069v.tif,2347,4596,[69[v]]
CULR527.070r.tif,2459,4636,70
CULR527.070v.tif,2347,4596,[70[v]]
CULR527.071r.tif,2459,4636,71
CULR527.071v.tif,2347,4596,[71[v]]
CULR527.072r.tif,2459,4636,72
CULR527.072v.tif,2347,4596,[72[v]]
CULR527.073r.tif,2459,4636,73
CULR527.073v.tif,2347,4596,[73[v]]
CULR527.074r.tif,2459,4636,74
CULR527.074v.tif,2347,4596,[74[v]]
CULR527.075r.tif,2459,4636,75
CULR527.075v.tif,2347,4596,[71[v]]
CULR527.076r.tif,2459,4636,76
CULR527.076v.tif,2347,4596,[76[v]]
CULR527.077r.tif,2459,4636,77
CULR527.077v.tif,2347,4596,[77[v]]
CULR527.078r.tif,2459,4636,78
CULR527.078v.tif,2347,4596,[78[v]]
CULR527.079r.tif,2459,4636,79
CULR527.079v.tif,2347,4596,[79[v]]
CULR527.080r.tif,2459,4636,80
CULR527.080v.tif,2459,4636,81
CULR527.081r.tif,2382,4596,[80[v]]
CULR527.081v.tif,2347,4596,[81[v]]
CULR527.082r.tif,2459,4636,82
CULR527.082v.tif,2347,4596,[82[v]]
CULR527.083r.tif,2459,4636,83
CULR527.083v.tif,2347,4596,[83[v]]
CULR527.084r.tif,2459,4636,84
CULR527.084v.tif,2347,4596,[84[v]]
CULR527.085r.tif,2459,4636,85
CULR527.085v.tif,2347,4596,[85[v]]
CULR527.086r.tif,2459,4636,86
CULR527.086v.tif,2347,4596,[86[v]]
CULR527.087r.tif,2459,4636,87
CULR527.087v.tif,2347,4596,[87[v]]
CULR527.088r.tif,2459,4636,88
CULR527.088v.tif,2347,4596,[88[v]]
CULR527.089r.tif,2459,4636,89
CULR527.089v.tif,2347,4596,[89[v]]
CULR527.090r.tif,2459,4636,90
CULR527.090v.tif,2347,4596,[90[v]]
CULR527.091r.tif,2459,4636,91
CULR527.091v.tif,2384,4596,[91[v]]
CULR527.092r.tif,2459,4636,92
CULR527.092v.tif,2384,4596,[92[v]]
CULR527.093r.tif,2459,4636,93
CULR527.093v.tif,2427,4596,[93[v]]
CULR527.094r.tif,2459,4636,94
CULR527.094v.tif,2427,4596,[94[v]]
CULR527.095r.tif,2459,4636,95
CULR527.095v.tif,2427,4596,[95[v]]
CULR527.096r.tif,2459,4636,96
CULR527.096v.tif,2427,4596,[96[v]]
CULR527.097r.tif,2459,4636,97
CULR527.097v.tif,2427,4596,[97[v]]
CULR527.098r.tif,2459,4636,98
CULR527.098v.tif,2427,4596,[98[v]]
CULR527.099r.tif,2459,4636,99
CULR527.099v.tif,2427,4596,[99[v]]
CULR527.100r.tif,2459,4636,100
CULR527.100v.tif,2427,4596,[100[v]]
CULR527.101r.tif,2459,4636,101
CULR527.101v.tif,2427,4596,[101[v]]
CULR527.102r.tif,2459,4636,102
CULR527.102v.tif,2427,4596,[102[v]]
CULR527.103r.tif,2459,4636,103
CULR527.103v.tif,2427,4596,[103[v]]
CULR527.104r.tif,2459,4636,104
CULR527.104v.tif,2459,4636,[104[v]]
CULR527.105r.tif,2427,4596,[104v]
CULR527.105v.tif,2427,4596,[105[v]]
CULR527.106r.tif,2459,4636,106
CULR527.106v.tif,2427,4596,[106[v]]
CULR527.endmatter.flyleaf.001r.tif,2459,4636,end matter 1r
CULR527.endmatter.flyleaf.001v.tif,2459,4636,end matter 1v
CULR527.endmatter.flyleaf.002r.tif,2427,4596,end matter 2r
CULR527.endmatter.flyleaf.002v.tif,2515,4571,end matter 2v
CULR527.endmatter.pastedown.tif,2724,4636,end matter pastedown
CULR527.binding.backcover.tif,2804,4712,binding back cover
CULR527.misc.spine.tif,1201,4230,misc spine
