RCP10601.binding.frontcover.tif,3034,4500,binding front cover
RCP10601.frontmatter.pastedown.tif,2923,4500,front matter pastedown
RCP10601.frontmatter.flyleaf.001r.tif,2879,4500,front matter 1r
RCP10601.frontmatter.flyleaf.001v.tif,2923,4500,front matter 1v
RCP10601.001r.tif,2879,4500,title-page
RCP10601.001v.tif,2923,4500,title page verso
RCP10601.001v.insert.tif,2923,4500,[inserted]
RCP10601.001r.insert.tif,2879,4500,[inserted]
RCP10601.002r.tif,2879,4500,[3]
RCP10601.002v.tif,2923,4500,4
RCP10601.003r.tif,2895,4500,5
RCP10601.003v.tif,2923,4500,6
RCP10601.004r.tif,2895,4500,[7]
RCP10601.004v.tif,2923,4500,8
RCP10601.005r.tif,2895,4500,9
RCP10601.005v.tif,2923,4500,10
RCP10601.006r.tif,2895,4500,11
RCP10601.006v.tif,2923,4500,12
RCP10601.007r.tif,2895,4500,13
RCP10601.007v.tif,2923,4500,14
RCP10601.008r.tif,2895,4500,15
RCP10601.008v.tif,2923,4500,16
RCP10601.009r.tif,2895,4500,17
RCP10601.009v.tif,2923,4500,18
RCP10601.010r.tif,2895,4500,19
RCP10601.010v.tif,2923,4500,20
RCP10601.011r.tif,2895,4500,21
RCP10601.011v.tif,2923,4500,22
RCP10601.012r.tif,2895,4500,23
RCP10601.012v.tif,2923,4500,24
RCP10601.013r.tif,2895,4500,25
RCP10601.013v.tif,2968,4500,26
RCP10601.014r.tif,2895,4500,27
RCP10601.014v.tif,2968,4500,28
RCP10601.015r.tif,2895,4500,29
RCP10601.015v.tif,3001,4500,30
RCP10601.016r.tif,2895,4500,31
RCP10601.016v.tif,3001,4500,32
RCP10601.017r.tif,2895,4500,33
RCP10601.017v.tif,3001,4500,34
RCP10601.018r.tif,2895,4500,35
RCP10601.018v.tif,3001,4500,36
RCP10601.019r.tif,2895,4500,37
RCP10601.019v.tif,3001,4500,38
RCP10601.020r.tif,2895,4500,39
RCP10601.020v.tif,3001,4500,40
RCP10601.021r.tif,2895,4500,41
RCP10601.021v.tif,3001,4500,42
RCP10601.022r.tif,2895,4500,43
RCP10601.022v.tif,3001,4500,44
RCP10601.023r.tif,2895,4500,45
RCP10601.023v.tif,3001,4500,46
RCP10601.024r.tif,2895,4500,47
RCP10601.024v.tif,3001,4500,48
RCP10601.025r.tif,2895,4500,49
RCP10601.025v.tif,3001,4500,50
RCP10601.026r.tif,2895,4500,51
RCP10601.026v.tif,3001,4500,52
RCP10601.027r.tif,2895,4500,53
RCP10601.027v.tif,3001,4500,54
RCP10601.028r.tif,2895,4500,55
RCP10601.028v.tif,3001,4500,56
RCP10601.029r.tif,2895,4500,57
RCP10601.029v.tif,3001,4500,58
RCP10601.030r.tif,2895,4500,59
RCP10601.030v.tif,3001,4500,60
RCP10601.031r.tif,2895,4500,61
RCP10601.031v.tif,3001,4500,62
RCP10601.032r.tif,2895,4500,63
RCP10601.032v.tif,3001,4500,64
RCP10601.033r.tif,2895,4500,65
RCP10601.033v.tif,3001,4500,66
RCP10601.034r.tif,2895,4500,67
RCP10601.034v.tif,3001,4500,68
RCP10601.035r.tif,2895,4500,69
RCP10601.035v.tif,3001,4500,70
RCP10601.036r.tif,2895,4500,71
RCP10601.036v.tif,3001,4500,72
RCP10601.037r.tif,2895,4500,73
RCP10601.037v.tif,3001,4500,74
RCP10601.038r.tif,2895,4500,75
RCP10601.038v.tif,3001,4500,76
RCP10601.039r.tif,2895,4500,77
RCP10601.039v.tif,3001,4500,78
RCP10601.040r.tif,2895,4500,79
RCP10601.040v.tif,3001,4500,80
RCP10601.041r.tif,2895,4500,81
RCP10601.041v.tif,3001,4500,82
RCP10601.042r.tif,2895,4500,83
RCP10601.042v.tif,3001,4500,84
RCP10601.043r.tif,2895,4500,85
RCP10601.043v.tif,3001,4500,86
RCP10601.044r.tif,2895,4500,87
RCP10601.044v.tif,3001,4500,88
RCP10601.045r.tif,2895,4500,89
RCP10601.045v.tif,3001,4500,90
RCP10601.046r.tif,2950,4500,91
RCP10601.046v.tif,3001,4500,92
RCP10601.047r.tif,2950,4500,93
RCP10601.047v.tif,3001,4500,94
RCP10601.048r.tif,2950,4500,95
RCP10601.048v.tif,3001,4500,96
RCP10601.049r.tif,2950,4500,97
RCP10601.049v.tif,3001,4500,98
RCP10601.050r.tif,2950,4500,99
RCP10601.050v.tif,3001,4500,100
RCP10601.051r.tif,2950,4500,101
RCP10601.051v.tif,3001,4500,102
RCP10601.052r.tif,2950,4500,103
RCP10601.052v.tif,3001,4500,104
RCP10601.053r.tif,2950,4500,105
RCP10601.053v.tif,3001,4500,106
RCP10601.054r.tif,2950,4500,107
RCP10601.054v.tif,3001,4500,108
RCP10601.055r.tif,2950,4500,109
RCP10601.055v.tif,3001,4500,110
RCP10601.056r.tif,2950,4500,111
RCP10601.056v.tif,3001,4500,112
RCP10601.057r.tif,2950,4500,113
RCP10601.057v.tif,3001,4500,114
RCP10601.058r.tif,2950,4500,115
RCP10601.058v.tif,3001,4500,116
RCP10601.059r.tif,2950,4500,117
RCP10601.059v.tif,3001,4500,118
RCP10601.060r.tif,2950,4500,119
RCP10601.060v.tif,3001,4500,120
RCP10601.061r.tif,2950,4500,121
RCP10601.061v.tif,3001,4500,122
RCP10601.062r.tif,2950,4500,123
RCP10601.062v.tif,3001,4500,124
RCP10601.063r.tif,2950,4500,125
RCP10601.063v.tif,3001,4500,126
RCP10601.064r.tif,2950,4500,127
RCP10601.064v.tif,3001,4500,128
RCP10601.065r.tif,2950,4500,129
RCP10601.065v.tif,3001,4500,130
RCP10601.066r.tif,2950,4500,131
RCP10601.066v.tif,3001,4500,132
RCP10601.067r.tif,2950,4500,133
RCP10601.067v.tif,3001,4500,134
RCP10601.068r.tif,2950,4500,135
RCP10601.068v.tif,3001,4500,[136]
RCP10601.endmatter.flyleaf.001r.tif,2805,4500,end matter 1r
RCP10601.endmatter.flyleaf.001v.tif,3001,4500,end matter 1v
RCP10601.endmatter.flyleaf.002r.tif,2855,4500,end matter 2r
RCP10601.endmatter.flyleaf.002v.tif,3001,4500,end matter 2v
RCP10601.endmatter.flyleaf.003r.tif,2878,4500,end matter 3r
RCP10601.endmatter.flyleaf.003v.tif,3001,4500,end matter 3v
RCP10601.endmatter.pastedown.tif,2950,4500,end matter pastedown
RCP10601.binding.backcover.tif,2968,4500,binding back cover
RCP10601.binding.spine.tif,541,4500,binding spine
RCP10601.misc.grayscale.tif,1412,4500,misc
