PrincetonDL45.binding.frontcover.tif,5237,7200,binding front cover
PrincetonDL45.frontmatter.pastedown.tif,5198,7200,front matter pastedown
PrincetonDL45.frontmatter.flyleaf.001r.tif,5400,7200,front matter 1r
PrincetonDL45.frontmatter.flyleaf.001v.tif,5092,7200,front matter 1v
PrincetonDL45.frontmatter.flyleaf.002r.tif,5347,7200,front matter 2r
PrincetonDL45.frontmatter.flyleaf.002v.tif,5292,7200,front matter 2v
PrincetonDL45.001r.tif,5276,7200,[air]
PrincetonDL45.001v.tif,5311,7200,2
PrincetonDL45.002r.tif,5253,7200,3
PrincetonDL45.002v.tif,5397,7200,4
PrincetonDL45.003r.tif,5211,7200,5
PrincetonDL45.003v.tif,5395,7200,6
PrincetonDL45.004r.tif,5225,7200,7
PrincetonDL45.004v.tif,5368,7200,8
PrincetonDL45.005r.tif,5234,7200,9
PrincetonDL45.005v.tif,5388,7200,10
PrincetonDL45.006r.tif,5244,7200,11
PrincetonDL45.006v.tif,5406,7200,12
PrincetonDL45.007r.tif,5244,7200,13
PrincetonDL45.007v.tif,5362,7200,14
PrincetonDL45.008r.tif,5244,7200,15
PrincetonDL45.008v.tif,5277,7200,16
PrincetonDL45.009r.tif,5244,7200,17
PrincetonDL45.009v.tif,5435,7200,18
PrincetonDL45.010r.tif,5244,7200,19
PrincetonDL45.010v.tif,5418,7200,20
PrincetonDL45.011r.tif,5244,7200,21
PrincetonDL45.011v.tif,5425,7200,22
PrincetonDL45.012r.tif,5244,7200,23
PrincetonDL45.012v.tif,5461,7200,24
PrincetonDL45.013r.tif,5244,7200,25
PrincetonDL45.013v.tif,5421,7200,26
PrincetonDL45.014r.tif,5244,7200,27
PrincetonDL45.014v.tif,5394,7200,28
PrincetonDL45.015r.tif,5244,7200,29
PrincetonDL45.015v.tif,5408,7200,30
PrincetonDL45.016r.tif,5244,7200,31
PrincetonDL45.016v.tif,5418,7200,32
PrincetonDL45.017r.tif,5244,7200,33
PrincetonDL45.017v.tif,5435,7200,34
PrincetonDL45.018r.tif,5244,7200,35
PrincetonDL45.018v.tif,5429,7200,36
PrincetonDL45.019r.tif,5244,7200,37
PrincetonDL45.019v.tif,5427,7200,38
PrincetonDL45.020r.tif,5244,7200,39
PrincetonDL45.020v.tif,5465,7200,40
PrincetonDL45.021r.tif,5244,7200,41
PrincetonDL45.021v.tif,5436,7200,42
PrincetonDL45.022r.tif,5244,7200,43
PrincetonDL45.022v.tif,5520,7200,44
PrincetonDL45.023r.tif,5244,7200,45
PrincetonDL45.023v.tif,5504,7200,46
PrincetonDL45.024r.tif,5244,7200,47
PrincetonDL45.024v.tif,5460,7200,48
PrincetonDL45.025r.tif,5244,7200,49
PrincetonDL45.025v.tif,5367,7200,50
PrincetonDL45.026r.tif,5244,7200,51
PrincetonDL45.026v.tif,5437,7200,52
PrincetonDL45.027r.tif,5244,7200,53
PrincetonDL45.027v.tif,5518,7200,54
PrincetonDL45.028r.tif,5244,7200,55
PrincetonDL45.028v.tif,5429,7200,56
PrincetonDL45.029r.tif,5185,7200,57
PrincetonDL45.029v.tif,5439,7200,58
PrincetonDL45.030r.tif,5216,7200,59
PrincetonDL45.030v.tif,5508,7200,60
PrincetonDL45.031r.tif,5244,7200,61
PrincetonDL45.031v.tif,5453,7200,62
PrincetonDL45.032r.tif,5244,7200,63
PrincetonDL45.032v.tif,5505,7200,64
PrincetonDL45.033r.tif,5238,7200,65
PrincetonDL45.033v.tif,5559,7200,66
PrincetonDL45.034r.tif,5220,7200,67
PrincetonDL45.034v.tif,5579,7200,68
PrincetonDL45.035r.tif,5244,7200,69
PrincetonDL45.035v.tif,5489,7200,70
PrincetonDL45.036r.tif,5193,7200,71
PrincetonDL45.036v.tif,5487,7200,72
PrincetonDL45.037r.tif,5244,7200,73
PrincetonDL45.037v.tif,5508,7200,74
PrincetonDL45.038r.tif,5244,7200,75
PrincetonDL45.038v.tif,5482,7200,76
PrincetonDL45.039r.tif,5244,7200,77
PrincetonDL45.039v.tif,5491,7200,78
PrincetonDL45.040r.tif,5184,7200,79
PrincetonDL45.040v.tif,5528,7200,80
PrincetonDL45.041r.tif,5244,7200,81
PrincetonDL45.041v.tif,5476,7200,82
PrincetonDL45.042r.tif,5244,7200,83
PrincetonDL45.042v.tif,5498,7200,84
PrincetonDL45.043r.tif,5244,7200,85
PrincetonDL45.043v.tif,5547,7200,86
PrincetonDL45.044r.tif,5244,7200,87
PrincetonDL45.044v.tif,5645,7200,88
PrincetonDL45.045r.tif,5269,7200,89
PrincetonDL45.045v.tif,5532,7200,90
PrincetonDL45.046r.tif,5198,7200,91
PrincetonDL45.046v.tif,5534,7200,92
PrincetonDL45.047r.tif,5218,7200,93
PrincetonDL45.047v.tif,5621,7200,94
PrincetonDL45.048r.tif,5244,7200,95
PrincetonDL45.048v.tif,5509,7200,96
PrincetonDL45.049r.tif,5244,7200,97
PrincetonDL45.049v.tif,5545,7200,98
PrincetonDL45.050r.tif,5248,7200,99
PrincetonDL45.050v.tif,5599,7200,100
PrincetonDL45.051r.tif,5229,7200,101
PrincetonDL45.051v.tif,5627,7200,102
PrincetonDL45.052r.tif,5244,7200,103
PrincetonDL45.052v.tif,5580,7200,104
PrincetonDL45.053r.tif,5244,7200,105
PrincetonDL45.053v.tif,5603,7200,106
PrincetonDL45.054r.tif,5266,7200,107
PrincetonDL45.054v.tif,5578,7200,108
PrincetonDL45.055r.tif,5244,7200,109
PrincetonDL45.055v.tif,5591,7200,110
PrincetonDL45.056r.tif,5244,7200,111
PrincetonDL45.056v.tif,5627,7200,112
PrincetonDL45.057r.tif,5244,7200,113
PrincetonDL45.057v.tif,5641,7200,114
PrincetonDL45.058r.tif,5244,7200,115
PrincetonDL45.058v.tif,5627,7200,116
PrincetonDL45.059r.tif,5244,7200,117
PrincetonDL45.059v.tif,5613,7200,118
PrincetonDL45.060r.tif,5244,7200,119
PrincetonDL45.060v.tif,5627,7200,120
PrincetonDL45.061r.tif,5244,7200,121
PrincetonDL45.061v.tif,5548,7200,122
PrincetonDL45.062r.tif,5244,7200,123
PrincetonDL45.062v.tif,5542,7200,124
PrincetonDL45.063r.tif,5244,7200,125
PrincetonDL45.063v.tif,5627,7200,126
PrincetonDL45.064r.tif,5244,7200,127
PrincetonDL45.064v.tif,5627,7200,128
PrincetonDL45.065r.tif,5289,7200,129
PrincetonDL45.065v.tif,5636,7200,130
PrincetonDL45.066r.tif,5244,7200,131
PrincetonDL45.066v.tif,5585,7200,132
PrincetonDL45.067r.tif,5214,7200,133
PrincetonDL45.067v.tif,5627,7200,134
PrincetonDL45.068r.tif,5206,7200,135
PrincetonDL45.068v.tif,5627,7200,136
PrincetonDL45.069r.tif,5244,7200,137
PrincetonDL45.069v.tif,5608,7200,138
PrincetonDL45.070r.tif,5181,7200,139
PrincetonDL45.070v.tif,5609,7200,140
PrincetonDL45.071r.tif,5206,7200,141
PrincetonDL45.071v.tif,5627,7200,142
PrincetonDL45.072r.tif,5244,7200,143
PrincetonDL45.072v.tif,5636,7200,144
PrincetonDL45.073r.tif,5244,7200,145
PrincetonDL45.073v.tif,5627,7200,146
PrincetonDL45.074r.tif,5244,7200,147
PrincetonDL45.074v.tif,5627,7200,148
PrincetonDL45.075r.tif,5256,7200,149
PrincetonDL45.075v.tif,5627,7200,150
PrincetonDL45.076r.tif,5214,7200,151
PrincetonDL45.076v.tif,5627,7200,152
PrincetonDL45.077r.tif,5286,7200,153
PrincetonDL45.077v.tif,5627,7200,154
PrincetonDL45.078r.tif,5270,7200,155
PrincetonDL45.078v.tif,5627,7200,156
PrincetonDL45.079r.tif,5294,7200,157
PrincetonDL45.079v.tif,5627,7200,158
PrincetonDL45.080r.tif,5283,7200,159
PrincetonDL45.080v.tif,5627,7200,160
PrincetonDL45.081r.tif,5307,7200,161
PrincetonDL45.081v.tif,5627,7200,162
PrincetonDL45.082r.tif,5235,7200,163
PrincetonDL45.082v.tif,5637,7200,164
PrincetonDL45.083r.tif,5256,7200,165
PrincetonDL45.083v.tif,5617,7200,166
PrincetonDL45.084r.tif,5279,7200,167
PrincetonDL45.084v.tif,5627,7200,168
PrincetonDL45.085r.tif,5232,7200,169
PrincetonDL45.085v.tif,5627,7200,170
PrincetonDL45.086r.tif,5321,7200,171
PrincetonDL45.086v.tif,5627,7200,172
PrincetonDL45.087r.tif,5296,7200,173
PrincetonDL45.087v.tif,5627,7200,174
PrincetonDL45.088r.tif,5275,7200,175
PrincetonDL45.088v.tif,5627,7200,176
PrincetonDL45.089r.tif,5313,7200,177
PrincetonDL45.089v.tif,5613,7200,178
PrincetonDL45.090r.tif,5314,7200,179
PrincetonDL45.090v.tif,5627,7200,180
PrincetonDL45.091r.tif,5334,7200,181
PrincetonDL45.091v.tif,5627,7200,182
PrincetonDL45.092r.tif,5310,7200,183
PrincetonDL45.092v.tif,5627,7200,184
PrincetonDL45.093r.tif,5336,7200,185
PrincetonDL45.093v.tif,5627,7200,186
PrincetonDL45.094r.tif,5354,7200,187
PrincetonDL45.094v.tif,5627,7200,188
PrincetonDL45.095r.tif,5360,7200,189
PrincetonDL45.095v.tif,5627,7200,190
PrincetonDL45.096r.tif,5342,7200,191
PrincetonDL45.096v.tif,5627,7200,192
PrincetonDL45.097r.tif,5360,7200,193
PrincetonDL45.097v.tif,5627,7200,194
PrincetonDL45.098r.tif,5342,7200,195
PrincetonDL45.098v.tif,5627,7200,196
PrincetonDL45.099r.tif,5292,7200,197
PrincetonDL45.099v.tif,5627,7200,198
PrincetonDL45.100r.tif,5320,7200,199
PrincetonDL45.100v.tif,5627,7200,200
PrincetonDL45.101r.tif,5382,7200,201
PrincetonDL45.101v.tif,5627,7200,202
PrincetonDL45.102r.tif,5368,7200,203
PrincetonDL45.102v.tif,5627,7200,204
PrincetonDL45.103r.tif,5431,7200,205
PrincetonDL45.103v.tif,5627,7200,206
PrincetonDL45.104r.tif,5427,7200,207
PrincetonDL45.104v.tif,5627,7200,208
PrincetonDL45.105r.tif,5393,7200,209
PrincetonDL45.105v.tif,5627,7200,210
PrincetonDL45.106r.tif,5432,7200,211
PrincetonDL45.106v.tif,5627,7200,212
PrincetonDL45.107r.tif,5461,7200,213
PrincetonDL45.107v.tif,5558,7200,214
PrincetonDL45.108r.tif,5477,7200,215
PrincetonDL45.108v.tif,5539,7200,216
PrincetonDL45.109r.tif,5498,7200,217
PrincetonDL45.109v.tif,5586,7200,218
PrincetonDL45.110r.tif,5518,7200,219
PrincetonDL45.110v.tif,5633,7200,220
PrincetonDL45.111r.tif,5511,7200,221
PrincetonDL45.111v.tif,5578,7200,222
PrincetonDL45.112r.tif,5510,7200,223
PrincetonDL45.112v.tif,5627,7200,224
PrincetonDL45.113r.tif,5500,7200,225
PrincetonDL45.113v.tif,5627,7200,226
PrincetonDL45.114r.tif,5511,7200,227
PrincetonDL45.114v.tif,5593,7200,228
PrincetonDL45.115r.tif,5489,7200,229
PrincetonDL45.115v.tif,5617,7200,230
PrincetonDL45.116r.tif,5478,7200,231
PrincetonDL45.116v.tif,5548,7200,232
PrincetonDL45.117r.tif,5473,7200,233
PrincetonDL45.117v.tif,5647,7200,234
PrincetonDL45.118r.tif,5530,7200,235
PrincetonDL45.118v.tif,5641,7200,236
PrincetonDL45.119r.tif,5476,7200,237
PrincetonDL45.119v.tif,5627,7200,238
PrincetonDL45.120r.tif,5485,7200,239
PrincetonDL45.120v.tif,5627,7200,240
PrincetonDL45.121r.tif,5556,7200,241
PrincetonDL45.121v.tif,5598,7200,242
PrincetonDL45.122r.tif,5556,7200,243
PrincetonDL45.122v.tif,5625,7200,244
PrincetonDL45.123r.tif,5536,7200,245
PrincetonDL45.123v.tif,5572,7200,246
PrincetonDL45.124r.tif,5556,7200,247
PrincetonDL45.124v.tif,5594,7200,248
PrincetonDL45.125r.tif,5556,7200,249
PrincetonDL45.125v.tif,5608,7200,250
PrincetonDL45.126r.tif,5556,7200,251
PrincetonDL45.126v.tif,5613,7200,252
PrincetonDL45.127r.tif,5556,7200,253
PrincetonDL45.127v.tif,5603,7200,254
PrincetonDL45.128r.tif,5556,7200,255
PrincetonDL45.128v.tif,5586,7200,256
PrincetonDL45.129r.tif,5556,7200,257
PrincetonDL45.129v.tif,5554,7200,258
PrincetonDL45.130r.tif,5556,7200,259
PrincetonDL45.130v.tif,5627,7200,260
PrincetonDL45.131r.tif,5542,7200,261
PrincetonDL45.131v.tif,5651,7200,262
PrincetonDL45.132r.tif,5556,7200,263
PrincetonDL45.132v.tif,5627,7200,264
PrincetonDL45.133r.tif,5521,7200,265
PrincetonDL45.133v.tif,5627,7200,266
PrincetonDL45.134r.tif,5556,7200,267
PrincetonDL45.134v.tif,5627,7200,268
PrincetonDL45.135r.tif,5556,7200,269
PrincetonDL45.135v.tif,5627,7200,270
PrincetonDL45.136r.tif,5556,7200,271
PrincetonDL45.136v.tif,5627,7200,272
PrincetonDL45.137r.tif,5556,7200,273
PrincetonDL45.137v.tif,5651,7200,274
PrincetonDL45.138r.tif,5556,7200,275
PrincetonDL45.138v.tif,5629,7200,276
PrincetonDL45.139r.tif,5556,7200,277
PrincetonDL45.139v.tif,5650,7200,278
PrincetonDL45.140r.tif,5556,7200,279
PrincetonDL45.140v.tif,5635,7200,280
PrincetonDL45.141r.tif,5556,7200,281
PrincetonDL45.141v.tif,5585,7200,282
PrincetonDL45.142r.tif,5556,7200,283
PrincetonDL45.142v.tif,5650,7200,284
PrincetonDL45.143r.tif,5556,7200,285
PrincetonDL45.143v.tif,5636,7200,286
PrincetonDL45.144r.tif,5556,7200,287
PrincetonDL45.144v.tif,5627,7200,288
PrincetonDL45.145r.tif,5556,7200,289
PrincetonDL45.145v.tif,5648,7200,290
PrincetonDL45.146r.tif,5556,7200,291
PrincetonDL45.146v.tif,5620,7200,292
PrincetonDL45.147r.tif,5556,7200,293
PrincetonDL45.147v.tif,5673,7200,294
PrincetonDL45.148r.tif,5556,7200,295
PrincetonDL45.148v.tif,5580,7200,296
PrincetonDL45.149r.tif,5566,7200,297
PrincetonDL45.149v.tif,5624,7200,298
PrincetonDL45.150r.tif,5562,7200,299
PrincetonDL45.150v.tif,5582,7200,300
PrincetonDL45.151r.tif,5556,7200,301
PrincetonDL45.151v.tif,5648,7200,302
PrincetonDL45.152r.tif,5556,7200,303
PrincetonDL45.152v.tif,5629,7200,304
PrincetonDL45.153r.tif,5571,7200,305
PrincetonDL45.153v.tif,5652,7200,306
PrincetonDL45.154r.tif,5571,7200,307
PrincetonDL45.154v.tif,5650,7200,308
PrincetonDL45.155r.tif,5571,7200,309
PrincetonDL45.155v.tif,5645,7200,310
PrincetonDL45.156r.tif,5571,7200,311
PrincetonDL45.156v.tif,5652,7200,312
PrincetonDL45.157r.tif,5571,7200,313
PrincetonDL45.157v.tif,5575,7200,314
PrincetonDL45.158r.tif,5571,7200,315
PrincetonDL45.158v.tif,5606,7200,316
PrincetonDL45.159r.tif,5571,7200,317
PrincetonDL45.159v.tif,5627,7200,318
PrincetonDL45.160r.tif,5571,7200,319
PrincetonDL45.160v.tif,5597,7200,320
PrincetonDL45.161r.tif,5571,7200,321
PrincetonDL45.161v.tif,5566,7200,322
PrincetonDL45.162r.tif,5585,7200,323
PrincetonDL45.162v.tif,5592,7200,324
PrincetonDL45.163r.tif,5590,7200,325
PrincetonDL45.163v.tif,5635,7200,326
PrincetonDL45.164r.tif,5571,7200,327
PrincetonDL45.164v.tif,5609,7200,328
PrincetonDL45.165r.tif,5571,7200,329
PrincetonDL45.165v.tif,5627,7200,330
PrincetonDL45.166r.tif,5571,7200,331
PrincetonDL45.166v.tif,5572,7200,332
PrincetonDL45.167r.tif,5571,7200,333
PrincetonDL45.167v.tif,5574,7200,334
PrincetonDL45.168r.tif,5574,7200,335
PrincetonDL45.168v.tif,5500,7200,336
PrincetonDL45.169r.tif,5571,7200,337
PrincetonDL45.169v.tif,5556,7200,338
PrincetonDL45.170r.tif,5571,7200,339
PrincetonDL45.170v.tif,5542,7200,340
PrincetonDL45.171r.tif,5519,7200,341
PrincetonDL45.171v.tif,5488,7200,342
PrincetonDL45.172r.tif,5519,7200,343
PrincetonDL45.172v.tif,5554,7200,344
PrincetonDL45.173r.tif,5519,7200,345
PrincetonDL45.173v.tif,5487,7200,346
PrincetonDL45.174r.tif,5519,7200,347
PrincetonDL45.174v.tif,5540,7200,348
PrincetonDL45.175r.tif,5530,7200,349
PrincetonDL45.175v.tif,5536,7200,350
PrincetonDL45.176r.tif,5519,7200,351
PrincetonDL45.176v.tif,5491,7200,352
PrincetonDL45.177r.tif,5514,7200,353
PrincetonDL45.177v.tif,5534,7200,354
PrincetonDL45.178r.tif,5499,7200,355
PrincetonDL45.178v.tif,5530,7200,356
PrincetonDL45.179r.tif,5519,7200,357
PrincetonDL45.179v.tif,5542,7200,358
PrincetonDL45.180r.tif,5562,7200,359
PrincetonDL45.180v.tif,5536,7200,360
PrincetonDL45.181r.tif,5557,7200,361
PrincetonDL45.181v.tif,5506,7200,362
PrincetonDL45.182r.tif,5482,7200,363
PrincetonDL45.182v.tif,5513,7200,364
PrincetonDL45.183r.tif,5532,7200,365
PrincetonDL45.183v.tif,5527,7200,366
PrincetonDL45.184r.tif,5519,7200,367
PrincetonDL45.184v.tif,5512,7200,368
PrincetonDL45.185r.tif,5519,7200,369
PrincetonDL45.185v.tif,5500,7200,370
PrincetonDL45.186r.tif,5519,7200,371
PrincetonDL45.186v.tif,5530,7200,372
PrincetonDL45.187r.tif,5519,7200,373
PrincetonDL45.187v.tif,5548,7200,374
PrincetonDL45.188r.tif,5519,7200,375
PrincetonDL45.188v.tif,5536,7200,376
PrincetonDL45.189r.tif,5519,7200,377
PrincetonDL45.189v.tif,5530,7200,378
PrincetonDL45.190r.tif,5480,7200,379
PrincetonDL45.190v.tif,5530,7200,380
PrincetonDL45.191r.tif,5519,7200,381
PrincetonDL45.191v.tif,5572,7200,382
PrincetonDL45.192r.tif,5461,7200,383
PrincetonDL45.192v.tif,5476,7200,384
PrincetonDL45.193r.tif,5519,7200,385
PrincetonDL45.193v.tif,5506,7200,386
PrincetonDL45.194r.tif,5519,7200,387
PrincetonDL45.194v.tif,5506,7200,388
PrincetonDL45.195r.tif,5519,7200,389
PrincetonDL45.195v.tif,5530,7200,390
PrincetonDL45.196r.tif,5519,7200,391
PrincetonDL45.196v.tif,5494,7200,392
PrincetonDL45.197r.tif,5519,7200,393
PrincetonDL45.197v.tif,5500,7200,394
PrincetonDL45.198r.tif,5519,7200,395
PrincetonDL45.198v.tif,5476,7200,396
PrincetonDL45.199r.tif,5494,7200,397
PrincetonDL45.199v.tif,5445,7200,398
PrincetonDL45.200r.tif,5495,7200,399
PrincetonDL45.200v.tif,5432,7200,400
PrincetonDL45.201r.tif,5522,7200,401
PrincetonDL45.201v.tif,5453,7200,402
PrincetonDL45.202r.tif,5513,7200,403
PrincetonDL45.202v.tif,5469,7200,404
PrincetonDL45.203r.tif,5504,7200,405
PrincetonDL45.203v.tif,5391,7200,406
PrincetonDL45.204r.tif,5500,7200,407
PrincetonDL45.204v.tif,5421,7200,408
PrincetonDL45.205r.tif,5530,7200,409
PrincetonDL45.205v.tif,5438,7200,410
PrincetonDL45.206r.tif,5516,7200,411
PrincetonDL45.206v.tif,5383,7200,412
PrincetonDL45.207r.tif,5520,7200,413
PrincetonDL45.207v.tif,5439,7200,414
PrincetonDL45.208r.tif,5521,7200,415
PrincetonDL45.208v.tif,5404,7200,416
PrincetonDL45.209r.tif,5527,7200,417
PrincetonDL45.209v.tif,5403,7200,418
PrincetonDL45.210r.tif,5480,7200,419
PrincetonDL45.210v.tif,5439,7200,420
PrincetonDL45.211r.tif,5517,7200,421
PrincetonDL45.211v.tif,5402,7200,422
PrincetonDL45.212r.tif,5483,7200,423
PrincetonDL45.212v.tif,5457,7200,424
PrincetonDL45.213r.tif,5492,7200,425
PrincetonDL45.213v.tif,5425,7200,426
PrincetonDL45.214r.tif,5506,7200,427
PrincetonDL45.214v.tif,5406,7200,428
PrincetonDL45.215r.tif,5483,7200,429
PrincetonDL45.215v.tif,5424,7200,430
PrincetonDL45.216r.tif,5483,7200,431
PrincetonDL45.216v.tif,5409,7200,432
PrincetonDL45.217r.tif,5515,7200,433
PrincetonDL45.217v.tif,5365,7200,434
PrincetonDL45.218r.tif,5500,7200,435
PrincetonDL45.218v.tif,5379,7200,436
PrincetonDL45.219r.tif,5499,7200,437
PrincetonDL45.219v.tif,5342,7200,438
PrincetonDL45.220r.tif,5498,7200,439
PrincetonDL45.220v.tif,5294,7200,440
PrincetonDL45.221r.tif,5521,7200,441
PrincetonDL45.221v.tif,5294,7200,442
PrincetonDL45.222r.tif,5497,7200,443
PrincetonDL45.222v.tif,5294,7200,444
PrincetonDL45.223r.tif,5492,7200,445
PrincetonDL45.223v.tif,5294,7200,446
PrincetonDL45.224r.tif,5521,7200,447
PrincetonDL45.224v.tif,5294,7200,448
PrincetonDL45.225r.tif,5503,7200,449
PrincetonDL45.225v.tif,5294,7200,450
PrincetonDL45.226r.tif,5508,7200,451
PrincetonDL45.226v.tif,5294,7200,452
PrincetonDL45.227r.tif,5513,7200,453
PrincetonDL45.227v.tif,5294,7200,454
PrincetonDL45.228r.tif,5505,7200,455
PrincetonDL45.228v.tif,5294,7200,456
PrincetonDL45.229r.tif,5510,7200,457
PrincetonDL45.229v.tif,5318,7200,458
PrincetonDL45.230r.tif,5510,7200,459
PrincetonDL45.230v.tif,5294,7200,460
PrincetonDL45.231r.tif,5520,7200,461
PrincetonDL45.231v.tif,5294,7200,462
PrincetonDL45.232r.tif,5511,7200,463
PrincetonDL45.232v.tif,5294,7200,464
PrincetonDL45.233r.tif,5508,7200,465
PrincetonDL45.233v.tif,5294,7200,466
PrincetonDL45.234r.tif,5519,7200,467
PrincetonDL45.234v.tif,5294,7200,468
PrincetonDL45.235r.tif,5490,7200,469
PrincetonDL45.235v.tif,5294,7200,470
PrincetonDL45.236r.tif,5492,7200,471
PrincetonDL45.236v.tif,5294,7200,472
PrincetonDL45.237r.tif,5501,7200,473
PrincetonDL45.237v.tif,5294,7200,474
PrincetonDL45.238r.tif,5517,7200,475
PrincetonDL45.238v.tif,5169,7200,476
PrincetonDL45.239r.tif,5483,7200,477
PrincetonDL45.239v.tif,5294,7200,478
PrincetonDL45.240r.tif,5478,7200,479
PrincetonDL45.240v.tif,5264,7200,480
PrincetonDL45.241r.tif,5495,7200,481
PrincetonDL45.241v.tif,5264,7200,482
PrincetonDL45.242r.tif,5488,7200,483
PrincetonDL45.242v.tif,5264,7200,484
PrincetonDL45.243r.tif,5459,7200,485
PrincetonDL45.243v.tif,5264,7200,486
PrincetonDL45.244r.tif,5491,7200,487
PrincetonDL45.244v.tif,5264,7200,488
PrincetonDL45.245r.tif,5483,7200,489
PrincetonDL45.245v.tif,5264,7200,490
PrincetonDL45.246r.tif,5457,7200,491
PrincetonDL45.246v.tif,5264,7200,492
PrincetonDL45.247r.tif,5485,7200,493
PrincetonDL45.247v.tif,5264,7200,494
PrincetonDL45.248r.tif,5463,7200,495
PrincetonDL45.248v.tif,5206,7200,496
PrincetonDL45.249r.tif,5478,7200,497
PrincetonDL45.249v.tif,5181,7200,498
PrincetonDL45.250r.tif,5459,7200,499
PrincetonDL45.250v.tif,5184,7200,500
PrincetonDL45.251r.tif,5459,7200,501
PrincetonDL45.251v.tif,5184,7200,502
PrincetonDL45.252r.tif,5455,7200,503
PrincetonDL45.252v.tif,5184,7200,504
PrincetonDL45.253r.tif,5457,7200,50[5]
PrincetonDL45.253v.tif,5184,7200,506
PrincetonDL45.254r.tif,5426,7200,507
PrincetonDL45.254v.tif,5184,7200,508
PrincetonDL45.255r.tif,5465,7200,509
PrincetonDL45.255v.tif,5184,7200,510
PrincetonDL45.256r.tif,5457,7200,511
PrincetonDL45.256v.tif,5184,7200,512
PrincetonDL45.257r.tif,5443,7200,513
PrincetonDL45.257v.tif,5184,7200,514
PrincetonDL45.258r.tif,5429,7200,515
PrincetonDL45.258v.tif,5184,7200,516
PrincetonDL45.259r.tif,5462,7200,517
PrincetonDL45.259v.tif,5184,7200,518
PrincetonDL45.260r.tif,5472,7200,519
PrincetonDL45.260v.tif,5184,7200,520
PrincetonDL45.261r.tif,5460,7200,521
PrincetonDL45.261v.tif,5184,7200,522
PrincetonDL45.262r.tif,5428,7200,523
PrincetonDL45.262v.tif,5184,7200,524
PrincetonDL45.263r.tif,5442,7200,525
PrincetonDL45.263v.tif,5184,7200,526
PrincetonDL45.264r.tif,5446,7200,527
PrincetonDL45.264v.tif,5184,7200,528
PrincetonDL45.265r.tif,5466,7200,529
PrincetonDL45.265v.tif,5184,7200,530
PrincetonDL45.266r.tif,5412,7200,531
PrincetonDL45.266v.tif,5184,7200,532
PrincetonDL45.267r.tif,5413,7200,533
PrincetonDL45.267v.tif,5184,7200,534
PrincetonDL45.268r.tif,5398,7200,535
PrincetonDL45.268v.tif,5184,7200,536
PrincetonDL45.269r.tif,5429,7200,537
PrincetonDL45.269v.tif,5184,7200,538
PrincetonDL45.270r.tif,5450,7200,539
PrincetonDL45.270v.tif,5184,7200,540
PrincetonDL45.271r.tif,5423,7200,541
PrincetonDL45.271v.tif,5184,7200,542
PrincetonDL45.272r.tif,5409,7200,543
PrincetonDL45.272v.tif,5184,7200,544
PrincetonDL45.273r.tif,5395,7200,545
PrincetonDL45.273v.tif,5178,7200,546
PrincetonDL45.274r.tif,5392,7200,547
PrincetonDL45.274v.tif,5249,7200,548
PrincetonDL45.275r.tif,5393,7200,549
PrincetonDL45.275v.tif,5214,7200,550
PrincetonDL45.276r.tif,5424,7200,551
PrincetonDL45.276v.tif,5236,7200,552
PrincetonDL45.277r.tif,5426,7200,553
PrincetonDL45.277v.tif,5218,7200,554
PrincetonDL45.278r.tif,5436,7200,555
PrincetonDL45.278v.tif,5229,7200,556
PrincetonDL45.279r.tif,5485,7200,557
PrincetonDL45.279v.tif,5249,7200,558
PrincetonDL45.280r.tif,5447,7200,559
PrincetonDL45.280v.tif,5244,7200,560
PrincetonDL45.281r.tif,5433,7200,561
PrincetonDL45.281v.tif,5282,7200,562
PrincetonDL45.282r.tif,5391,7200,563
PrincetonDL45.282v.tif,5258,7200,564
PrincetonDL45.283r.tif,5374,7200,565
PrincetonDL45.283v.tif,5225,7200,566
PrincetonDL45.284r.tif,5412,7200,567
PrincetonDL45.284v.tif,5229,7200,568
PrincetonDL45.285r.tif,5350,7200,569
PrincetonDL45.285v.tif,5276,7200,570
PrincetonDL45.286r.tif,5302,7200,571
PrincetonDL45.286v.tif,5274,7200,572
PrincetonDL45.endmatter.flyleaf.001r.tif,5078,7200,##end matter 1r
PrincetonDL45.endmatter.flyleaf.001v.tif,5335,7200,##end matter 1v
PrincetonDL45.endmatter.flyleaf.002r.tif,5231,7200,##end matter 2r
PrincetonDL45.endmatter.flyleaf.002v.tif,5210,7200,##end matter 2v
PrincetonDL45.endmatter.pastedown.tif,5219,7200,##end matter pastedown
PrincetonDL45.binding.backcover.tif,5198,7200,##binding back cover
