BL615d7.binding.frontcover.tif,4714,6470,binding front cover
BL615d7.frontmatter.pastedown.tif,4459,6684,front matter pastedown
BL615d7.frontmatter.flyleaf.001r.tif,4591,6738,front matter 1r
BL615d7.frontmatter.flyleaf.001v.tif,4459,6684,front matter 1v
BL615d7.frontmatter.flyleaf.002r.tif,4591,6738,front matter 2r
BL615d7.frontmatter.flyleaf.002v.tif,4459,6684,front matter 2v
BL615d7.frontmatter.flyleaf.003r.tif,4591,6738,front matter 3r
BL615d7.frontmatter.flyleaf.003v.tif,4511,6684,front matter 3v
BL615d7.frontmatter.flyleaf.004r.tif,4591,6738,title page
BL615d7.frontmatter.flyleaf.004v.tif,4486,6684,title page verso
BL615d7.frontmatter.flyleaf.005r.tif,4556,6738,aij
BL615d7.frontmatter.flyleaf.005v.tif,4486,6684,[aij[v]]
BL615d7.frontmatter.flyleaf.006r.tif,4556,6738,aiij
BL615d7.frontmatter.flyleaf.006v.tif,4486,6684,[aiij[v]]
BL615d7.frontmatter.flyleaf.007r.tif,4556,6738,aiiij
BL615d7.frontmatter.flyleaf.007v.tif,4486,6684,[aiiij[v]]
BL615d7.frontmatter.flyleaf.008r.tif,4556,6738,[avi]
BL615d7.frontmatter.flyleaf.008v.tif,4486,6684,[avi[v]]
BL615d7.frontmatter.flyleaf.009r.tif,4556,6738,[avii]
BL615d7.frontmatter.flyleaf.009v.tif,4486,6620,[avij[v]]
BL615d7.frontmatter.flyleaf.010r.tif,4556,6738,[aviij]
BL615d7.frontmatter.flyleaf.010v.tif,4486,6620,[aviij[v]]
BL615d7.frontmatter.flyleaf.011r.tif,4556,6738,[aix]
BL615d7.frontmatter.flyleaf.011v.tif,4486,6620,[aivx[v]]
BL615d7.frontmatter.flyleaf.012r.tif,4556,6738,b
BL615d7.frontmatter.flyleaf.012v.tif,4486,6620,[b[v]]
BL615d7.frontmatter.flyleaf.013r.tif,4556,6738,bij
BL615d7.frontmatter.flyleaf.013v.tif,4486,6620,[bij[v]]
BL615d7.frontmatter.flyleaf.014r.tif,4556,6738,biij
BL615d7.frontmatter.flyleaf.014v.tif,4486,6620,[biij[v]]
BL615d7.frontmatter.flyleaf.015r.tif,4556,6738,biiij
BL615d7.frontmatter.flyleaf.015v.tif,4486,6620,[biij[v]]
BL615d7.frontmatter.flyleaf.016r.tif,4556,6738,[bv]
BL615d7.frontmatter.flyleaf.016v.tif,4486,6620,[bv[v]]
BL615d7.frontmatter.flyleaf.017r.tif,4556,6738,[bvi]
BL615d7.frontmatter.flyleaf.017v.tif,4590,6620,[bvi[v]]
BL615d7.frontmatter.flyleaf.018r.tif,4556,6738,[bvij]
BL615d7.frontmatter.flyleaf.018v.tif,4590,6620,[bvij[v]]
BL615d7.frontmatter.flyleaf.019r.tif,4556,6738,[bviij]
BL615d7.frontmatter.flyleaf.019v.tif,4636,6656,[bviij[v]]
BL615d7.frontmatter.flyleaf.020r.tif,4556,6738,[bix]
BL615d7.frontmatter.flyleaf.020v.tif,4636,6656,[bix[v]]
BL615d7.frontmatter.flyleaf.021r.tif,4556,6738,[bx]
BL615d7.frontmatter.flyleaf.021v.tif,4636,6656,[bx[v]]
BL615d7.frontmatter.flyleaf.022r.tif,4556,6738,[bxi]
BL615d7.frontmatter.flyleaf.022v.tif,4636,6656,[bxi[v]]
BL615d7.frontmatter.flyleaf.023r.tif,4556,6738,[bxii]
BL615d7.frontmatter.flyleaf.023v.tif,4636,6656,[bxii[v]]
BL615d7.001r.tif,4556,6738,1
BL615d7.001v.tif,4636,6656,[1v]
BL615d7.002r.tif,4556,6738,2
BL615d7.002v.tif,4636,6656,[2v]
BL615d7.003r.tif,4556,6738,3
BL615d7.003v.tif,4636,6656,[3v]
BL615d7.004r.tif,4556,6738,4
BL615d7.004v.tif,4636,6656,[4v]
BL615d7.005r.tif,4556,6738,5
BL615d7.005v.tif,4636,6656,5v
BL615d7.006r.tif,4556,6738,6
BL615d7.006v.tif,4636,6656,[6v]
BL615d7.007r.tif,4556,6738,7
BL615d7.007v.tif,4636,6656,[7v]
BL615d7.008r.tif,4556,6738,8
BL615d7.008v.tif,4636,6656,[8v]
BL615d7.009r.tif,4556,6738,9
BL615d7.009v.tif,4636,6656,[9v]
BL615d7.010r.tif,4556,6738,10
BL615d7.010v.tif,4636,6656,[10v]
BL615d7.011r.tif,4556,6738,11
BL615d7.011v.tif,4636,6656,[11v]
BL615d7.012r.tif,4556,6738,12
BL615d7.012v.tif,4636,6585,[12v]
BL615d7.013r.tif,4556,6738,13
BL615d7.013v.tif,4636,6585,[13v]
BL615d7.014r.tif,4556,6738,14
BL615d7.014v.tif,4636,6585,[14v]
BL615d7.015r.tif,4556,6738,15
BL615d7.015v.tif,4636,6585,[15v]
BL615d7.016r.tif,4556,6738,16
BL615d7.016v.tif,4636,6585,[16v]
BL615d7.017r.tif,4556,6738,17
BL615d7.017v.tif,4636,6585,[17v]
BL615d7.018r.tif,4556,6738,18
BL615d7.018v.tif,4636,6585,[18v]
BL615d7.019r.tif,4556,6738,19
BL615d7.019v.tif,4636,6585,[19v]
BL615d7.020r.tif,4556,6738,20
BL615d7.020v.tif,4636,6585,[20v]
BL615d7.021r.tif,4556,6738,21
BL615d7.021v.tif,4636,6585,[21v]
BL615d7.022r.tif,4556,6738,22
BL615d7.022v.tif,4636,6585,[22v]
BL615d7.023r.tif,4556,6738,23
BL615d7.023v.tif,4636,6585,[23v]
BL615d7.024r.tif,4556,6738,24
BL615d7.024v.tif,4636,6585,[24v]
BL615d7.025r.tif,4556,6738,25
BL615d7.025v.tif,4636,6585,[25v]
BL615d7.026r.tif,4556,6738,26
BL615d7.026v.tif,4668,6585,[26v]
BL615d7.027r.tif,4556,6692,27
BL615d7.027v.tif,4668,6585,[27v]
BL615d7.028r.tif,4556,6692,28
BL615d7.028v.tif,4668,6585,[28v]
BL615d7.029r.tif,4556,6692,29
BL615d7.029v.tif,4668,6585,[29v]
BL615d7.030r.tif,4556,6692,30
BL615d7.030v.tif,4668,6585,[30v]
BL615d7.031r.tif,4556,6692,31
BL615d7.031v.tif,4668,6585,[31v]
BL615d7.032r.tif,4556,6692,32
BL615d7.032v.tif,4668,6585,[32v]
BL615d7.033r.tif,4480,6692,33
BL615d7.033v.tif,4668,6585,[33v]
BL615d7.034r.tif,4505,6692,34
BL615d7.034v.tif,4668,6585,[34v]
BL615d7.035r.tif,4505,6692,35
BL615d7.035v.tif,4668,6585,[35v]
BL615d7.036r.tif,4505,6692,36
BL615d7.036v.tif,4668,6585,[36v]
BL615d7.037r.tif,4542,6692,37
BL615d7.037v.tif,4668,6585,[37v]
BL615d7.038r.tif,4542,6692,38
BL615d7.038v.tif,4668,6585,[38v]
BL615d7.039r.tif,4542,6692,39
BL615d7.039v.tif,4668,6585,[39v]
BL615d7.040r.tif,4542,6692,40
BL615d7.040v.tif,4668,6585,[40v]
BL615d7.041r.tif,4542,6692,41
BL615d7.041v.tif,4668,6585,[41v]
BL615d7.042r.tif,4542,6692,30
BL615d7.042v.tif,4668,6585,[42v]
BL615d7.043r.tif,4542,6692,43
BL615d7.043v.tif,4668,6585,[43v]
BL615d7.044r.tif,4542,6692,35
BL615d7.044v.tif,4668,6585,[35v]
BL615d7.045r.tif,4542,6692,45
BL615d7.045v.tif,4668,6585,[45v]
BL615d7.046r.tif,4542,6692,32
BL615d7.046v.tif,4668,6585,[46v]
BL615d7.047r.tif,4592,6692,47
BL615d7.047v.tif,4748,6585,[47v]
BL615d7.048r.tif,4592,6692,40
BL615d7.048v.tif,4748,6585,[48v]
BL615d7.049r.tif,4592,6692,49
BL615d7.049v.tif,4748,6585,[49[v]]
BL615d7.050r.tif,4592,6692,50
BL615d7.050v.tif,4748,6585,[50v]
BL615d7.051r.tif,4592,6692,51
BL615d7.051v.tif,4748,6585,[51v]
BL615d7.052r.tif,4592,6692,52
BL615d7.052v.tif,4748,6585,[52v]
BL615d7.053r.tif,4592,6692,53
BL615d7.053v.tif,4748,6585,[53v]
BL615d7.054r.tif,4592,6692,54
BL615d7.054v.tif,4748,6439,[54[v]]
BL615d7.055r.tif,4592,6692,55
BL615d7.055v.tif,4748,6439,[55v]
BL615d7.056r.tif,4592,6692,56
BL615d7.056v.tif,4748,6439,[56v]
BL615d7.057r.tif,4592,6692,57
BL615d7.057v.tif,4748,6439,[57v]
BL615d7.058r.tif,4592,6692,58
BL615d7.058v.tif,4748,6439,[58v]
BL615d7.059r.tif,4592,6692,59
BL615d7.059v.tif,4748,6439,[59[v]]
BL615d7.060r.tif,4592,6692,60
BL615d7.060v.tif,4691,6439,[60[v]]
BL615d7.061r.tif,4592,6692,61
BL615d7.061v.tif,4691,6439,[61[v]]
BL615d7.062r.tif,4592,6692,62
BL615d7.062v.tif,4691,6439,[62[v]]
BL615d7.063r.tif,4592,6692,63
BL615d7.063v.tif,4691,6439,[63[v]]
BL615d7.064r.tif,4592,6692,64
BL615d7.064v.tif,4691,6439,[64[v]]
BL615d7.065r.tif,4592,6692,65
BL615d7.065v.tif,4691,6439,[65v]
BL615d7.066r.tif,4592,6692,66
BL615d7.066v.tif,4691,6439,[66v]
BL615d7.067r.tif,4609,6692,67
BL615d7.067v.tif,4730,6435,[67v]
BL615d7.068r.tif,4609,6692,68
BL615d7.068v.tif,4730,6435,[68v]
BL615d7.069r.tif,4609,6692,69
BL615d7.069v.tif,4730,6435,[69v]
BL615d7.070r.tif,4686,6692,70
BL615d7.070v.tif,4730,6435,[70v]
BL615d7.071r.tif,4686,6692,71
BL615d7.071v.tif,4730,6435,[71v]
BL615d7.072r.tif,4686,6692,72
BL615d7.072v.tif,4730,6435,[72v]
BL615d7.073r.tif,4686,6692,73
BL615d7.073v.tif,4730,6435,[73v]
BL615d7.074r.tif,4686,6692,74
BL615d7.074v.tif,4730,6435,[74v]
BL615d7.075r.tif,4686,6692,75
BL615d7.075v.tif,4730,6508,[75v]
BL615d7.076r.tif,4686,6692,76
BL615d7.076v.tif,4730,6508,[76v]
BL615d7.077r.tif,4686,6692,77
BL615d7.077v.tif,4776,6508,[77v]
BL615d7.078r.tif,4686,6692,78
BL615d7.078v.tif,4776,6508,[78v]
BL615d7.079r.tif,4686,6692,79
BL615d7.079v.tif,4776,6508,[79v]
BL615d7.080r.tif,4686,6692,80
BL615d7.080v.tif,4776,6508,[80v]
BL615d7.081r.tif,4686,6692,81
BL615d7.081v.tif,4776,6508,[81v]
BL615d7.082r.tif,4686,6692,82
BL615d7.082v.tif,4703,6400,[82[v]]
BL615d7.083r.tif,4686,6692,83
BL615d7.083v.tif,4703,6400,[83[v]]
BL615d7.084r.tif,4686,6692,84
BL615d7.084v.tif,4703,6400,[84v]
BL615d7.085r.tif,4686,6692,85
BL615d7.085v.tif,4703,6400,[85v]
BL615d7.086r.tif,4686,6692,86
BL615d7.086v.tif,4703,6400,[86v]
BL615d7.087r.tif,4686,6692,87
BL615d7.087v.tif,4703,6400,[87[v]]
BL615d7.088r.tif,4686,6692,88
BL615d7.088v.tif,4703,6400,[88v]
BL615d7.089r.tif,4686,6692,89
BL615d7.089v.tif,4728,6400,[89v]
BL615d7.090r.tif,4577,6692,90
BL615d7.090v.tif,4703,6400,[90v]
BL615d7.091r.tif,4577,6692,91
BL615d7.091v.tif,4703,6400,[91v]
BL615d7.092r.tif,4577,6692,92
BL615d7.092v.tif,4703,6400,[92v]
BL615d7.093r.tif,4577,6692,93
BL615d7.093v.tif,4703,6400,[93v]
BL615d7.094r.tif,4577,6692,94
BL615d7.094v.tif,4703,6400,[94[v]]
BL615d7.095r.tif,4577,6692,95
BL615d7.095v.tif,4703,6424,[95v]
BL615d7.096r.tif,4577,6692,96
BL615d7.096v.tif,4742,6424,[96v]
BL615d7.097r.tif,4577,6692,97
BL615d7.097v.tif,4742,6424,[97v]
BL615d7.098r.tif,4577,6692,98
BL615d7.098v.tif,4742,6424,[98v]
BL615d7.099r.tif,4610,6692,9
BL615d7.099v.tif,4742,6424,[99v]
BL615d7.100r.tif,4610,6692,100
BL615d7.100v.tif,4742,6424,[100[v]]
BL615d7.101r.tif,4610,6692,101
BL615d7.101v.tif,4742,6424,[101v]
BL615d7.102r.tif,4610,6692,102
BL615d7.102v.tif,4742,6424,[102v]
BL615d7.103r.tif,4610,6692,103
BL615d7.103v.tif,4742,6424,[103v]
BL615d7.104r.tif,4610,6692,104
BL615d7.104v.tif,4742,6424,[104v]
BL615d7.105r.tif,4610,6692,105
BL615d7.105v.tif,4742,6424,[105v]
BL615d7.106r.tif,4610,6692,106
BL615d7.106v.tif,4742,6424,[106v]
BL615d7.107r.tif,4610,6692,107
BL615d7.107v.tif,4742,6424,[107v]
BL615d7.108r.tif,4610,6692,108
BL615d7.108v.tif,4742,6424,[108v]
BL615d7.109r.tif,4610,6692,109
BL615d7.109v.tif,4742,6424,[109v]
BL615d7.110r.tif,4610,6692,110
BL615d7.110v.tif,4742,6424,[110v]
BL615d7.111r.tif,4610,6692,111
BL615d7.111v.tif,4742,6424,[111v]
BL615d7.112r.tif,4610,6692,112
BL615d7.112v.tif,4742,6424,[112v]
BL615d7.113r.tif,4623,6633,113
BL615d7.113v.tif,4691,6424,[113v]
BL615d7.114r.tif,4686,6633,114
BL615d7.114v.tif,4691,6424,[114v]
BL615d7.115r.tif,4686,6633,115
BL615d7.115v.tif,4691,6451,[115v]
BL615d7.116r.tif,4686,6633,116
BL615d7.116v.tif,4691,6451,[116v]
BL615d7.117r.tif,4686,6633,117
BL615d7.117v.tif,4691,6451,[117v]
BL615d7.118r.tif,4686,6633,118
BL615d7.118v.tif,4691,6451,[118v]
BL615d7.119r.tif,4686,6633,119
BL615d7.119v.tif,4691,6451,[119v]
BL615d7.120r.tif,4686,6633,120
BL615d7.120v.tif,4691,6451,[120v]
BL615d7.121r.tif,4686,6633,121
BL615d7.121v.tif,4691,6451,[121v]
BL615d7.122r.tif,4686,6633,122
BL615d7.122v.tif,4691,6451,[122v]
BL615d7.123r.tif,4686,6633,123
BL615d7.123v.tif,4691,6451,[123v]
BL615d7.124r.tif,4686,6633,124
BL615d7.124v.tif,4691,6451,[124v]
BL615d7.125r.tif,4686,6633,125
BL615d7.125v.tif,4691,6451,[125v]
BL615d7.126r.tif,4686,6633,126
BL615d7.126v.tif,4691,6451,[126v]
BL615d7.127r.tif,4686,6633,127
BL615d7.127v.tif,4691,6451,[127v]
BL615d7.128r.tif,4686,6633,128
BL615d7.128v.tif,4691,6451,[128v]
BL615d7.129r.tif,4686,6633,129
BL615d7.129v.tif,4758,6451,[129v]
BL615d7.130r.tif,4686,6633,130
BL615d7.130v.tif,4758,6451,[130v]
BL615d7.131r.tif,4686,6633,131
BL615d7.131v.tif,4758,6451,[131v]
BL615d7.132r.tif,4686,6633,132
BL615d7.132v.tif,4758,6451,[132v]
BL615d7.133r.tif,4686,6633,133
BL615d7.133v.tif,4758,6451,[133v]
BL615d7.134r.tif,4686,6633,134
BL615d7.134v.tif,4758,6451,[134v]
BL615d7.135r.tif,4686,6633,135
BL615d7.135v.tif,4758,6451,[135v]
BL615d7.136r.tif,4686,6633,136
BL615d7.136v.tif,4758,6451,[136v]
BL615d7.137r.tif,4686,6633,137
BL615d7.137v.tif,4758,6451,[137v]
BL615d7.138r.tif,4686,6633,138
BL615d7.138v.tif,4758,6451,[138v]
BL615d7.139r.tif,4686,6633,139
BL615d7.139v.tif,4758,6451,[139v]
BL615d7.140r.tif,4686,6633,140
BL615d7.140v.tif,4758,6451,[140v]
BL615d7.141r.tif,4686,6633,141
BL615d7.141v.tif,4758,6451,[141v]
BL615d7.142r.tif,4686,6633,142
BL615d7.142v.tif,4758,6451,[142[v]]
BL615d7.143r.tif,4686,6633,143
BL615d7.143v.tif,4758,6451,[143v]
BL615d7.144r.tif,4686,6633,144
BL615d7.144v.tif,4841,6451,[144[v]]
BL615d7.145r.tif,4686,6633,145
BL615d7.145v.tif,4841,6451,[145v]
BL615d7.146r.tif,4686,6633,146
BL615d7.146v.tif,4841,6451,[146v]
BL615d7.147r.tif,4686,6633,147
BL615d7.147v.tif,4756,6309,[147v]
BL615d7.148r.tif,4686,6633,148
BL615d7.148v.tif,4756,6309,[148v]
BL615d7.149r.tif,4686,6633,149
BL615d7.149v.tif,4756,6309,[149v]
BL615d7.150r.tif,4686,6633,150
BL615d7.150v.tif,4756,6309,[150v]
BL615d7.151r.tif,4686,6633,151
BL615d7.151v.tif,4756,6309,151[v]
BL615d7.152r.tif,4686,6633,152
BL615d7.152v.tif,4756,6309,[152v]
BL615d7.153r.tif,4686,6633,153
BL615d7.153v.tif,4756,6309,[153v]
BL615d7.154r.tif,4686,6633,154
BL615d7.154v.tif,4756,6309,[154v]
BL615d7.155r.tif,4686,6633,155
BL615d7.155v.tif,4718,6309,[155v]
BL615d7.156r.tif,4686,6633,156
BL615d7.156v.tif,4718,6309,[156v]
BL615d7.157r.tif,4686,6633,157
BL615d7.157v.tif,4718,6309,[157v]
BL615d7.158r.tif,4686,6633,158
BL615d7.158v.tif,4718,6309,[158v]
BL615d7.159r.tif,4686,6633,159
BL615d7.159v.tif,4718,6309,[159v]
BL615d7.160r.tif,4686,6633,160
BL615d7.160v.tif,4718,6309,[160v]
BL615d7.161r.tif,4686,6633,161
BL615d7.161v.tif,4718,6309,[161v]
BL615d7.162r.tif,4686,6633,162
BL615d7.162v.tif,4718,6309,[162v]
BL615d7.163r.tif,4605,6633,163
BL615d7.163v.tif,4718,6309,[163v]
BL615d7.164r.tif,4667,6633,164
BL615d7.164v.tif,4718,6309,[164]v
BL615d7.165r.tif,4667,6633,165
BL615d7.165v.tif,4718,6309,[165v]
BL615d7.166r.tif,4667,6633,166
BL615d7.166v.tif,4718,6309,[166v]
BL615d7.167r.tif,4667,6633,167
BL615d7.167v.tif,4718,6309,[167v]
BL615d7.168r.tif,4667,6633,168
BL615d7.168v.tif,4718,6309,[168v]
BL615d7.169r.tif,4667,6633,169
BL615d7.169v.tif,4718,6309,[169v]
BL615d7.170r.tif,4667,6633,170
BL615d7.170v.tif,4718,6309,[170v]
BL615d7.171r.tif,4667,6633,171
BL615d7.171v.tif,4718,6309,[171v]
BL615d7.172r.tif,4667,6633,172
BL615d7.172v.tif,4718,6309,[172v]
BL615d7.173r.tif,4667,6633,173
BL615d7.173v.tif,4718,6309,[173v]
BL615d7.174r.tif,4667,6633,174
BL615d7.174v.tif,4718,6309,[174v]
BL615d7.175r.tif,4667,6633,175
BL615d7.175v.tif,4718,6309,[175v]
BL615d7.176r.tif,4667,6633,176
BL615d7.176v.tif,4718,6309,[176v]
BL615d7.177r.tif,4667,6633,177
BL615d7.177v.tif,4769,6309,[177v]
BL615d7.178r.tif,4667,6633,178
BL615d7.178v.tif,4769,6309,[178v]
BL615d7.179r.tif,4667,6633,179
BL615d7.179v.tif,4769,6309,[179v]
BL615d7.180r.tif,4589,6633,180
BL615d7.180v.tif,4769,6309,[180v]
BL615d7.181r.tif,4589,6633,181
BL615d7.181v.tif,4769,6309,[181v]
BL615d7.182r.tif,4589,6633,182
BL615d7.182v.tif,4720,6309,[182v]
BL615d7.183r.tif,4589,6633,183
BL615d7.183v.tif,4720,6309,[183[v]
BL615d7.184r.tif,4589,6633,184
BL615d7.184v.tif,4720,6309,[184v]
BL615d7.185r.tif,4589,6633,185
BL615d7.185v.tif,4720,6309,[185v]
BL615d7.186r.tif,4589,6633,186
BL615d7.186v.tif,4720,6309,[186v]
BL615d7.187r.tif,4589,6633,187
BL615d7.187v.tif,4720,6309,[187v]
BL615d7.188r.tif,4589,6633,188
BL615d7.188v.tif,4720,6309,[188v]
BL615d7.189r.tif,4589,6633,189
BL615d7.189v.tif,4720,6309,[189v]
BL615d7.190r.tif,4589,6633,190
BL615d7.190v.tif,4720,6309,[190v]
BL615d7.191r.tif,4589,6633,191
BL615d7.191v.tif,4720,6309,[191v]
BL615d7.192r.tif,4589,6633,192
BL615d7.192v.tif,4720,6309,[192v]
BL615d7.193r.tif,4589,6633,193
BL615d7.193v.tif,4720,6309,[193v]
BL615d7.194r.tif,4589,6633,194
BL615d7.194v.tif,4720,6309,[194v]
BL615d7.195r.tif,4589,6633,195
BL615d7.195v.tif,4720,6309,[195v]
BL615d7.196r.tif,4589,6633,196
BL615d7.196v.tif,4720,6335,[196v]
BL615d7.197r.tif,4589,6633,197
BL615d7.197v.tif,4720,6335,[197v]
BL615d7.198r.tif,4589,6633,198
BL615d7.198v.tif,4720,6335,[198v]
BL615d7.199r.tif,4589,6580,199
BL615d7.199v.tif,4720,6335,[199v]
BL615d7.200r.tif,4589,6580,200
BL615d7.200v.tif,4720,6335,[200v]
BL615d7.201r.tif,4589,6580,201
BL615d7.201v.tif,4720,6335,[201v]
BL615d7.202r.tif,4589,6580,202
BL615d7.202v.tif,4720,6335,[202v]
BL615d7.203r.tif,4589,6580,203
BL615d7.203v.tif,4720,6335,[203v]
BL615d7.204r.tif,4589,6580,204
BL615d7.204v.tif,4720,6335,[204v]
BL615d7.205r.tif,4589,6580,205
BL615d7.205v.tif,4720,6335,[205v]
BL615d7.206r.tif,4589,6580,206
BL615d7.206v.tif,4720,6335,[206v]
BL615d7.207r.tif,4589,6580,207
BL615d7.207v.tif,4720,6335,[207v]
BL615d7.208r.tif,4589,6580,208
BL615d7.208v.tif,4720,6335,[208v]
BL615d7.209r.tif,4589,6580,209
BL615d7.209v.tif,4720,6335,[209v]
BL615d7.210r.tif,4589,6580,210
BL615d7.210v.tif,4720,6335,[210v]
BL615d7.211r.tif,4589,6580,211
BL615d7.211v.tif,4626,6335,[211v]
BL615d7.212r.tif,4589,6580,212
BL615d7.212v.tif,4626,6335,[212v]
BL615d7.213r.tif,4589,6580,213
BL615d7.213v.tif,4626,6335,[213v]
BL615d7.214r.tif,4589,6580,214
BL615d7.214v.tif,4626,6335,[214v]
BL615d7.215r.tif,4589,6580,215
BL615d7.215v.tif,4626,6335,[215v]
BL615d7.216r.tif,4589,6580,216
BL615d7.216v.tif,4626,6335,[216v]
BL615d7.217r.tif,4589,6580,217
BL615d7.217v.tif,4626,6335,[217v]
BL615d7.218r.tif,4589,6580,218
BL615d7.218v.tif,4626,6335,[218v]
BL615d7.219r.tif,4589,6580,219
BL615d7.219v.tif,4626,6335,[219v]
BL615d7.220r.tif,4589,6580,220
BL615d7.220v.tif,4626,6335,[220v]
BL615d7.221r.tif,4589,6580,221
BL615d7.221v.tif,4723,6405,[221v]
BL615d7.222r.tif,4589,6580,222
BL615d7.222v.tif,4723,6405,[222v]
BL615d7.223r.tif,4589,6580,223
BL615d7.223v.tif,4723,6405,[223v]
BL615d7.224r.tif,4589,6580,224
BL615d7.224v.tif,4621,6405,[224v]
BL615d7.225r.tif,4589,6580,225
BL615d7.225v.tif,4621,6405,[225v]
BL615d7.226r.tif,4589,6580,226
BL615d7.226v.tif,4621,6405,[226v]
BL615d7.227r.tif,4589,6580,227
BL615d7.227v.tif,4621,6405,[227v]
BL615d7.228r.tif,4589,6580,228
BL615d7.228v.tif,4621,6405,[228v]
BL615d7.229r.tif,4589,6580,229
BL615d7.229v.tif,4621,6405,[229v]
BL615d7.230r.tif,4589,6580,230
BL615d7.230v.tif,4621,6405,[230v]
BL615d7.231r.tif,4589,6580,231
BL615d7.231v.tif,4621,6405,[2321v]
BL615d7.232r.tif,4589,6580,232
BL615d7.232v.tif,4621,6405,[232v]
BL615d7.233r.tif,4589,6580,233
BL615d7.233v.tif,4621,6405,[233v]
BL615d7.234r.tif,4589,6580,234
BL615d7.234v.tif,4621,6405,[234v]
BL615d7.235r.tif,4589,6580,235
BL615d7.235v.tif,4621,6405,[235v]
BL615d7.236r.tif,4589,6580,236
BL615d7.236v.tif,4621,6405,[236v]
BL615d7.237r.tif,4589,6580,237
BL615d7.237v.tif,4621,6405,[237v]
BL615d7.238r.tif,4589,6580,238
BL615d7.238v.tif,4621,6405,[238v]
BL615d7.239r.tif,4589,6580,239
BL615d7.239v.tif,4621,6405,[239v]
BL615d7.240r.tif,4589,6580,240
BL615d7.240v.tif,4621,6405,[240v]
BL615d7.241r.tif,4589,6580,241
BL615d7.241v.tif,4621,6405,[241v]
BL615d7.242r.tif,4589,6580,242
BL615d7.242v.tif,4621,6405,[242v]
BL615d7.243r.tif,4589,6580,243
BL615d7.243v.tif,4621,6405,[243v]
BL615d7.244r.tif,4589,6580,244
BL615d7.244v.tif,4621,6405,[244v]
BL615d7.245r.tif,4589,6580,245
BL615d7.245v.tif,4621,6405,[245v]
BL615d7.246r.tif,4589,6580,246
BL615d7.246v.tif,4621,6405,[246v]
BL615d7.247r.tif,4589,6580,247
BL615d7.247v.tif,4621,6405,[247v]
BL615d7.endmatter.flyleaf.001r.tif,4400,6580,end matter 1r
BL615d7.endmatter.flyleaf.001v.tif,4621,6405,end matter 1v
BL615d7.endmatter.flyleaf.002r.tif,4400,6580,end matter 2r
BL615d7.endmatter.flyleaf.002v.tif,4621,6351,end matter 2v
BL615d7.endmatter.pastedown.tif,4400,6580,end matter pastedown
BL615d7.binding.backcover.tif,4621,6470,binding back cover
BL615d7.binding.spine.tif,1911,6567,binding spine
