NYSLWin188.binding.frontcover.tif,5728,7200,binding front cover
NYSLWin188.frontmatter.pastedown.tif,5553,7200,front matter pastedown
NYSLWin188.frontmatter.flyleaf.001r.tif,5719,7200,front matter 1r
NYSLWin188.frontmatter.flyleaf.001v.tif,5553,7200,front matter 1v
NYSLWin188.frontmatter.flyleaf.002r.tif,5720,7200,front matter 2r
NYSLWin188.frontmatter.flyleaf.002v.tif,5553,7200,front matter 2v
NYSLWin188.frontmatter.flyleaf.003r.tif,5740,7200,front matter 3r
NYSLWin188.frontmatter.flyleaf.003v.tif,5553,7200,front matter 3v
NYSLWin188.frontmatter.flyleaf.004r.tif,5472,7200,front matter 4r
NYSLWin188.frontmatter.flyleaf.004v.tif,5415,7200,front matter 4v
NYSLWin188.frontmatter.flyleaf.005r.tif,5472,7200,front matter 5r
NYSLWin188.frontmatter.flyleaf.005v.tif,5444,7200,front matter 5v
NYSLWin188.frontmatter.flyleaf.006r.tif,5369,7200,title page
NYSLWin188.frontmatter.flyleaf.006v.tif,5444,7200,title page verso
NYSLWin188.001r.tif,5527,7200,A
NYSLWin188.001v.tif,5481,7200,[A[v]]
NYSLWin188.002r.tif,5527,7200,2
NYSLWin188.002v.tif,5481,7200,[2[v]]
NYSLWin188.003r.tif,5532,7200,3
NYSLWin188.003v.tif,5493,7200,[3[v]]
NYSLWin188.004r.tif,5532,7200,4
NYSLWin188.004v.tif,5426,7200,[4[v]]
NYSLWin188.005r.tif,5532,7200,5
NYSLWin188.005v.tif,5426,7200,[5[v]]
NYSLWin188.006r.tif,5532,7200,6
NYSLWin188.006v.tif,5426,7200,[6[v]]
NYSLWin188.007r.tif,5529,7200,7
NYSLWin188.007v.tif,5426,7200,[7[v]]
NYSLWin188.008r.tif,5555,7200,8
NYSLWin188.008v.tif,5426,7200,[8[v]]
NYSLWin188.009r.tif,5555,7200,9
NYSLWin188.009v.tif,5426,7200,[9[v]]
NYSLWin188.010r.tif,5555,7200,10
NYSLWin188.010v.tif,5426,7200,[10[r]]
NYSLWin188.011r.tif,5555,7200,11
NYSLWin188.011v.tif,5426,7200,[11[v]]
NYSLWin188.012r.tif,5555,7200,12
NYSLWin188.012v.tif,5457,7200,[12[v]]
NYSLWin188.013r.tif,5555,7200,13
NYSLWin188.013v.tif,5428,7200,[13[v]]
NYSLWin188.014r.tif,5555,7200,14
NYSLWin188.014v.tif,5428,7200,[14[v]]
NYSLWin188.015r.tif,5555,7200,15
NYSLWin188.015v.tif,5428,7200,[15[v]]
NYSLWin188.016r.tif,5555,7200,16
NYSLWin188.016v.tif,5428,7200,[16[v]]
NYSLWin188.017r.tif,5555,7200,17
NYSLWin188.017v.tif,5460,7200,[17[v]]
NYSLWin188.018r.tif,5555,7200,18
NYSLWin188.018v.tif,5463,7200,[18[v]]
NYSLWin188.019r.tif,5576,7200,19
NYSLWin188.019v.tif,5473,7200,[19[v]]
NYSLWin188.020r.tif,5576,7200,20
NYSLWin188.020v.tif,5495,7200,[20[v]]
NYSLWin188.021r.tif,5576,7200,21
NYSLWin188.021v.tif,5495,7200,[21[v]]
NYSLWin188.022r.tif,5576,7200,22
NYSLWin188.022v.tif,5482,7200,[22[v]]
NYSLWin188.023r.tif,5576,7200,23
NYSLWin188.023v.tif,5472,7200,[23[v]]
NYSLWin188.024r.tif,5576,7200,24
NYSLWin188.024v.tif,5483,7200,[24[v]]
NYSLWin188.025r.tif,5591,7200,25
NYSLWin188.025v.tif,5525,7200,[25[v]]
NYSLWin188.026r.tif,5591,7200,26
NYSLWin188.026v.tif,5525,7200,[26[v]]
NYSLWin188.027r.tif,5591,7200,27
NYSLWin188.027v.tif,5525,7200,[27[v]]
NYSLWin188.028r.tif,5579,7200,28
NYSLWin188.028v.tif,5525,7200,[28[v]]
NYSLWin188.029r.tif,5557,7200,29
NYSLWin188.029v.tif,5525,7200,[29[v]]
NYSLWin188.030r.tif,5557,7200,30
NYSLWin188.030v.tif,5525,7200,[30[v]]
NYSLWin188.031r.tif,5557,7200,31
NYSLWin188.031v.tif,5525,7200,[31[v]]
NYSLWin188.032r.tif,5557,7200,32
NYSLWin188.032v.tif,5525,7200,[32[v]]
NYSLWin188.033r.tif,5557,7200,33
NYSLWin188.033v.tif,5525,7200,[33[v]]
NYSLWin188.034r.tif,5557,7200,34
NYSLWin188.034v.tif,5525,7200,[34[v]]
NYSLWin188.035r.tif,5616,7200,35
NYSLWin188.035v.tif,5525,7200,[35[v]]
NYSLWin188.036r.tif,5616,7200,36
NYSLWin188.036v.tif,5509,7200,[36[v]]
NYSLWin188.037r.tif,5646,7200,37
NYSLWin188.037v.tif,5509,7200,[37[v]]
NYSLWin188.038r.tif,5646,7200,38
NYSLWin188.038v.tif,5509,7200,[38[v]]
NYSLWin188.039r.tif,5646,7200,39
NYSLWin188.039v.tif,5535,7200,[39[v]]
NYSLWin188.040r.tif,5646,7200,40
NYSLWin188.040v.tif,5547,7200,[40[v]]
NYSLWin188.041r.tif,5622,7200,41
NYSLWin188.041v.tif,5535,7200,[41[v]]
NYSLWin188.042r.tif,5622,7200,42
NYSLWin188.042v.tif,5588,7200,[42[v]]
NYSLWin188.043r.tif,5622,7200,43
NYSLWin188.043v.tif,5588,7200,[43[v]]
NYSLWin188.044r.tif,5622,7200,44
NYSLWin188.044v.tif,5588,7200,[44[v]]
NYSLWin188.045r.tif,5622,7200,45
NYSLWin188.045v.tif,5588,7200,[45[v]]
NYSLWin188.046r.tif,5586,7200,46
NYSLWin188.046v.tif,5588,7200,[46[v]]
NYSLWin188.047r.tif,5622,7200,47
NYSLWin188.047v.tif,5588,7200,[47[v]]
NYSLWin188.048r.tif,5628,7200,48
NYSLWin188.048v.tif,5588,7200,[48[v]]
NYSLWin188.049r.tif,5628,7200,49
NYSLWin188.049v.tif,5588,7200,[49[v]]
NYSLWin188.050r.tif,5603,7200,50
NYSLWin188.050v.tif,5588,7200,[50[v]]
NYSLWin188.051r.tif,5603,7200,51
NYSLWin188.051v.tif,5588,7200,[51[v]]
NYSLWin188.052r.tif,5603,7200,52
NYSLWin188.052v.tif,5588,7200,##52v
NYSLWin188.053r.tif,5603,7200,53
NYSLWin188.053v.tif,5588,7200,[53[v]]
NYSLWin188.054r.tif,5603,7200,54
NYSLWin188.054v.tif,5588,7200,[54[v]]
NYSLWin188.055r.tif,5603,7200,55
NYSLWin188.055v.tif,5588,7200,[55[v]]
NYSLWin188.056r.tif,5603,7200,56
NYSLWin188.056v.tif,5588,7200,[56[v]]
NYSLWin188.057r.tif,5585,7200,57
NYSLWin188.057v.tif,5588,7200,[57[v]]
NYSLWin188.058r.tif,5587,7200,58
NYSLWin188.058v.tif,5588,7200,[58[v]]
NYSLWin188.059r.tif,5587,7200,59
NYSLWin188.059v.tif,5601,7200,[59[v]]
NYSLWin188.060r.tif,5587,7200,60
NYSLWin188.060v.tif,5601,7200,[60[v]]
NYSLWin188.061r.tif,5587,7200,61
NYSLWin188.061v.tif,5601,7200,[61[v]]
NYSLWin188.062r.tif,5557,7200,62
NYSLWin188.062v.tif,5601,7200,[62[v]]
NYSLWin188.063r.tif,5579,7200,63
NYSLWin188.063v.tif,5601,7200,[63[v]]
NYSLWin188.064r.tif,5566,7200,64
NYSLWin188.064v.tif,5601,7200,[64[v]]
NYSLWin188.065r.tif,5590,7200,65
NYSLWin188.065v.tif,5616,7200,[65[v]]
NYSLWin188.066r.tif,5584,7200,66
NYSLWin188.066v.tif,5616,7200,[66[v]]
NYSLWin188.067r.tif,5560,7200,67
NYSLWin188.067v.tif,5616,7200,[67[v]]
NYSLWin188.068r.tif,5574,7200,68
NYSLWin188.068v.tif,5615,7200,[68[v]]
NYSLWin188.069r.tif,5596,7200,69
NYSLWin188.069v.tif,5648,7200,[69[v]]
NYSLWin188.070r.tif,5588,7200,70
NYSLWin188.070v.tif,5660,7200,[70[v]]
NYSLWin188.071r.tif,5571,7200,71
NYSLWin188.071v.tif,5640,7200,[71[v]]
NYSLWin188.072r.tif,5571,7200,72
NYSLWin188.072v.tif,5640,7200,[72[v]]
NYSLWin188.073r.tif,5571,7200,73
NYSLWin188.073v.tif,5640,7200,[73[v]]
NYSLWin188.074r.tif,5571,7200,74
NYSLWin188.074v.tif,5640,7200,[74[v]]
NYSLWin188.075r.tif,5571,7200,75
NYSLWin188.075v.tif,5612,7200,[75[v]]
NYSLWin188.076r.tif,5571,7200,76
NYSLWin188.076v.tif,5612,7200,[76[v]]
NYSLWin188.077r.tif,5559,7200,77
NYSLWin188.077v.tif,5668,7200,[77[v]]
NYSLWin188.078r.tif,5559,7200,78
NYSLWin188.078v.tif,5668,7200,[78[v]]
NYSLWin188.079r.tif,5559,7200,79
NYSLWin188.079v.tif,5668,7200,[79[v]]
NYSLWin188.080r.tif,5559,7200,80
NYSLWin188.080v.tif,5668,7200,[80[v]]
NYSLWin188.081r.tif,5565,7200,81
NYSLWin188.081v.tif,5668,7200,[81[v]]
NYSLWin188.082r.tif,5565,7200,82
NYSLWin188.082v.tif,5668,7200,[82[v]]
NYSLWin188.083r.tif,5565,7200,83
NYSLWin188.083v.tif,5660,7200,[83[v]]
NYSLWin188.084r.tif,5565,7200,84
NYSLWin188.084v.tif,5660,7200,[84[v]]
NYSLWin188.085r.tif,5565,7200,85
NYSLWin188.085v.tif,5660,7200,[85[v]]
NYSLWin188.086r.tif,5558,7200,86
NYSLWin188.086v.tif,5660,7200,[86[v]]
NYSLWin188.087r.tif,5558,7200,87
NYSLWin188.087v.tif,5660,7200,[87[v]]
NYSLWin188.088r.tif,5548,7200,88
NYSLWin188.088v.tif,5660,7200,[88[v]]
NYSLWin188.089r.tif,5548,7200,89
NYSLWin188.089v.tif,5660,7200,[89[v]]
NYSLWin188.090r.tif,5513,7200,90
NYSLWin188.090v.tif,5660,7200,[90[v]]
NYSLWin188.091r.tif,5513,7200,91
NYSLWin188.091v.tif,5660,7200,[91[v]]
NYSLWin188.092r.tif,5490,7200,92
NYSLWin188.092v.tif,5720,7200,[92[v]]
NYSLWin188.093r.tif,5490,7200,93
NYSLWin188.093v.tif,5720,7200,[93[v]]
NYSLWin188.094r.tif,5493,7200,94
NYSLWin188.094v.tif,5720,7200,[94[v]]
NYSLWin188.095r.tif,5493,7200,95
NYSLWin188.095v.tif,5718,7200,[95[v]]
NYSLWin188.096r.tif,5477,7200,96
NYSLWin188.096v.tif,5718,7200,[96[v]]
NYSLWin188.097r.tif,5477,7200,97
NYSLWin188.097v.tif,5764,7200,[97[v]]
NYSLWin188.098r.tif,5492,7200,98
NYSLWin188.098v.tif,5764,7200,[98[v]]
NYSLWin188.099r.tif,5492,7200,99
NYSLWin188.099v.tif,5752,7200,[99[v]]
NYSLWin188.100r.tif,5492,7200,100
NYSLWin188.100v.tif,5781,7200,[100[v]]
NYSLWin188.101r.tif,5492,7200,101
NYSLWin188.101v.tif,5781,7200,[101[v]]
NYSLWin188.102r.tif,5462,7200,102
NYSLWin188.102v.tif,5750,7200,[102[v]]
NYSLWin188.103r.tif,5462,7200,103
NYSLWin188.103v.tif,5750,7200,[103[v]]
NYSLWin188.104r.tif,5462,7200,104
NYSLWin188.104v.tif,5750,7200,[104[v]]
NYSLWin188.105r.tif,5408,7200,105
NYSLWin188.105v.tif,5802,7200,[105[v]]
NYSLWin188.106r.tif,5408,7200,106
NYSLWin188.106v.tif,5887,7200,[106[v]]
NYSLWin188.endmatter.flyleaf.001r.tif,5408,7200,end matter 1r
NYSLWin188.endmatter.flyleaf.001v.tif,5887,7200,end matter 1v
NYSLWin188.endmatter.flyleaf.002r.tif,5408,7200,end matter 2r
NYSLWin188.endmatter.flyleaf.002v.tif,5887,7200,end matter 2v
NYSLWin188.endmatter.flyleaf.003r.tif,5408,7200,end matter 3r
NYSLWin188.endmatter.flyleaf.003v.tif,5887,7200,end matter 3v
NYSLWin188.endmatter.pastedown.tif,5413,7200,end matter pastedown
NYSLWin188.binding.backcover.tif,5789,7200,binding back cover
NYSLWin188.misc.scale.tif,4327,6615,misc
