FolgersHa2.binding.frontcover.tif,4471,6411,binding front cover
FolgersHa2.frontmatter.pastedown.tif,3442,4608,front matter pastedown
FolgersHa2.frontmatter.flyleaf.001r.tif,3442,4608,front matter 1r
FolgersHa2.frontmatter.flyleaf.001v.tif,3484,4639,front matter 1v
FolgersHa2.frontmatter.flyleaf.002r.tif,3484,4639,front matter 2r
FolgersHa2.frontmatter.flyleaf.002v.tif,3471,4642,front matter 2v
FolgersHa2.frontmatter.flyleaf.003r.tif,3471,4642,front matter 3r
FolgersHa2.frontmatter.flyleaf.003v.tif,3456,4593,front matter 3v
FolgersHa2.001r.tif,3456,4593,323
FolgersHa2.001v.tif,3471,4617,322
FolgersHa2.002r.tif,3471,4617,323
FolgersHa2.002v.tif,3467,4610,324
FolgersHa2.003r.tif,3467,4610,325
FolgersHa2.003v.tif,3453,4615,326
FolgersHa2.004r.tif,3453,4615,327
FolgersHa2.004v.tif,3450,4591,328
FolgersHa2.005r.tif,3450,4591,329
FolgersHa2.005v.tif,3450,4605,330
FolgersHa2.006r.tif,3450,4605,331
FolgersHa2.006v.tif,3455,4581,332
FolgersHa2.007r.tif,3455,4581,333
FolgersHa2.007v.tif,3448,4605,334
FolgersHa2.008r.tif,3448,4605,335
FolgersHa2.008v.tif,3477,4599,336
FolgersHa2.009r.tif,3477,4599,337
FolgersHa2.009v.tif,3471,4581,338
FolgersHa2.010r.tif,3471,4581,339
FolgersHa2.010v.tif,3458,4563,340
FolgersHa2.011r.tif,3458,4563,341
FolgersHa2.011v.tif,3464,4575,342
FolgersHa2.012r.tif,3464,4575,343
FolgersHa2.012v.tif,3486,4595,344
FolgersHa2.013r.tif,3486,4595,345
FolgersHa2.013v.tif,3476,4577,346
FolgersHa2.014r.tif,3476,4577,347
FolgersHa2.014v.tif,3469,4579,348
FolgersHa2.015r.tif,3469,4579,349
FolgersHa2.015v.tif,3469,4584,350
FolgersHa2.016r.tif,3469,4584,351
FolgersHa2.016v.tif,3472,4610,352
FolgersHa2.017r.tif,3472,4610,357
FolgersHa2.017v.tif,3472,4585,354
FolgersHa2.018r.tif,3472,4585,355
FolgersHa2.018v.tif,3492,4615,360
FolgersHa2.019r.tif,3492,4615,361
FolgersHa2.019v.tif,3472,4591,358
FolgersHa2.020r.tif,3472,4591,359
FolgersHa2.020v.tif,3499,4576,364
FolgersHa2.021r.tif,3499,4576,365
FolgersHa2.021v.tif,3488,4598,362
FolgersHa2.022r.tif,3488,4598,363
FolgersHa2.022v.tif,3488,4579,368
FolgersHa2.023r.tif,3488,4579,369
FolgersHa2.023v.tif,3488,4567,366
FolgersHa2.024r.tif,3488,4567,367
FolgersHa2.024v.tif,3491,4561,372
FolgersHa2.025r.tif,3491,4561,369
FolgersHa2.025v.tif,3512,4552,370
FolgersHa2.026r.tif,3512,4552,37E
FolgersHa2.026v.tif,3528,4552,372
FolgersHa2.027r.tif,3528,4552,373
FolgersHa2.027v.tif,3515,4576,374
FolgersHa2.028r.tif,3515,4576,375
FolgersHa2.028v.tif,3512,4558,376
FolgersHa2.029r.tif,3512,4558,377
FolgersHa2.029v.tif,3515,4565,378
FolgersHa2.030r.tif,3515,4565,379
FolgersHa2.030v.tif,3515,4560,380
FolgersHa2.031r.tif,3515,4560,381
FolgersHa2.031v.tif,3524,4556,382
FolgersHa2.032r.tif,3524,4556,383
FolgersHa2.032v.tif,3518,4572,384
FolgersHa2.033r.tif,3518,4572,385
FolgersHa2.033v.tif,3521,4555,386
FolgersHa2.034r.tif,3521,4555,387
FolgersHa2.034v.tif,3532,4554,388
FolgersHa2.035r.tif,3532,4554,389
FolgersHa2.035v.tif,3535,4554,390
FolgersHa2.036r.tif,3535,4554,391
FolgersHa2.036v.tif,3535,4572,392
FolgersHa2.037r.tif,3535,4572,393
FolgersHa2.037v.tif,3535,4566,394
FolgersHa2.038r.tif,3535,4566,395
FolgersHa2.038v.tif,3535,4578,396
FolgersHa2.039r.tif,3535,4578,397
FolgersHa2.039v.tif,3548,4552,398
FolgersHa2.040r.tif,3548,4552,399
FolgersHa2.040v.tif,3545,4546,400
FolgersHa2.041r.tif,3545,4546,401
FolgersHa2.041v.tif,3549,4547,402
FolgersHa2.042r.tif,3549,4547,403
FolgersHa2.042v.tif,3543,4559,404
FolgersHa2.043r.tif,3543,4559,405
FolgersHa2.043v.tif,3534,4539,406
FolgersHa2.044r.tif,3534,4539,407
FolgersHa2.044v.tif,3543,4543,408
FolgersHa2.045r.tif,3543,4543,409
FolgersHa2.045v.tif,3549,4555,410
FolgersHa2.046r.tif,3549,4555,411
FolgersHa2.046v.tif,3556,4555,412
FolgersHa2.047r.tif,3556,4555,413
FolgersHa2.047v.tif,3576,4578,414
FolgersHa2.048r.tif,3576,4578,415
FolgersHa2.048v.tif,3559,4572,416
FolgersHa2.049r.tif,3559,4572,417
FolgersHa2.049v.tif,3589,4571,418
FolgersHa2.050r.tif,3589,4571,419
FolgersHa2.050v.tif,3595,4577,420
FolgersHa2.051r.tif,3595,4577,421
FolgersHa2.051v.tif,3595,4553,422
FolgersHa2.052r.tif,3595,4553,423
FolgersHa2.052v.tif,3599,4566,424
FolgersHa2.053r.tif,3599,4566,425
FolgersHa2.053v.tif,3589,4578,426
FolgersHa2.054r.tif,3589,4578,427
FolgersHa2.054v.tif,3612,4596,428
FolgersHa2.055r.tif,3612,4596,429
FolgersHa2.055v.tif,3602,4560,430
FolgersHa2.056r.tif,3602,4560,431
FolgersHa2.056v.tif,3622,4588,432
FolgersHa2.057r.tif,3622,4588,433
FolgersHa2.057v.tif,3609,4558,434
FolgersHa2.058r.tif,3609,4558,435
FolgersHa2.058v.tif,3592,4552,436
FolgersHa2.059r.tif,3592,4552,437
FolgersHa2.059v.tif,3605,4558,438
FolgersHa2.060r.tif,3605,4558,439
FolgersHa2.060v.tif,3579,4546,440
FolgersHa2.061r.tif,3579,4546,441
FolgersHa2.061v.tif,3582,4516,442
FolgersHa2.062r.tif,3582,4516,443
FolgersHa2.062v.tif,3595,4539,444
FolgersHa2.063r.tif,3595,4539,445
FolgersHa2.063v.tif,3602,4548,446
FolgersHa2.064r.tif,3602,4548,447
FolgersHa2.064v.tif,3609,4566,448
FolgersHa2.065r.tif,3609,4566,449
FolgersHa2.065v.tif,3609,4566,450
FolgersHa2.066r.tif,3609,4566,451
FolgersHa2.066v.tif,3609,4566,452
FolgersHa2.067r.tif,3609,4566,453
FolgersHa2.067v.tif,3609,4566,454
FolgersHa2.068r.tif,3609,4566,455
FolgersHa2.068v.tif,3609,4566,456
FolgersHa2.069r.tif,3609,4566,457
FolgersHa2.069v.tif,3609,4566,458
FolgersHa2.070r.tif,3609,4566,459
FolgersHa2.070v.tif,3609,4566,460
FolgersHa2.071r.tif,3609,4566,flyleaf
FolgersHa2.071v.tif,3609,4566,flyleaf
FolgersHa2.072r.tif,3609,4566,flyleaf
FolgersHa2.072v.tif,3609,4566,flyleaf
FolgersHa2.073r.tif,3609,4566,frontispiece
FolgersHa2.073v.tif,3609,4566,flyleaf
FolgersHa2.074r.tif,3609,4566,*2[r]
FolgersHa2.074v.tif,3609,4566,[*2[v]]
FolgersHa2.075r.tif,3609,4566,*3[r]
FolgersHa2.075v.tif,3609,4542,[*3[v]]
FolgersHa2.076r.tif,3609,4542,[*4[r]]
FolgersHa2.076v.tif,3609,4566,[*5[v]]
FolgersHa2.077r.tif,3609,4566,[*6[r]]
FolgersHa2.077v.tif,3609,4536,[*6v]
FolgersHa2.078r.tif,3609,4536,[*7r]
FolgersHa2.078v.tif,3609,4542,[*7v]
FolgersHa2.079r.tif,3609,4542,[*8r]
FolgersHa2.079v.tif,3609,4530,[*8v]
FolgersHa2.080r.tif,3609,4530,[*9r]
FolgersHa2.080v.tif,3609,4518,[*9v]
FolgersHa2.081r.tif,3609,4518,**[r]
FolgersHa2.081v.tif,3609,4518,[**v]
FolgersHa2.082r.tif,3609,4518,**2[r]
FolgersHa2.082v.tif,3609,4536,[**2v]
FolgersHa2.083r.tif,3609,4536,**3[r]
FolgersHa2.083v.tif,3609,4566,[**3v]
FolgersHa2.084r.tif,3609,4566,**4[r]
FolgersHa2.084v.tif,3632,4566,[**4v]
FolgersHa2.085r.tif,3632,4566,[**5r]
FolgersHa2.085v.tif,3628,4566,[**5v]
FolgersHa2.086r.tif,3628,4566,[**6r]
FolgersHa2.086v.tif,3609,4512,[**6v]
FolgersHa2.087r.tif,3609,4512,[**7r]
FolgersHa2.087v.tif,3642,4542,[**7v]
FolgersHa2.088r.tif,3642,4542,[**8r]
FolgersHa2.088v.tif,3632,4524,[**8v]
FolgersHa2.089r.tif,3632,4524,1
FolgersHa2.089v.tif,3632,4530,2
FolgersHa2.090r.tif,3632,4530,3
FolgersHa2.090v.tif,3625,4506,4
FolgersHa2.091r.tif,3625,4506,5
FolgersHa2.091v.tif,3635,4518,6
FolgersHa2.092r.tif,3635,4518,7
FolgersHa2.092v.tif,3639,4517,8
FolgersHa2.093r.tif,3639,4517,9
FolgersHa2.093v.tif,3632,4506,10
FolgersHa2.094r.tif,3632,4506,11
FolgersHa2.094v.tif,3636,4566,12
FolgersHa2.095r.tif,3636,4566,13
FolgersHa2.095v.tif,3636,4523,14
FolgersHa2.096r.tif,3636,4523,15
FolgersHa2.096v.tif,3642,4524,16
FolgersHa2.097r.tif,3642,4524,17
FolgersHa2.097v.tif,3653,4566,18
FolgersHa2.098r.tif,3653,4566,19
FolgersHa2.098v.tif,3649,4566,20
FolgersHa2.099r.tif,3649,4566,21
FolgersHa2.099v.tif,3639,4566,22
FolgersHa2.100r.tif,3639,4566,23
FolgersHa2.100v.tif,3639,4499,24
FolgersHa2.101r.tif,3639,4499,25
FolgersHa2.101v.tif,3648,4506,26
FolgersHa2.102r.tif,3648,4506,27
FolgersHa2.102v.tif,3642,4542,28
FolgersHa2.103r.tif,3642,4542,29
FolgersHa2.103v.tif,3645,4511,30
FolgersHa2.104r.tif,3645,4511,30
FolgersHa2.104v.tif,3645,4512,31
FolgersHa2.105r.tif,3645,4512,33
FolgersHa2.105v.tif,3628,4524,34
FolgersHa2.106r.tif,3628,4524,35
FolgersHa2.106v.tif,3642,4512,36
FolgersHa2.107r.tif,3642,4512,37
FolgersHa2.107v.tif,3622,4488,38
FolgersHa2.108r.tif,3622,4488,39
FolgersHa2.108v.tif,3625,4488,40
FolgersHa2.109r.tif,3625,4488,41
FolgersHa2.109v.tif,3657,4566,42
FolgersHa2.110r.tif,3657,4566,43
FolgersHa2.110v.tif,3648,4512,44
FolgersHa2.111r.tif,3648,4512,45
FolgersHa2.111v.tif,3635,4524,46
FolgersHa2.112r.tif,3635,4524,47
FolgersHa2.112v.tif,3632,4536,48
FolgersHa2.113r.tif,3632,4536,49
FolgersHa2.113v.tif,3655,4500,50
FolgersHa2.114r.tif,3655,4500,51
FolgersHa2.114v.tif,3635,4500,52
FolgersHa2.115r.tif,3635,4500,53
FolgersHa2.115v.tif,3661,4542,54
FolgersHa2.116r.tif,3661,4542,55
FolgersHa2.116v.tif,3632,4518,56
FolgersHa2.117r.tif,3632,4518,57
FolgersHa2.117v.tif,3651,4512,58
FolgersHa2.118r.tif,3651,4512,59
FolgersHa2.118v.tif,3645,4524,60
FolgersHa2.119r.tif,3645,4524,61
FolgersHa2.119v.tif,3648,4518,62
FolgersHa2.120r.tif,3648,4518,63
FolgersHa2.120v.tif,3645,4518,64
FolgersHa2.121r.tif,3645,4518,65
FolgersHa2.121v.tif,3638,4518,66
FolgersHa2.122r.tif,3638,4518,67
FolgersHa2.122v.tif,3658,4512,68
FolgersHa2.123r.tif,3658,4512,69
FolgersHa2.123v.tif,3642,4524,70
FolgersHa2.124r.tif,3642,4524,71
FolgersHa2.124v.tif,3651,4506,72
FolgersHa2.125r.tif,3651,4506,73
FolgersHa2.125v.tif,3642,4518,74
FolgersHa2.126r.tif,3642,4518,75
FolgersHa2.126v.tif,3645,4512,76
FolgersHa2.127r.tif,3645,4512,77
FolgersHa2.127v.tif,3645,4512,78
FolgersHa2.128r.tif,3645,4512,79
FolgersHa2.128v.tif,3639,4523,80
FolgersHa2.129r.tif,3639,4523,81
FolgersHa2.129v.tif,3642,4511,82
FolgersHa2.130r.tif,3642,4511,83
FolgersHa2.130v.tif,3636,4504,84
FolgersHa2.131r.tif,3636,4504,85
FolgersHa2.131v.tif,3635,4506,86
FolgersHa2.132r.tif,3635,4506,87
FolgersHa2.132v.tif,3645,4566,88
FolgersHa2.133r.tif,3645,4566,89
FolgersHa2.133v.tif,3638,4506,90
FolgersHa2.134r.tif,3638,4506,91
FolgersHa2.134v.tif,3642,4566,92
FolgersHa2.135r.tif,3642,4566,93
FolgersHa2.135v.tif,3638,4518,94
FolgersHa2.136r.tif,3638,4518,95
FolgersHa2.136v.tif,3642,4566,96
FolgersHa2.137r.tif,3642,4566,97
FolgersHa2.137v.tif,3635,4524,98
FolgersHa2.138r.tif,3635,4524,99
FolgersHa2.138v.tif,3638,4536,100
FolgersHa2.139r.tif,3638,4536,101
FolgersHa2.139v.tif,3638,4566,102
FolgersHa2.140r.tif,3638,4566,103
FolgersHa2.140v.tif,3635,4542,104
FolgersHa2.141r.tif,3635,4542,105
FolgersHa2.141v.tif,3661,4566,106
FolgersHa2.142r.tif,3661,4566,107
FolgersHa2.142v.tif,3628,4494,108
FolgersHa2.143r.tif,3628,4494,109
FolgersHa2.143v.tif,3609,4512,110
FolgersHa2.144r.tif,3609,4512,111
FolgersHa2.144v.tif,3622,4518,112
FolgersHa2.145r.tif,3622,4518,113
FolgersHa2.145v.tif,3628,4566,114
FolgersHa2.146r.tif,3628,4566,115
FolgersHa2.146v.tif,3642,4566,116
FolgersHa2.147r.tif,3642,4566,117
FolgersHa2.147v.tif,3625,4566,118
FolgersHa2.148r.tif,3625,4566,119
FolgersHa2.148v.tif,3609,4560,120
FolgersHa2.149r.tif,3609,4560,121
FolgersHa2.149v.tif,3609,4530,122
FolgersHa2.150r.tif,3609,4530,123
FolgersHa2.150v.tif,3645,4566,124
FolgersHa2.151r.tif,3645,4566,125
FolgersHa2.151v.tif,3625,4566,126
FolgersHa2.152r.tif,3625,4566,127
FolgersHa2.152v.tif,3609,4530,128
FolgersHa2.153r.tif,3609,4530,129
FolgersHa2.153v.tif,3609,4536,130
FolgersHa2.154r.tif,3609,4536,131
FolgersHa2.154v.tif,3609,4524,132
FolgersHa2.155r.tif,3609,4524,133
FolgersHa2.155v.tif,3609,4548,134
FolgersHa2.156r.tif,3609,4548,135
FolgersHa2.156v.tif,3609,4536,136
FolgersHa2.157r.tif,3609,4536,137
FolgersHa2.157v.tif,3609,4536,138
FolgersHa2.158r.tif,3609,4536,139
FolgersHa2.158v.tif,3609,4530,140
FolgersHa2.159r.tif,3609,4530,141
FolgersHa2.159v.tif,3609,4536,142
FolgersHa2.160r.tif,3609,4536,143
FolgersHa2.160v.tif,3625,4530,144
FolgersHa2.161r.tif,3625,4530,145
FolgersHa2.161v.tif,3609,4536,146
FolgersHa2.162r.tif,3609,4536,147
FolgersHa2.162v.tif,3628,4566,148
FolgersHa2.163r.tif,3628,4566,149
FolgersHa2.163v.tif,3609,4566,150
FolgersHa2.164r.tif,3609,4566,151
FolgersHa2.164v.tif,3609,4530,152
FolgersHa2.165r.tif,3609,4530,153
FolgersHa2.165v.tif,3609,4536,154
FolgersHa2.166r.tif,3609,4536,155
FolgersHa2.166v.tif,3609,4530,156
FolgersHa2.167r.tif,3609,4530,157
FolgersHa2.167v.tif,3609,4566,158
FolgersHa2.168r.tif,3609,4566,159
FolgersHa2.168v.tif,3609,4566,160
FolgersHa2.169r.tif,3609,4566,161
FolgersHa2.169v.tif,3609,4542,162
FolgersHa2.170r.tif,3609,4542,163
FolgersHa2.170v.tif,3609,4566,164
FolgersHa2.171r.tif,3609,4566,165
FolgersHa2.171v.tif,3609,4566,166
FolgersHa2.172r.tif,3609,4566,167
FolgersHa2.172v.tif,3609,4566,168
FolgersHa2.173r.tif,3609,4566,169
FolgersHa2.173v.tif,3609,4566,170
FolgersHa2.174r.tif,3609,4566,171
FolgersHa2.174v.tif,3609,4566,172
FolgersHa2.175r.tif,3609,4566,173
FolgersHa2.175v.tif,3609,4566,174
FolgersHa2.176r.tif,3609,4566,175
FolgersHa2.176v.tif,3609,4566,176
FolgersHa2.177r.tif,3609,4566,177
FolgersHa2.177v.tif,3609,4566,178
FolgersHa2.178r.tif,3609,4566,179
FolgersHa2.178v.tif,3609,4566,180
FolgersHa2.179r.tif,3609,4566,181
FolgersHa2.179v.tif,3609,4566,182
FolgersHa2.180r.tif,3609,4566,183
FolgersHa2.180v.tif,3609,4566,184
FolgersHa2.181r.tif,3609,4566,185
FolgersHa2.181v.tif,3609,4566,186
FolgersHa2.182r.tif,3609,4566,187
FolgersHa2.182v.tif,3609,4566,188
FolgersHa2.183r.tif,3609,4566,189
FolgersHa2.183v.tif,3609,4566,190
FolgersHa2.184r.tif,3609,4566,191
FolgersHa2.184v.tif,3609,4566,192
FolgersHa2.185r.tif,3609,4566,193
FolgersHa2.185v.tif,3595,4566,194
FolgersHa2.186r.tif,3595,4566,195
FolgersHa2.186v.tif,3589,4566,196
FolgersHa2.187r.tif,3589,4566,197
FolgersHa2.187v.tif,3569,4566,198
FolgersHa2.188r.tif,3569,4566,199
FolgersHa2.188v.tif,3559,4566,200
FolgersHa2.189r.tif,3559,4566,201
FolgersHa2.189v.tif,3569,4566,202
FolgersHa2.190r.tif,3569,4566,203
FolgersHa2.190v.tif,3559,4566,204
FolgersHa2.191r.tif,3559,4566,205
FolgersHa2.191v.tif,3562,4566,206
FolgersHa2.192r.tif,3562,4566,207
FolgersHa2.192v.tif,3549,4566,208
FolgersHa2.193r.tif,3549,4566,209
FolgersHa2.193v.tif,3566,4566,210
FolgersHa2.194r.tif,3566,4566,211
FolgersHa2.194v.tif,3549,4566,212
FolgersHa2.195r.tif,3549,4566,213
FolgersHa2.195v.tif,3549,4566,214
FolgersHa2.196r.tif,3549,4566,215
FolgersHa2.196v.tif,3546,4566,216
FolgersHa2.197r.tif,3546,4566,217
FolgersHa2.197v.tif,3536,4566,218
FolgersHa2.198r.tif,3536,4566,219
FolgersHa2.198v.tif,3539,4566,220
FolgersHa2.199r.tif,3539,4566,221
FolgersHa2.199v.tif,3536,4566,222
FolgersHa2.200r.tif,3536,4566,223
FolgersHa2.200v.tif,3533,4566,224
FolgersHa2.201r.tif,3533,4566,225
FolgersHa2.201v.tif,3526,4566,226
FolgersHa2.202r.tif,3526,4566,227
FolgersHa2.202v.tif,3526,4566,228
FolgersHa2.203r.tif,3526,4566,229
FolgersHa2.203v.tif,3523,4566,230
FolgersHa2.204r.tif,3523,4566,231
FolgersHa2.204v.tif,3526,4566,232
FolgersHa2.205r.tif,3526,4566,233
FolgersHa2.205v.tif,3529,4566,234
FolgersHa2.206r.tif,3529,4566,235
FolgersHa2.206v.tif,3510,4566,236
FolgersHa2.207r.tif,3510,4566,237
FolgersHa2.207v.tif,3506,4566,238
FolgersHa2.208r.tif,3506,4566,239
FolgersHa2.208v.tif,3503,4566,[240]
FolgersHa2.209r.tif,3503,4566,flyleaf
FolgersHa2.209v.tif,3516,4566,flyleaf
FolgersHa2.210r.tif,3516,4566,flyleaf
FolgersHa2.210v.tif,3516,4566,flyleaf
FolgersHa2.211r.tif,3516,4566,flyleaf
FolgersHa2.211v.tif,3480,4566,flyleaf
FolgersHa2.endmatter.flyleaf.001r.tif,3480,4566,end matter 1r
FolgersHa2.endmatter.flyleaf.001v.tif,3463,4566,end matter 1v
FolgersHa2.endmatter.flyleaf.002r.tif,3463,4566,end matter 2r
FolgersHa2.endmatter.flyleaf.002v.tif,3453,4566,end matter 2v
FolgersHa2.endmatter.flyleaf.003r.tif,3453,4566,end matter 3r
FolgersHa2.endmatter.flyleaf.003v.tif,3436,4566,end matter 3v
FolgersHa2.endmatter.pastedown.tif,3436,4566,end matter pastedown
FolgersHa2.binding.backcover.tif,4512,6392,binding back cover
FolgersHa2.binding.spine.tif,1361,7173,binding spine
FolgersHa2.misc.foreedge.tif,1460,7149,misc
FolgersHa2.misc.head.tif,5113,1486,misc head
FolgersHa2.misc.tail.tif,5123,1530,misc tail
