BLC122bb35.binding.frontcover.tif,4885,6912,binding front cover
BLC122bb35.frontmatter.pastedown.tif,4560,6655,front matter pastedown
BLC122bb35.frontmatter.flyleaf.001r.tif,4588,6580,front matter 1r
BLC122bb35.frontmatter.flyleaf.001v.tif,4560,6655,front matter 1v
BLC122bb35.frontmatter.flyleaf.002r.tif,4473,6580,front matter 2r
BLC122bb35.frontmatter.flyleaf.002v.tif,4560,6655,front matter 2v
BLC122bb35.frontmatter.flyleaf.003r.tif,4473,6580,front matter 3r
BLC122bb35.frontmatter.flyleaf.003v.tif,4560,6655,front matter 3v
BLC122bb35.frontmatter.flyleaf.004r.tif,4473,6580,title page
BLC122bb35.frontmatter.flyleaf.004v.tif,4560,6655,title page verso
BLC122bb35.frontmatter.flyleaf.005r.tif,4528,6829,aij[r]
BLC122bb35.frontmatter.flyleaf.005v.tif,4560,6655,[aij[v]]
BLC122bb35.frontmatter.flyleaf.006r.tif,4528,6829,aiij[r]
BLC122bb35.frontmatter.flyleaf.006v.tif,4560,6655,[aiij[v]]
BLC122bb35.frontmatter.flyleaf.007r.tif,4528,6829,aiiij[r]
BLC122bb35.frontmatter.flyleaf.007v.tif,4560,6655,[aiiij[v]]
BLC122bb35.frontmatter.flyleaf.008r.tif,4528,6829,[av[r]]
BLC122bb35.frontmatter.flyleaf.008v.tif,4560,6655,[av[v]]
BLC122bb35.frontmatter.flyleaf.009r.tif,4528,6829,[avi[r]]
BLC122bb35.frontmatter.flyleaf.009v.tif,4560,6655,[avi[v]]
BLC122bb35.frontmatter.flyleaf.010r.tif,4528,6829,[avii[r]]
BLC122bb35.frontmatter.flyleaf.010v.tif,4560,6655,[avii[v]]
BLC122bb35.frontmatter.flyleaf.011r.tif,4528,6829,[aviii[r]]
BLC122bb35.frontmatter.flyleaf.011v.tif,4560,6655,[aviii[v]]
BLC122bb35.frontmatter.flyleaf.012r.tif,4528,6829,e[r]
BLC122bb35.frontmatter.flyleaf.012v.tif,4560,6655,[e[v]]
BLC122bb35.frontmatter.flyleaf.013r.tif,4528,6829,eij[r]
BLC122bb35.frontmatter.flyleaf.013v.tif,4560,6655,[eij[v]]
BLC122bb35.frontmatter.flyleaf.014r.tif,4528,6829,eiij[r]
BLC122bb35.frontmatter.flyleaf.014v.tif,4560,6556,[eiij[v]]
BLC122bb35.frontmatter.flyleaf.015r.tif,4528,6829,eiiij[r]
BLC122bb35.frontmatter.flyleaf.015v.tif,4497,6556,eiiij[v]]
BLC122bb35.frontmatter.flyleaf.016r.tif,4528,6829,[eiiij]
BLC122bb35.frontmatter.flyleaf.016v.tif,4497,6556,[eiiij[v]]
BLC122bb35.frontmatter.flyleaf.017r.tif,4528,6829,[ev[r]]
BLC122bb35.frontmatter.flyleaf.017v.tif,4455,6556,[ev[v]]
BLC122bb35.frontmatter.flyleaf.018r.tif,4528,6829,[evi[r]]
BLC122bb35.frontmatter.flyleaf.018v.tif,4455,6556,[evi[v]]
BLC122bb35.frontmatter.flyleaf.019r.tif,4528,6829,[evij[r]]
BLC122bb35.frontmatter.flyleaf.019v.tif,4455,6556,[evij[v]]
BLC122bb35.001r.tif,4478,6829,1
BLC122bb35.001v.tif,4455,6556,[1v]
BLC122bb35.002r.tif,4478,6829,2
BLC122bb35.002v.tif,4455,6556,[2v]
BLC122bb35.003r.tif,4478,6829,3
BLC122bb35.003v.tif,4455,6556,[3v]
BLC122bb35.004r.tif,4478,6829,4
BLC122bb35.004v.tif,4455,6556,[4v]
BLC122bb35.005r.tif,4478,6829,5
BLC122bb35.005v.tif,4455,6556,[5v]
BLC122bb35.006r.tif,4478,6829,6
BLC122bb35.006v.tif,4455,6556,[6v]
BLC122bb35.007r.tif,4478,6829,7
BLC122bb35.007v.tif,4455,6556,[7v]
BLC122bb35.008r.tif,4478,6829,8
BLC122bb35.008v.tif,4455,6556,[8v]
BLC122bb35.009r.tif,4478,6829,9
BLC122bb35.009v.tif,4455,6556,[9v]
BLC122bb35.010r.tif,4478,6829,10
BLC122bb35.010v.tif,4455,6556,[10v]
BLC122bb35.011r.tif,4478,6829,11
BLC122bb35.011v.tif,4455,6556,[11v]
BLC122bb35.012r.tif,4478,6829,12
BLC122bb35.012v.tif,4455,6556,[12v]
BLC122bb35.013r.tif,4478,6829,13
BLC122bb35.013v.tif,4455,6556,[13v]
BLC122bb35.014r.tif,4478,6829,14
BLC122bb35.014v.tif,4455,6556,[14v]
BLC122bb35.015r.tif,4478,6829,15
BLC122bb35.015v.tif,4455,6556,[15v]
BLC122bb35.016r.tif,4478,6829,16
BLC122bb35.016v.tif,4455,6556,[16v]
BLC122bb35.017r.tif,4478,6829,17
BLC122bb35.017v.tif,4455,6556,[17v]
BLC122bb35.018r.tif,4478,6829,18
BLC122bb35.018v.tif,4455,6556,[18v]
BLC122bb35.019r.tif,4478,6829,19
BLC122bb35.019v.tif,4455,6556,[19v]
BLC122bb35.020r.tif,4478,6829,20
BLC122bb35.020v.tif,4455,6556,[20v]
BLC122bb35.021r.tif,4478,6829,21
BLC122bb35.021v.tif,4455,6556,[21v]
BLC122bb35.022r.tif,4478,6829,22
BLC122bb35.022v.tif,4455,6556,[22v]
BLC122bb35.023r.tif,4478,6829,23
BLC122bb35.023v.tif,4455,6556,[23v]
BLC122bb35.024r.tif,4485,6829,24
BLC122bb35.024v.tif,4482,6556,[24v]
BLC122bb35.025r.tif,4417,6829,25
BLC122bb35.025v.tif,4482,6556,[25v]
BLC122bb35.026r.tif,4417,6829,26
BLC122bb35.026v.tif,4482,6556,[26v]
BLC122bb35.027r.tif,4475,6829,27
BLC122bb35.027v.tif,4482,6556,[27v]
BLC122bb35.028r.tif,4475,6829,28
BLC122bb35.028v.tif,4482,6556,[28v]
BLC122bb35.029r.tif,4475,6829,29
BLC122bb35.029v.tif,4482,6556,[29v]
BLC122bb35.030r.tif,4550,6829,30
BLC122bb35.030v.tif,4482,6556,[30v]
BLC122bb35.031r.tif,4550,6829,31
BLC122bb35.031v.tif,4482,6556,[31v]
BLC122bb35.032r.tif,4550,6829,32
BLC122bb35.032v.tif,4482,6556,[32v]
BLC122bb35.033r.tif,4485,6815,33
BLC122bb35.033v.tif,4482,6556,[33v]
BLC122bb35.034r.tif,4485,6815,34
BLC122bb35.034v.tif,4482,6556,[34v]
BLC122bb35.035r.tif,4485,6815,35
BLC122bb35.035v.tif,4508,6579,[35v]
BLC122bb35.036r.tif,4485,6815,36
BLC122bb35.036v.tif,4508,6579,[36v]
BLC122bb35.037r.tif,4419,6815,37
BLC122bb35.037v.tif,4508,6579,[37v]
BLC122bb35.038r.tif,4419,6815,38
BLC122bb35.038v.tif,4508,6579,[38v]
BLC122bb35.039r.tif,4419,6815,39
BLC122bb35.039v.tif,4508,6579,[39v]
BLC122bb35.040r.tif,4419,6815,40
BLC122bb35.040v.tif,4508,6579,[40v]
BLC122bb35.041r.tif,4419,6815,41
BLC122bb35.041v.tif,4508,6579,[41v]
BLC122bb35.042r.tif,4419,6815,42
BLC122bb35.042v.tif,4508,6579,[42v]
BLC122bb35.043r.tif,4419,6815,43
BLC122bb35.043v.tif,4508,6579,[43v]
BLC122bb35.044r.tif,4419,6815,44
BLC122bb35.044v.tif,4508,6579,[44v]
BLC122bb35.045r.tif,4419,6815,45
BLC122bb35.045v.tif,4508,6579,[45v]
BLC122bb35.046r.tif,4419,6815,46
BLC122bb35.046v.tif,4570,6579,[46v]
BLC122bb35.047r.tif,4419,6815,47
BLC122bb35.047v.tif,4570,6579,[47v]
BLC122bb35.048r.tif,4419,6815,48
BLC122bb35.048v.tif,4570,6579,[48v]
BLC122bb35.049r.tif,4419,6815,49
BLC122bb35.049v.tif,4570,6579,[49v]
BLC122bb35.050r.tif,4419,6815,50
BLC122bb35.050v.tif,4570,6579,[50v]
BLC122bb35.051r.tif,4419,6815,51
BLC122bb35.051v.tif,4570,6579,[51v]
BLC122bb35.052r.tif,4419,6815,52
BLC122bb35.052v.tif,4570,6579,[52v]
BLC122bb35.053r.tif,4419,6815,53
BLC122bb35.053v.tif,4570,6579,[53v]
BLC122bb35.054r.tif,4419,6815,54
BLC122bb35.054v.tif,4570,6579,[54v]
BLC122bb35.055r.tif,4419,6815,55
BLC122bb35.055v.tif,4570,6579,[55v]
BLC122bb35.056r.tif,4419,6815,56
BLC122bb35.056v.tif,4570,6579,[56v]
BLC122bb35.057r.tif,4419,6696,57
BLC122bb35.057v.tif,4570,6579,[57v]
BLC122bb35.058r.tif,4471,6696,58
BLC122bb35.058v.tif,4570,6579,[58v]
BLC122bb35.059r.tif,4471,6696,59
BLC122bb35.059v.tif,4570,6579,[59v]
BLC122bb35.060r.tif,4471,6696,60
BLC122bb35.060v.tif,4570,6579,[60v]
BLC122bb35.061r.tif,4471,6696,61
BLC122bb35.061v.tif,4570,6579,[61v]
BLC122bb35.062r.tif,4402,6696,62
BLC122bb35.062v.tif,4570,6537,[62v]
BLC122bb35.063r.tif,4499,6696,63
BLC122bb35.063v.tif,4570,6537,[63v]
BLC122bb35.064r.tif,4499,6696,64
BLC122bb35.064v.tif,4618,6537,[64v]
BLC122bb35.065r.tif,4499,6696,65
BLC122bb35.065v.tif,4618,6537,[65v]
BLC122bb35.066r.tif,4499,6696,66
BLC122bb35.066v.tif,4618,6537,[66v]
BLC122bb35.067r.tif,4499,6696,67
BLC122bb35.067v.tif,4618,6537,[67v]
BLC122bb35.068r.tif,4499,6696,68
BLC122bb35.068v.tif,4618,6537,[68v]
BLC122bb35.069r.tif,4499,6696,69
BLC122bb35.069v.tif,4618,6537,[69v]
BLC122bb35.070r.tif,4499,6696,70
BLC122bb35.070v.tif,4618,6537,[70v]
BLC122bb35.071r.tif,4499,6696,71
BLC122bb35.071v.tif,4618,6537,[71v]
BLC122bb35.072r.tif,4499,6696,72
BLC122bb35.072v.tif,4618,6537,[72v]
BLC122bb35.073r.tif,4499,6696,73
BLC122bb35.073v.tif,4618,6537,[73v]
BLC122bb35.074r.tif,4499,6696,74
BLC122bb35.074v.tif,4618,6537,[74v]
BLC122bb35.075r.tif,4499,6696,75
BLC122bb35.075v.tif,4618,6537,[75v]
BLC122bb35.076r.tif,4499,6696,76
BLC122bb35.076v.tif,4618,6537,[76v]
BLC122bb35.077r.tif,4499,6696,77
BLC122bb35.077v.tif,4618,6537,[77v]
BLC122bb35.078r.tif,4499,6696,78
BLC122bb35.078v.tif,4618,6537,[78v]
BLC122bb35.079r.tif,4499,6696,79
BLC122bb35.079v.tif,4618,6537,[79v]
BLC122bb35.080r.tif,4499,6696,80
BLC122bb35.080v.tif,4618,6537,[80v]
BLC122bb35.081r.tif,4499,6696,81
BLC122bb35.081v.tif,4618,6537,[81v]
BLC122bb35.082r.tif,4499,6696,82
BLC122bb35.082v.tif,4618,6537,[82v]
BLC122bb35.083r.tif,4499,6696,83
BLC122bb35.083v.tif,4618,6537,[83v]
BLC122bb35.084r.tif,4499,6696,84
BLC122bb35.084v.tif,4618,6537,[84v]
BLC122bb35.085r.tif,4499,6696,85
BLC122bb35.085v.tif,4618,6537,[85v]
BLC122bb35.086r.tif,4499,6696,86
BLC122bb35.086v.tif,4618,6537,[86v]
BLC122bb35.087r.tif,4499,6696,87
BLC122bb35.087v.tif,4713,6537,[87v]
BLC122bb35.088r.tif,4499,6696,88
BLC122bb35.088v.tif,4713,6537,[88v]
BLC122bb35.089r.tif,4400,6696,59
BLC122bb35.089v.tif,4641,6537,[59v]
BLC122bb35.090r.tif,4400,6696,60
BLC122bb35.090v.tif,4641,6537,[60v]
BLC122bb35.091r.tif,4400,6696,61
BLC122bb35.091v.tif,4641,6537,[61v]
BLC122bb35.092r.tif,4400,6696,62
BLC122bb35.092v.tif,4641,6537,[62v]
BLC122bb35.093r.tif,4400,6696,63
BLC122bb35.093v.tif,4641,6537,[63v]
BLC122bb35.094r.tif,4400,6696,64
BLC122bb35.094v.tif,4571,6612,[64v]
BLC122bb35.095r.tif,4400,6696,65
BLC122bb35.095v.tif,4571,6612,[65v]
BLC122bb35.096r.tif,4400,6696,66
BLC122bb35.096v.tif,4571,6612,[66v]
BLC122bb35.097r.tif,4400,6696,67
BLC122bb35.097v.tif,4571,6612,[67v]
BLC122bb35.098r.tif,4400,6696,68
BLC122bb35.098v.tif,4571,6612,[68v]
BLC122bb35.099r.tif,4400,6696,69
BLC122bb35.099v.tif,4571,6612,[69v]
BLC122bb35.100r.tif,4400,6696,70
BLC122bb35.100v.tif,4571,6612,[70v]
BLC122bb35.101r.tif,4507,6696,71
BLC122bb35.101v.tif,4571,6612,[71v]
BLC122bb35.102r.tif,4507,6696,72
BLC122bb35.102v.tif,4514,6612,[72v]
BLC122bb35.103r.tif,4507,6696,73
BLC122bb35.103v.tif,4514,6612,[73v]
BLC122bb35.104r.tif,4507,6696,74
BLC122bb35.104v.tif,4514,6612,[74v]
BLC122bb35.105r.tif,4507,6696,75
BLC122bb35.105v.tif,4514,6612,[75v]
BLC122bb35.106r.tif,4507,6696,76
BLC122bb35.106v.tif,4478,6612,[76v]
BLC122bb35.107r.tif,4559,6655,77
BLC122bb35.107v.tif,4509,6612,[77v]
BLC122bb35.108r.tif,4559,6655,78
BLC122bb35.108v.tif,4509,6612,[78v]
BLC122bb35.109r.tif,4559,6655,79
BLC122bb35.109v.tif,4509,6612,[79v]
BLC122bb35.110r.tif,4559,6655,80
BLC122bb35.110v.tif,4509,6612,[80v]
BLC122bb35.111r.tif,4559,6655,81
BLC122bb35.111v.tif,4509,6612,[81v]
BLC122bb35.112r.tif,4559,6655,82
BLC122bb35.112v.tif,4509,6612,[82v]
BLC122bb35.113r.tif,4559,6655,83
BLC122bb35.113v.tif,4509,6612,[83v]
BLC122bb35.114r.tif,4559,6655,84
BLC122bb35.114v.tif,4416,6612,[84v]
BLC122bb35.115r.tif,4559,6655,85
BLC122bb35.115v.tif,4416,6612,[85v]
BLC122bb35.116r.tif,4559,6655,86
BLC122bb35.116v.tif,4366,6612,[86v]
BLC122bb35.117r.tif,4559,6655,87
BLC122bb35.117v.tif,4347,6612,[87v]
BLC122bb35.118r.tif,4559,6655,88
BLC122bb35.118v.tif,4347,6612,[88v]
BLC122bb35.119r.tif,4559,6655,89
BLC122bb35.119v.tif,4347,6612,[89v]
BLC122bb35.120r.tif,4559,6655,90
BLC122bb35.120v.tif,4347,6612,[90v]
BLC122bb35.121r.tif,4559,6655,91
BLC122bb35.121v.tif,4347,6612,[91v]
BLC122bb35.122r.tif,4559,6655,92
BLC122bb35.122v.tif,4347,6612,[92v]
BLC122bb35.123r.tif,4559,6655,93
BLC122bb35.123v.tif,4347,6612,[93v]
BLC122bb35.124r.tif,4559,6655,94
BLC122bb35.124v.tif,4347,6612,[94v]
BLC122bb35.125r.tif,4559,6655,95
BLC122bb35.125v.tif,4347,6612,[95v]
BLC122bb35.126r.tif,4559,6655,96
BLC122bb35.126v.tif,4347,6612,[96v]
BLC122bb35.127r.tif,4559,6655,97
BLC122bb35.127v.tif,4347,6612,[97v]
BLC122bb35.128r.tif,4559,6655,98
BLC122bb35.128v.tif,4347,6612,[98v]
BLC122bb35.129r.tif,4559,6655,99
BLC122bb35.129v.tif,4347,6612,[99v]
BLC122bb35.130r.tif,4559,6655,100
BLC122bb35.130v.tif,4347,6612,[100v]
BLC122bb35.131r.tif,4559,6655,101
BLC122bb35.131v.tif,4347,6612,[101v]
BLC122bb35.132r.tif,4559,6655,102
BLC122bb35.132v.tif,4347,6612,[102v]
BLC122bb35.133r.tif,4559,6655,103
BLC122bb35.133v.tif,4347,6612,[103v]
BLC122bb35.134r.tif,4559,6655,104
BLC122bb35.134v.tif,4347,6612,[104v]
BLC122bb35.135r.tif,4559,6655,105
BLC122bb35.135v.tif,4347,6612,[105v]
BLC122bb35.136r.tif,4559,6655,106
BLC122bb35.136v.tif,4347,6612,[106v]
BLC122bb35.137r.tif,4559,6655,107
BLC122bb35.137v.tif,4347,6612,[107v]
BLC122bb35.138r.tif,4559,6655,108
BLC122bb35.138v.tif,4347,6612,[108v]
BLC122bb35.139r.tif,4559,6655,109
BLC122bb35.139v.tif,4347,6612,[109v]
BLC122bb35.140r.tif,4447,6655,110
BLC122bb35.140v.tif,4347,6612,[110v]
BLC122bb35.141r.tif,4531,6655,111
BLC122bb35.141v.tif,4347,6612,[111v]
BLC122bb35.142r.tif,4531,6655,112
BLC122bb35.142v.tif,4347,6612,[112v]
BLC122bb35.143r.tif,4531,6655,113
BLC122bb35.143v.tif,4347,6612,[113v]
BLC122bb35.144r.tif,4531,6655,114
BLC122bb35.144v.tif,4347,6612,[114v]
BLC122bb35.145r.tif,4531,6655,115
BLC122bb35.145v.tif,4407,6661,[115v]
BLC122bb35.146r.tif,4531,6655,116
BLC122bb35.146v.tif,4407,6704,[116v]
BLC122bb35.147r.tif,4531,6655,117
BLC122bb35.147v.tif,4407,6704,[117v]
BLC122bb35.148r.tif,4531,6655,118
BLC122bb35.148v.tif,4407,6704,[118v]
BLC122bb35.149r.tif,4531,6655,119
BLC122bb35.149v.tif,4407,6704,[119v]
BLC122bb35.150r.tif,4531,6655,120
BLC122bb35.150v.tif,4407,6704,[120v]
BLC122bb35.151r.tif,4531,6655,121
BLC122bb35.151v.tif,4407,6704,[121v]
BLC122bb35.152r.tif,4531,6655,122
BLC122bb35.152v.tif,4407,6704,[122v]
BLC122bb35.153r.tif,4474,6655,123
BLC122bb35.153v.tif,4407,6704,[123v]
BLC122bb35.154r.tif,4560,6655,124
BLC122bb35.154v.tif,4407,6704,[124v]
BLC122bb35.155r.tif,4560,6655,125
BLC122bb35.155v.tif,4407,6704,[125v]
BLC122bb35.156r.tif,4560,6655,126
BLC122bb35.156v.tif,4407,6704,[126v]
BLC122bb35.157r.tif,4560,6655,127
BLC122bb35.157v.tif,4407,6704,[127v]
BLC122bb35.158r.tif,4560,6655,128
BLC122bb35.158v.tif,4407,6704,[128v]
BLC122bb35.159r.tif,4560,6655,129
BLC122bb35.159v.tif,4407,6704,[129v]
BLC122bb35.160r.tif,4560,6655,130
BLC122bb35.160v.tif,4407,6704,[130v]
BLC122bb35.endmatter.flyleaf.001r.tif,4560,6655,end matter 1r
BLC122bb35.endmatter.flyleaf.001v.tif,4407,6704,end matter 1v
BLC122bb35.endmatter.flyleaf.002r.tif,4560,6655,end matter 2r
BLC122bb35.endmatter.flyleaf.002v.tif,4457,6704,end matter 2v
BLC122bb35.endmatter.pastedown.tif,4560,6655,end matter pastedown
BLC122bb35.binding.backcover.tif,4807,6834,binding back cover
BLC122bb35.binding.spine.tif,1454,7156,binding spine
