PrincetonRB16th11.binding.frontcover.tif,4986,7200,binding front cover
PrincetonRB16th11.frontmatter.pastedown.tif,5089,7200,front matter pastedown
PrincetonRB16th11.frontmatter.flyleaf.001r.tif,5046,7200,front matter 1r
PrincetonRB16th11.frontmatter.flyleaf.001v.tif,5045,7200,front matter 1v
PrincetonRB16th11.frontmatter.flyleaf.002r.tif,5085,7200,front matter 2r
PrincetonRB16th11.frontmatter.flyleaf.002v.tif,4721,7200,front matter 2v
PrincetonRB16th11.frontmatter.flyleaf.003r.tif,5496,7200,front matter 3r
PrincetonRB16th11.frontmatter.flyleaf.003v.tif,4952,7200,front matter 3v
PrincetonRB16th11.frontmatter.flyleaf.004r.tif,5333,7200,front matter 4r
PrincetonRB16th11.frontmatter.flyleaf.004v.tif,5120,7200,front matter 4v
PrincetonRB16th11.001r.tif,5067,7200,Title Page
PrincetonRB16th11.001v.tif,5148,7200,Title Page verso
PrincetonRB16th11.002r.tif,5029,7200,1
PrincetonRB16th11.002v.tif,5146,7200,2
PrincetonRB16th11.003r.tif,5089,7200,3
PrincetonRB16th11.003v.tif,5169,7200,3
PrincetonRB16th11.004r.tif,5067,7200,5
PrincetonRB16th11.004v.tif,5134,7200,6
PrincetonRB16th11.005r.tif,5044,7200,7
PrincetonRB16th11.005v.tif,5134,7200,8
PrincetonRB16th11.006r.tif,5093,7200,9
PrincetonRB16th11.006v.tif,5209,7200,10
PrincetonRB16th11.007r.tif,5115,7200,11
PrincetonRB16th11.007v.tif,5198,7200,12
PrincetonRB16th11.008r.tif,5175,7200,13
PrincetonRB16th11.008v.tif,5177,7200,14
PrincetonRB16th11.009r.tif,5225,7200,15
PrincetonRB16th11.009v.tif,5232,7200,16
PrincetonRB16th11.010r.tif,5160,7200,17
PrincetonRB16th11.010v.tif,5167,7200,18
PrincetonRB16th11.011r.tif,5203,7200,19
PrincetonRB16th11.011v.tif,5162,7200,20
PrincetonRB16th11.012r.tif,5169,7200,21
PrincetonRB16th11.012v.tif,5196,7200,22
PrincetonRB16th11.013r.tif,5224,7200,23
PrincetonRB16th11.013v.tif,5175,7200,24
PrincetonRB16th11.014r.tif,5196,7200,25
PrincetonRB16th11.014v.tif,5171,7200,26
PrincetonRB16th11.015r.tif,5088,7200,27
PrincetonRB16th11.015v.tif,5226,7200,28
PrincetonRB16th11.016r.tif,5171,7200,29
PrincetonRB16th11.016v.tif,5190,7200,30
PrincetonRB16th11.017r.tif,5248,7200,31
PrincetonRB16th11.017v.tif,5206,7200,32
PrincetonRB16th11.018r.tif,5144,7200,33
PrincetonRB16th11.018v.tif,5252,7200,34
PrincetonRB16th11.019r.tif,5227,7200,35
PrincetonRB16th11.019v.tif,5243,7200,36
PrincetonRB16th11.020r.tif,5187,7200,37
PrincetonRB16th11.020v.tif,5228,7200,38
PrincetonRB16th11.021r.tif,5140,7200,39
PrincetonRB16th11.021v.tif,5252,7200,40
PrincetonRB16th11.022r.tif,5258,7200,41
PrincetonRB16th11.022v.tif,5252,7200,42
PrincetonRB16th11.023r.tif,5213,7200,43
PrincetonRB16th11.023v.tif,5200,7200,44
PrincetonRB16th11.024r.tif,5247,7200,45
PrincetonRB16th11.024v.tif,5252,7200,46
PrincetonRB16th11.025r.tif,5182,7200,47
PrincetonRB16th11.025v.tif,5231,7200,48
PrincetonRB16th11.026r.tif,5194,7200,49
PrincetonRB16th11.026v.tif,5252,7200,50
PrincetonRB16th11.027r.tif,5176,7200,51
PrincetonRB16th11.027v.tif,5252,7200,52
PrincetonRB16th11.028r.tif,5167,7200,53
PrincetonRB16th11.028v.tif,5237,7200,54
PrincetonRB16th11.029r.tif,5130,7200,55
PrincetonRB16th11.029v.tif,5252,7200,56
PrincetonRB16th11.030r.tif,5144,7200,57
PrincetonRB16th11.030v.tif,5252,7200,58
PrincetonRB16th11.031r.tif,5133,7200,59
PrincetonRB16th11.031v.tif,5252,7200,60
PrincetonRB16th11.032r.tif,5192,7200,61
PrincetonRB16th11.032v.tif,5245,7200,62
PrincetonRB16th11.033r.tif,5172,7200,63
PrincetonRB16th11.033v.tif,5252,7200,64
PrincetonRB16th11.034r.tif,5125,7200,65
PrincetonRB16th11.034v.tif,5237,7200,66
PrincetonRB16th11.035r.tif,5109,7200,67
PrincetonRB16th11.035v.tif,5252,7200,68
PrincetonRB16th11.036r.tif,5155,7200,69
PrincetonRB16th11.036v.tif,5252,7200,70
PrincetonRB16th11.037r.tif,5180,7200,71
PrincetonRB16th11.037v.tif,5252,7200,72
PrincetonRB16th11.038r.tif,5120,7200,73
PrincetonRB16th11.038v.tif,5252,7200,74
PrincetonRB16th11.039r.tif,5123,7200,75
PrincetonRB16th11.039v.tif,5252,7200,76
PrincetonRB16th11.040r.tif,5102,7200,77
PrincetonRB16th11.040v.tif,5252,7200,78
PrincetonRB16th11.041r.tif,5087,7200,79
PrincetonRB16th11.041v.tif,5252,7200,80
PrincetonRB16th11.042r.tif,5154,7200,81
PrincetonRB16th11.042v.tif,5252,7200,82
PrincetonRB16th11.043r.tif,5129,7200,83
PrincetonRB16th11.043v.tif,5252,7200,84
PrincetonRB16th11.044r.tif,5182,7200,85
PrincetonRB16th11.044v.tif,5252,7200,86
PrincetonRB16th11.045r.tif,5192,7200,87
PrincetonRB16th11.045v.tif,5252,7200,88
PrincetonRB16th11.046r.tif,5076,7200,89
PrincetonRB16th11.046v.tif,5252,7200,90
PrincetonRB16th11.047r.tif,5111,7200,91
PrincetonRB16th11.047v.tif,5252,7200,92
PrincetonRB16th11.048r.tif,5117,7200,93
PrincetonRB16th11.048v.tif,5252,7200,94
PrincetonRB16th11.049r.tif,5163,7200,95
PrincetonRB16th11.049v.tif,5252,7200,96
PrincetonRB16th11.050r.tif,5153,7200,97
PrincetonRB16th11.050v.tif,5252,7200,98
PrincetonRB16th11.051r.tif,5144,7200,99
PrincetonRB16th11.051v.tif,5252,7200,100
PrincetonRB16th11.052r.tif,5128,7200,101
PrincetonRB16th11.052v.tif,5252,7200,102
PrincetonRB16th11.053r.tif,5152,7200,103
PrincetonRB16th11.053v.tif,5252,7200,104
PrincetonRB16th11.054r.tif,5115,7200,105
PrincetonRB16th11.054v.tif,5252,7200,106
PrincetonRB16th11.055r.tif,5136,7200,107
PrincetonRB16th11.055v.tif,5174,7200,108
PrincetonRB16th11.056r.tif,5174,7200,109
PrincetonRB16th11.056v.tif,5252,7200,110
PrincetonRB16th11.057r.tif,5103,7200,111
PrincetonRB16th11.057v.tif,5252,7200,112
PrincetonRB16th11.058r.tif,5187,7200,113
PrincetonRB16th11.058v.tif,5252,7200,114
PrincetonRB16th11.059r.tif,5126,7200,115
PrincetonRB16th11.059v.tif,5252,7200,116
PrincetonRB16th11.060r.tif,5107,7200,117
PrincetonRB16th11.060v.tif,5252,7200,118
PrincetonRB16th11.061r.tif,5020,7200,119
PrincetonRB16th11.061v.tif,5209,7200,120
PrincetonRB16th11.062r.tif,5053,7200,121
PrincetonRB16th11.062v.tif,5343,7200,122
PrincetonRB16th11.063r.tif,5020,7200,Q.iij.[r]
PrincetonRB16th11.063v.tif,5293,7200,[Q.iij.[v]]
PrincetonRB16th11.064r.tif,5021,7200,[Q.iiij.[r]]
PrincetonRB16th11.064v.tif,5301,7200,[Q.iiij.[v]]
PrincetonRB16th11.endmatter.flyleaf.001r.tif,5002,7200,end matter 1r
PrincetonRB16th11.endmatter.flyleaf.001v.tif,5147,7200,end matter 1v
PrincetonRB16th11.endmatter.flyleaf.002r.tif,5110,7200,end matter 2r
PrincetonRB16th11.endmatter.flyleaf.002v.tif,5256,7200,end matter 2v
PrincetonRB16th11.endmatter.flyleaf.003r.tif,5006,7200,end matter 3r
PrincetonRB16th11.endmatter.flyleaf.003v.tif,5207,7200,end matter 3v
PrincetonRB16th11.endmatter.pastedown.tif,5007,7200,end matter pastedown
PrincetonRB16th11.binding.backcover.tif,4961,7200,binding back cover
