PrincetonPA6452.binding.frontcover.tif,4924,7200,binding front cover
PrincetonPA6452.frontmatter.pastedown.tif,4652,7200,front matter pastedown
PrincetonPA6452.frontmatter.flyleaf.001r.tif,4706,7200,front matter 1r
PrincetonPA6452.frontmatter.flyleaf.001v.tif,4702,7200,front matter 1v
PrincetonPA6452.frontmatter.flyleaf.002r.tif,4740,7200,front matter 2r
PrincetonPA6452.frontmatter.flyleaf.002v.tif,4897,7200,front matter 2v
PrincetonPA6452.001r.tif,4842,7200,title page
PrincetonPA6452.001v.tif,4793,7200,title page verso
PrincetonPA6452.002r.tif,4473,7200,a2[r]
PrincetonPA6452.002v.tif,4765,7200,[a2v]
PrincetonPA6452.003r.tif,4788,7200,[a3r]
PrincetonPA6452.003v.tif,4676,7200,[a3v]
PrincetonPA6452.004r.tif,4710,7200,[a4r]
PrincetonPA6452.004v.tif,4691,7200,[a4v]
PrincetonPA6452.005r.tif,4719,7200,a5[r]
PrincetonPA6452.005v.tif,4691,7200,[a5v]
PrincetonPA6452.006r.tif,4769,7200,[a6r]
PrincetonPA6452.006v.tif,4789,7200,[a6v]
PrincetonPA6452.007r.tif,4800,7200,[a7r]
PrincetonPA6452.007v.tif,4772,7200,[a7v]
PrincetonPA6452.008r.tif,4807,7200,[a8r]
PrincetonPA6452.008v.tif,4778,7200,[a8v]
PrincetonPA6452.009r.tif,4802,7200,[a1r]
PrincetonPA6452.009v.tif,4705,7200,[a1v]
PrincetonPA6452.010r.tif,4846,7200,3
PrincetonPA6452.010v.tif,4711,7200,4
PrincetonPA6452.011r.tif,4808,7200,5
PrincetonPA6452.011v.tif,4772,7200,6
PrincetonPA6452.012r.tif,4804,7200,7
PrincetonPA6452.012v.tif,4772,7200,8
PrincetonPA6452.013r.tif,4814,7200,9
PrincetonPA6452.013v.tif,4772,7200,10
PrincetonPA6452.014r.tif,4783,7200,11
PrincetonPA6452.014v.tif,4772,7200,12
PrincetonPA6452.015r.tif,4817,7200,13
PrincetonPA6452.015v.tif,4730,7200,14
PrincetonPA6452.016r.tif,4793,7200,15
PrincetonPA6452.016v.tif,4667,7200,16
PrincetonPA6452.017r.tif,4752,7200,17
PrincetonPA6452.017v.tif,4692,7200,18
PrincetonPA6452.018r.tif,4730,7200,19
PrincetonPA6452.018v.tif,4739,7200,20
PrincetonPA6452.019r.tif,4785,7200,21
PrincetonPA6452.019v.tif,4742,7200,22
PrincetonPA6452.020r.tif,4767,7200,23
PrincetonPA6452.020v.tif,4704,7200,24
PrincetonPA6452.021r.tif,4796,7200,25
PrincetonPA6452.021v.tif,4704,7200,26
PrincetonPA6452.022r.tif,4780,7200,27
PrincetonPA6452.022v.tif,4693,7200,28
PrincetonPA6452.023r.tif,4793,7200,29
PrincetonPA6452.023v.tif,4735,7200,30
PrincetonPA6452.024r.tif,4771,7200,31
PrincetonPA6452.024v.tif,4804,7200,32
PrincetonPA6452.025r.tif,4826,7200,33
PrincetonPA6452.025v.tif,4766,7200,34
PrincetonPA6452.026r.tif,4824,7200,35
PrincetonPA6452.026v.tif,4753,7200,36
PrincetonPA6452.027r.tif,4806,7200,37
PrincetonPA6452.027v.tif,4672,7200,38
PrincetonPA6452.028r.tif,4591,7200,39
PrincetonPA6452.028v.tif,4716,7200,40
PrincetonPA6452.029r.tif,4700,7200,41
PrincetonPA6452.029v.tif,4676,7200,42
PrincetonPA6452.030r.tif,4694,7200,43
PrincetonPA6452.030v.tif,4753,7200,44
PrincetonPA6452.031r.tif,4784,7200,45
PrincetonPA6452.031v.tif,4762,7200,46
PrincetonPA6452.032r.tif,4766,7200,47
PrincetonPA6452.032v.tif,4787,7200,48
PrincetonPA6452.033r.tif,4826,7200,49
PrincetonPA6452.033v.tif,4537,7200,50
PrincetonPA6452.034r.tif,4795,7200,51
PrincetonPA6452.034v.tif,4549,7200,52
PrincetonPA6452.035r.tif,4771,7200,53
PrincetonPA6452.035v.tif,4523,7200,54
PrincetonPA6452.036r.tif,4774,7200,55
PrincetonPA6452.036v.tif,4537,7200,56
PrincetonPA6452.037r.tif,4850,7200,57
PrincetonPA6452.037v.tif,4537,7200,58
PrincetonPA6452.038r.tif,4792,7200,59
PrincetonPA6452.038v.tif,4561,7200,60
PrincetonPA6452.039r.tif,4792,7200,61
PrincetonPA6452.039v.tif,4540,7200,62
PrincetonPA6452.040r.tif,4786,7200,63
PrincetonPA6452.040v.tif,4560,7200,64
PrincetonPA6452.041r.tif,4778,7200,65
PrincetonPA6452.041v.tif,4548,7200,66
PrincetonPA6452.042r.tif,4719,7200,67
PrincetonPA6452.042v.tif,4537,7200,68
PrincetonPA6452.043r.tif,4768,7200,69
PrincetonPA6452.043v.tif,4563,7200,70
PrincetonPA6452.044r.tif,4745,7200,71
PrincetonPA6452.044v.tif,4537,7200,72
PrincetonPA6452.045r.tif,4597,7200,73
PrincetonPA6452.045v.tif,4537,7200,74
PrincetonPA6452.046r.tif,4780,7200,75
PrincetonPA6452.046v.tif,4537,7200,76
PrincetonPA6452.047r.tif,4759,7200,77
PrincetonPA6452.047v.tif,4537,7200,78
PrincetonPA6452.048r.tif,4705,7200,79
PrincetonPA6452.048v.tif,4550,7200,80
PrincetonPA6452.049r.tif,4701,7200,81
PrincetonPA6452.049v.tif,4537,7200,82
PrincetonPA6452.050r.tif,4783,7200,83
PrincetonPA6452.050v.tif,4578,7200,84
PrincetonPA6452.051r.tif,4672,7200,85
PrincetonPA6452.051v.tif,4526,7200,86
PrincetonPA6452.052r.tif,4771,7200,87
PrincetonPA6452.052v.tif,4625,7200,88
PrincetonPA6452.053r.tif,4786,7200,89
PrincetonPA6452.053v.tif,4592,7200,90
PrincetonPA6452.054r.tif,4833,7200,91
PrincetonPA6452.054v.tif,4664,7200,92
PrincetonPA6452.055r.tif,4821,7200,93
PrincetonPA6452.055v.tif,4680,7200,94
PrincetonPA6452.056r.tif,4780,7200,95
PrincetonPA6452.056v.tif,4599,7200,96
PrincetonPA6452.057r.tif,4748,7200,97
PrincetonPA6452.057v.tif,4537,7200,98
PrincetonPA6452.058r.tif,4757,7200,99
PrincetonPA6452.058v.tif,4510,7200,100
PrincetonPA6452.059r.tif,4742,7200,101
PrincetonPA6452.059v.tif,4537,7200,102
PrincetonPA6452.060r.tif,4795,7200,103
PrincetonPA6452.060v.tif,4537,7200,104
PrincetonPA6452.061r.tif,4714,7200,105
PrincetonPA6452.061v.tif,4489,7200,106
PrincetonPA6452.062r.tif,4803,7200,107
PrincetonPA6452.062v.tif,4565,7200,108
PrincetonPA6452.063r.tif,4701,7200,109
PrincetonPA6452.063v.tif,4505,7200,110
PrincetonPA6452.064r.tif,4721,7200,111
PrincetonPA6452.064v.tif,4481,7200,112
PrincetonPA6452.065r.tif,4537,7200,113
PrincetonPA6452.065v.tif,4540,7200,114
PrincetonPA6452.066r.tif,4528,7200,115
PrincetonPA6452.066v.tif,4541,7200,116
PrincetonPA6452.067r.tif,4707,7200,117
PrincetonPA6452.067v.tif,4541,7200,118
PrincetonPA6452.068r.tif,4619,7200,119
PrincetonPA6452.068v.tif,4450,7200,120
PrincetonPA6452.069r.tif,4795,7200,121
PrincetonPA6452.069v.tif,4512,7200,122
PrincetonPA6452.070r.tif,4577,7200,123
PrincetonPA6452.070v.tif,4456,7200,124
PrincetonPA6452.071r.tif,4707,7200,125
PrincetonPA6452.071v.tif,4456,7200,126
PrincetonPA6452.072r.tif,4736,7200,127
PrincetonPA6452.072v.tif,4472,7200,128
PrincetonPA6452.073r.tif,4655,7200,129
PrincetonPA6452.073v.tif,4515,7200,130
PrincetonPA6452.074r.tif,4708,7200,131
PrincetonPA6452.074v.tif,4503,7200,132
PrincetonPA6452.075r.tif,4695,7200,133
PrincetonPA6452.075v.tif,4515,7200,134
PrincetonPA6452.076r.tif,4689,7200,135
PrincetonPA6452.076v.tif,4532,7200,136
PrincetonPA6452.077r.tif,4684,7200,137
PrincetonPA6452.077v.tif,4587,7200,138
PrincetonPA6452.078r.tif,4602,7200,139
PrincetonPA6452.078v.tif,4498,7200,140
PrincetonPA6452.079r.tif,4606,7200,141
PrincetonPA6452.079v.tif,4499,7200,142
PrincetonPA6452.080r.tif,4614,7200,143
PrincetonPA6452.080v.tif,4470,7200,144
PrincetonPA6452.081r.tif,4619,7200,145
PrincetonPA6452.081v.tif,4506,7200,146
PrincetonPA6452.082r.tif,4654,7200,147
PrincetonPA6452.082v.tif,4486,7200,148
PrincetonPA6452.083r.tif,4689,7200,149
PrincetonPA6452.083v.tif,4470,7200,150
PrincetonPA6452.084r.tif,4722,7200,151
PrincetonPA6452.084v.tif,4552,7200,152
PrincetonPA6452.085r.tif,4723,7200,153
PrincetonPA6452.085v.tif,4559,7200,154
PrincetonPA6452.086r.tif,4760,7200,155
PrincetonPA6452.086v.tif,4559,7200,156
PrincetonPA6452.087r.tif,4735,7200,157
PrincetonPA6452.087v.tif,4414,7200,158
PrincetonPA6452.088r.tif,4706,7200,159
PrincetonPA6452.088v.tif,4462,7200,160
PrincetonPA6452.089r.tif,4735,7200,161
PrincetonPA6452.089v.tif,4446,7200,162
PrincetonPA6452.090r.tif,4683,7200,163
PrincetonPA6452.090v.tif,4489,7200,164
PrincetonPA6452.091r.tif,4737,7200,165
PrincetonPA6452.091v.tif,4413,7200,166
PrincetonPA6452.092r.tif,4712,7200,167
PrincetonPA6452.092v.tif,4512,7200,168
PrincetonPA6452.093r.tif,4720,7200,169
PrincetonPA6452.093v.tif,4433,7200,170
PrincetonPA6452.094r.tif,4589,7200,171
PrincetonPA6452.094v.tif,4413,7200,172
PrincetonPA6452.095r.tif,4683,7200,173
PrincetonPA6452.095v.tif,4430,7200,174
PrincetonPA6452.096r.tif,4665,7200,175
PrincetonPA6452.096v.tif,4459,7200,176
PrincetonPA6452.097r.tif,4692,7200,177
PrincetonPA6452.097v.tif,4401,7200,178
PrincetonPA6452.098r.tif,4717,7200,179
PrincetonPA6452.098v.tif,4368,7200,180
PrincetonPA6452.099r.tif,4708,7200,181
PrincetonPA6452.099v.tif,4337,7200,182
PrincetonPA6452.100r.tif,4671,7200,183
PrincetonPA6452.100v.tif,4373,7200,184
PrincetonPA6452.101r.tif,4701,7200,185
PrincetonPA6452.101v.tif,4465,7200,186
PrincetonPA6452.102r.tif,4706,7200,187
PrincetonPA6452.102v.tif,4439,7200,188
PrincetonPA6452.103r.tif,4821,7200,189
PrincetonPA6452.103v.tif,4499,7200,190
PrincetonPA6452.104r.tif,4674,7200,191
PrincetonPA6452.104v.tif,4430,7200,192
PrincetonPA6452.105r.tif,4728,7200,193
PrincetonPA6452.105v.tif,4434,7200,194
PrincetonPA6452.106r.tif,4717,7200,195
PrincetonPA6452.106v.tif,4426,7200,196
PrincetonPA6452.107r.tif,4717,7200,197
PrincetonPA6452.107v.tif,4460,7200,198
PrincetonPA6452.108r.tif,4717,7200,199
PrincetonPA6452.108v.tif,4493,7200,200
PrincetonPA6452.109r.tif,4717,7200,201
PrincetonPA6452.109v.tif,4490,7200,202
PrincetonPA6452.110r.tif,4717,7200,203
PrincetonPA6452.110v.tif,4505,7200,204
PrincetonPA6452.111r.tif,4717,7200,205
PrincetonPA6452.111v.tif,4481,7200,206
PrincetonPA6452.112r.tif,4717,7200,207
PrincetonPA6452.112v.tif,4490,7200,208
PrincetonPA6452.113r.tif,4633,7200,209
PrincetonPA6452.113v.tif,4490,7200,210
PrincetonPA6452.114r.tif,4639,7200,211
PrincetonPA6452.114v.tif,4490,7200,212
PrincetonPA6452.115r.tif,4691,7200,213
PrincetonPA6452.115v.tif,4512,7200,214
PrincetonPA6452.116r.tif,4645,7200,215
PrincetonPA6452.116v.tif,4481,7200,216
PrincetonPA6452.117r.tif,4717,7200,217
PrincetonPA6452.117v.tif,4476,7200,218
PrincetonPA6452.118r.tif,4605,7200,219
PrincetonPA6452.118v.tif,4478,7200,220
PrincetonPA6452.119r.tif,4648,7200,221
PrincetonPA6452.119v.tif,4529,7200,222
PrincetonPA6452.120r.tif,4705,7200,223
PrincetonPA6452.120v.tif,4545,7200,224
PrincetonPA6452.121r.tif,4674,7200,225
PrincetonPA6452.121v.tif,4534,7200,226
PrincetonPA6452.122r.tif,4674,7200,227
PrincetonPA6452.122v.tif,4558,7200,228
PrincetonPA6452.123r.tif,4648,7200,229
PrincetonPA6452.123v.tif,4535,7200,230
PrincetonPA6452.124r.tif,4648,7200,231
PrincetonPA6452.124v.tif,4502,7200,233
PrincetonPA6452.125r.tif,4615,7200,233
PrincetonPA6452.125v.tif,4540,7200,234
PrincetonPA6452.126r.tif,4723,7200,235
PrincetonPA6452.126v.tif,4562,7200,236
PrincetonPA6452.127r.tif,4803,7200,237
PrincetonPA6452.127v.tif,4540,7200,238
PrincetonPA6452.128r.tif,4723,7200,239
PrincetonPA6452.128v.tif,4545,7200,240
PrincetonPA6452.129r.tif,4813,7200,341
PrincetonPA6452.129v.tif,4440,7200,242
PrincetonPA6452.130r.tif,4771,7200,243
PrincetonPA6452.130v.tif,4395,7200,244
PrincetonPA6452.131r.tif,4765,7200,245
PrincetonPA6452.131v.tif,4417,7200,246
PrincetonPA6452.132r.tif,4692,7200,247
PrincetonPA6452.132v.tif,4377,7200,248
PrincetonPA6452.133r.tif,4706,7200,249
PrincetonPA6452.133v.tif,4393,7200,250
PrincetonPA6452.134r.tif,4720,7200,251
PrincetonPA6452.134v.tif,4393,7200,252
PrincetonPA6452.135r.tif,4647,7200,253
PrincetonPA6452.135v.tif,4395,7200,254
PrincetonPA6452.136r.tif,4703,7200,255
PrincetonPA6452.136v.tif,4384,7200,256
PrincetonPA6452.137r.tif,4728,7200,257
PrincetonPA6452.137v.tif,4354,7200,258
PrincetonPA6452.138r.tif,4695,7200,259
PrincetonPA6452.138v.tif,4288,7200,260
PrincetonPA6452.139r.tif,4677,7200,261
PrincetonPA6452.139v.tif,4329,7200,262
PrincetonPA6452.140r.tif,4685,7200,263
PrincetonPA6452.140v.tif,4387,7200,264
PrincetonPA6452.141r.tif,4673,7200,265
PrincetonPA6452.141v.tif,4371,7200,266
PrincetonPA6452.142r.tif,4681,7200,267
PrincetonPA6452.142v.tif,4361,7200,268
PrincetonPA6452.143r.tif,4711,7200,269
PrincetonPA6452.143v.tif,4290,7200,270
PrincetonPA6452.144r.tif,4662,7200,271
PrincetonPA6452.144v.tif,4326,7200,272
PrincetonPA6452.145r.tif,4597,7200,273
PrincetonPA6452.145v.tif,4398,7200,274
PrincetonPA6452.146r.tif,4661,7200,275
PrincetonPA6452.146v.tif,4401,7200,276
PrincetonPA6452.147r.tif,4695,7200,277
PrincetonPA6452.147v.tif,4374,7200,278
PrincetonPA6452.148r.tif,4647,7200,279
PrincetonPA6452.148v.tif,4371,7200,280
PrincetonPA6452.149r.tif,4654,7200,281
PrincetonPA6452.149v.tif,4388,7200,282
PrincetonPA6452.150r.tif,4668,7200,283
PrincetonPA6452.150v.tif,4381,7200,284
PrincetonPA6452.151r.tif,4629,7200,287
PrincetonPA6452.151v.tif,4380,7200,286
PrincetonPA6452.152r.tif,4629,7200,287
PrincetonPA6452.152v.tif,4371,7200,288
PrincetonPA6452.153r.tif,4598,7200,289
PrincetonPA6452.153v.tif,4371,7200,290
PrincetonPA6452.154r.tif,4694,7200,291
PrincetonPA6452.154v.tif,4364,7200,292
PrincetonPA6452.155r.tif,4631,7200,293
PrincetonPA6452.155v.tif,4339,7200,294
PrincetonPA6452.156r.tif,4622,7200,295
PrincetonPA6452.156v.tif,4349,7200,296
PrincetonPA6452.157r.tif,4623,7200,297
PrincetonPA6452.157v.tif,4373,7200,298
PrincetonPA6452.158r.tif,4648,7200,299
PrincetonPA6452.158v.tif,4316,7200,300
PrincetonPA6452.159r.tif,4621,7200,301
PrincetonPA6452.159v.tif,4306,7200,302
PrincetonPA6452.160r.tif,4670,7200,303
PrincetonPA6452.160v.tif,4286,7200,304
PrincetonPA6452.161r.tif,4651,7200,305
PrincetonPA6452.161v.tif,4377,7200,306
PrincetonPA6452.162r.tif,4625,7200,307
PrincetonPA6452.162v.tif,4342,7200,308
PrincetonPA6452.163r.tif,4661,7200,309
PrincetonPA6452.163v.tif,4320,7200,310
PrincetonPA6452.164r.tif,4600,7200,311
PrincetonPA6452.164v.tif,4283,7200,312
PrincetonPA6452.165r.tif,4631,7200,313
PrincetonPA6452.165v.tif,4341,7200,314
PrincetonPA6452.166r.tif,4679,7200,315
PrincetonPA6452.166v.tif,4311,7200,316
PrincetonPA6452.167r.tif,4630,7200,712
PrincetonPA6452.167v.tif,4322,7200,318
PrincetonPA6452.168r.tif,4642,7200,319
PrincetonPA6452.168v.tif,4310,7200,320
PrincetonPA6452.169r.tif,4606,7200,321
PrincetonPA6452.169v.tif,4642,7200,324
PrincetonPA6452.170r.tif,4612,7200,323
PrincetonPA6452.170v.tif,4653,7200,324
PrincetonPA6452.171r.tif,4647,7200,325
PrincetonPA6452.171v.tif,4630,7200,326
PrincetonPA6452.172r.tif,4533,7200,327
PrincetonPA6452.172v.tif,4630,7200,328
PrincetonPA6452.173r.tif,4591,7200,329
PrincetonPA6452.173v.tif,4630,7200,330
PrincetonPA6452.174r.tif,4564,7200,331
PrincetonPA6452.174v.tif,4630,7200,332
PrincetonPA6452.175r.tif,4583,7200,333
PrincetonPA6452.175v.tif,4614,7200,334
PrincetonPA6452.176r.tif,4536,7200,335
PrincetonPA6452.176v.tif,4630,7200,336
PrincetonPA6452.177r.tif,4575,7200,337
PrincetonPA6452.177v.tif,4642,7200,338
PrincetonPA6452.178r.tif,4536,7200,339
PrincetonPA6452.178v.tif,4630,7200,340
PrincetonPA6452.179r.tif,4615,7200,341
PrincetonPA6452.179v.tif,4630,7200,342
PrincetonPA6452.180r.tif,4615,7200,343
PrincetonPA6452.180v.tif,4672,7200,344
PrincetonPA6452.181r.tif,4615,7200,345
PrincetonPA6452.181v.tif,4649,7200,346
PrincetonPA6452.182r.tif,4615,7200,347
PrincetonPA6452.182v.tif,4644,7200,348
PrincetonPA6452.183r.tif,4657,7200,349
PrincetonPA6452.183v.tif,4593,7200,350
PrincetonPA6452.184r.tif,4618,7200,351
PrincetonPA6452.184v.tif,4630,7200,352
PrincetonPA6452.185r.tif,4657,7200,353
PrincetonPA6452.185v.tif,4597,7200,354
PrincetonPA6452.186r.tif,4615,7200,355
PrincetonPA6452.186v.tif,4650,7200,356
PrincetonPA6452.187r.tif,4615,7200,357
PrincetonPA6452.187v.tif,4647,7200,358
PrincetonPA6452.188r.tif,4615,7200,359
PrincetonPA6452.188v.tif,4636,7200,360
PrincetonPA6452.189r.tif,4615,7200,361
PrincetonPA6452.189v.tif,4555,7200,362
PrincetonPA6452.190r.tif,4615,7200,363
PrincetonPA6452.190v.tif,4555,7200,364
PrincetonPA6452.191r.tif,4615,7200,365
PrincetonPA6452.191v.tif,4566,7200,366
PrincetonPA6452.192r.tif,4522,7200,367
PrincetonPA6452.192v.tif,4600,7200,368
PrincetonPA6452.193r.tif,4597,7200,369
PrincetonPA6452.193v.tif,4631,7200,370
PrincetonPA6452.194r.tif,4555,7200,371
PrincetonPA6452.194v.tif,4625,7200,372
PrincetonPA6452.195r.tif,4572,7200,373
PrincetonPA6452.195v.tif,4619,7200,374
PrincetonPA6452.196r.tif,4532,7200,375
PrincetonPA6452.196v.tif,4579,7200,376
PrincetonPA6452.197r.tif,4555,7200,377
PrincetonPA6452.197v.tif,4598,7200,378
PrincetonPA6452.198r.tif,4532,7200,379
PrincetonPA6452.198v.tif,4625,7200,380
PrincetonPA6452.199r.tif,4589,7200,381
PrincetonPA6452.199v.tif,4609,7200,382
PrincetonPA6452.200r.tif,4569,7200,383
PrincetonPA6452.200v.tif,4577,7200,384
PrincetonPA6452.201r.tif,4580,7200,385
PrincetonPA6452.201v.tif,4568,7200,386
PrincetonPA6452.202r.tif,4589,7200,387
PrincetonPA6452.202v.tif,4549,7200,388
PrincetonPA6452.203r.tif,4563,7200,389
PrincetonPA6452.203v.tif,4549,7200,390
PrincetonPA6452.204r.tif,4580,7200,391
PrincetonPA6452.204v.tif,4571,7200,392
PrincetonPA6452.205r.tif,4537,7200,393
PrincetonPA6452.205v.tif,4598,7200,394
PrincetonPA6452.206r.tif,4572,7200,395
PrincetonPA6452.206v.tif,4598,7200,396
PrincetonPA6452.207r.tif,4589,7200,397
PrincetonPA6452.207v.tif,4623,7200,398
PrincetonPA6452.208r.tif,4555,7200,399
PrincetonPA6452.208v.tif,4565,7200,400
PrincetonPA6452.209r.tif,4589,7200,401
PrincetonPA6452.209v.tif,4623,7200,402
PrincetonPA6452.210r.tif,4605,7200,403
PrincetonPA6452.210v.tif,4623,7200,404
PrincetonPA6452.211r.tif,4610,7200,405
PrincetonPA6452.211v.tif,4623,7200,406
PrincetonPA6452.212r.tif,4582,7200,407
PrincetonPA6452.212v.tif,4623,7200,408
PrincetonPA6452.213r.tif,4581,7200,409
PrincetonPA6452.213v.tif,4623,7200,410
PrincetonPA6452.214r.tif,4613,7200,411
PrincetonPA6452.214v.tif,4623,7200,412
PrincetonPA6452.215r.tif,4580,7200,413
PrincetonPA6452.215v.tif,4607,7200,414
PrincetonPA6452.216r.tif,4579,7200,415
PrincetonPA6452.216v.tif,4623,7200,416
PrincetonPA6452.217r.tif,4628,7200,417
PrincetonPA6452.217v.tif,4623,7200,418
PrincetonPA6452.218r.tif,4579,7200,419
PrincetonPA6452.218v.tif,4623,7200,420
PrincetonPA6452.219r.tif,4559,7200,421
PrincetonPA6452.219v.tif,4612,7200,422
PrincetonPA6452.220r.tif,4593,7200,423
PrincetonPA6452.220v.tif,4602,7200,424
PrincetonPA6452.221r.tif,4590,7200,425
PrincetonPA6452.221v.tif,4612,7200,426
PrincetonPA6452.222r.tif,4584,7200,427
PrincetonPA6452.222v.tif,4618,7200,428
PrincetonPA6452.223r.tif,4582,7200,429
PrincetonPA6452.223v.tif,4602,7200,430
PrincetonPA6452.224r.tif,4564,7200,431
PrincetonPA6452.224v.tif,4602,7200,432
PrincetonPA6452.225r.tif,4613,7200,433
PrincetonPA6452.225v.tif,4602,7200,434
PrincetonPA6452.226r.tif,4619,7200,435
PrincetonPA6452.226v.tif,4602,7200,436
PrincetonPA6452.227r.tif,4580,7200,437
PrincetonPA6452.227v.tif,4602,7200,438
PrincetonPA6452.228r.tif,4569,7200,439
PrincetonPA6452.228v.tif,4618,7200,440
PrincetonPA6452.229r.tif,4626,7200,441
PrincetonPA6452.229v.tif,4643,7200,442
PrincetonPA6452.230r.tif,4625,7200,443
PrincetonPA6452.230v.tif,4635,7200,444
PrincetonPA6452.231r.tif,4600,7200,445
PrincetonPA6452.231v.tif,4636,7200,446
PrincetonPA6452.232r.tif,4560,7200,447
PrincetonPA6452.232v.tif,4602,7200,448
PrincetonPA6452.233r.tif,4560,7200,449
PrincetonPA6452.233v.tif,4618,7200,450
PrincetonPA6452.234r.tif,4594,7200,451
PrincetonPA6452.234v.tif,4618,7200,452
PrincetonPA6452.235r.tif,4570,7200,453
PrincetonPA6452.235v.tif,4621,7200,454
PrincetonPA6452.236r.tif,4560,7200,455
PrincetonPA6452.236v.tif,4613,7200,456
PrincetonPA6452.237r.tif,4568,7200,457
PrincetonPA6452.237v.tif,4602,7200,458
PrincetonPA6452.238r.tif,4560,7200,459
PrincetonPA6452.238v.tif,4602,7200,460
PrincetonPA6452.239r.tif,4560,7200,461
PrincetonPA6452.239v.tif,4590,7200,462
PrincetonPA6452.240r.tif,4552,7200,463
PrincetonPA6452.240v.tif,4618,7200,464
PrincetonPA6452.241r.tif,4552,7200,465
PrincetonPA6452.241v.tif,4585,7200,466
PrincetonPA6452.242r.tif,4552,7200,467
PrincetonPA6452.242v.tif,4590,7200,468
PrincetonPA6452.243r.tif,4552,7200,469
PrincetonPA6452.243v.tif,4625,7200,470
PrincetonPA6452.244r.tif,4589,7200,471
PrincetonPA6452.244v.tif,4580,7200,472
PrincetonPA6452.245r.tif,4552,7200,473
PrincetonPA6452.245v.tif,4616,7200,474
PrincetonPA6452.246r.tif,4552,7200,475
PrincetonPA6452.246v.tif,4590,7200,476
PrincetonPA6452.247r.tif,4552,7200,477
PrincetonPA6452.247v.tif,4602,7200,478
PrincetonPA6452.248r.tif,4580,7200,479
PrincetonPA6452.248v.tif,4602,7200,480
PrincetonPA6452.249r.tif,4586,7200,481
PrincetonPA6452.249v.tif,4585,7200,482
PrincetonPA6452.250r.tif,4606,7200,483
PrincetonPA6452.250v.tif,4602,7200,484
PrincetonPA6452.251r.tif,4601,7200,485
PrincetonPA6452.251v.tif,4580,7200,486
PrincetonPA6452.252r.tif,4552,7200,487
PrincetonPA6452.252v.tif,4593,7200,488
PrincetonPA6452.253r.tif,4580,7200,489
PrincetonPA6452.253v.tif,4593,7200,490
PrincetonPA6452.254r.tif,4566,7200,491
PrincetonPA6452.254v.tif,4621,7200,492
PrincetonPA6452.255r.tif,4566,7200,493
PrincetonPA6452.255v.tif,4593,7200,494
PrincetonPA6452.256r.tif,4566,7200,495
PrincetonPA6452.256v.tif,4599,7200,496
PrincetonPA6452.257r.tif,4591,7200,497
PrincetonPA6452.257v.tif,4617,7200,498
PrincetonPA6452.258r.tif,4601,7200,499
PrincetonPA6452.258v.tif,4638,7200,500
PrincetonPA6452.259r.tif,4601,7200,501
PrincetonPA6452.259v.tif,4612,7200,502
PrincetonPA6452.260r.tif,4601,7200,503
PrincetonPA6452.260v.tif,4629,7200,504
PrincetonPA6452.261r.tif,4628,7200,505
PrincetonPA6452.261v.tif,4593,7200,506
PrincetonPA6452.262r.tif,4628,7200,507
PrincetonPA6452.262v.tif,4588,7200,508
PrincetonPA6452.263r.tif,4624,7200,509
PrincetonPA6452.263v.tif,4604,7200,510
PrincetonPA6452.264r.tif,4637,7200,511
PrincetonPA6452.264v.tif,4615,7200,512
PrincetonPA6452.265r.tif,4601,7200,513
PrincetonPA6452.265v.tif,4635,7200,514
PrincetonPA6452.266r.tif,4618,7200,515
PrincetonPA6452.266v.tif,4599,7200,516
PrincetonPA6452.267r.tif,4628,7200,517
PrincetonPA6452.267v.tif,4624,7200,518
PrincetonPA6452.268r.tif,4645,7200,519
PrincetonPA6452.268v.tif,4566,7200,520
PrincetonPA6452.269r.tif,4621,7200,521
PrincetonPA6452.269v.tif,4606,7200,522
PrincetonPA6452.270r.tif,4644,7200,523
PrincetonPA6452.270v.tif,4633,7200,524
PrincetonPA6452.271r.tif,4655,7200,525
PrincetonPA6452.271v.tif,4649,7200,526
PrincetonPA6452.272r.tif,4655,7200,527
PrincetonPA6452.272v.tif,4626,7200,528
PrincetonPA6452.273r.tif,4632,7200,529
PrincetonPA6452.273v.tif,4624,7200,530
PrincetonPA6452.274r.tif,4612,7200,531
PrincetonPA6452.274v.tif,4610,7200,532
PrincetonPA6452.275r.tif,4622,7200,533
PrincetonPA6452.275v.tif,4624,7200,534
PrincetonPA6452.276r.tif,4655,7200,535
PrincetonPA6452.276v.tif,4624,7200,536
PrincetonPA6452.277r.tif,4655,7200,537
PrincetonPA6452.277v.tif,4595,7200,538
PrincetonPA6452.278r.tif,4671,7200,539
PrincetonPA6452.278v.tif,4648,7200,540
PrincetonPA6452.279r.tif,4604,7200,541
PrincetonPA6452.279v.tif,4628,7200,542
PrincetonPA6452.280r.tif,4604,7200,543
PrincetonPA6452.280v.tif,4628,7200,544
PrincetonPA6452.281r.tif,4636,7200,545
PrincetonPA6452.281v.tif,4623,7200,546
PrincetonPA6452.282r.tif,4618,7200,547
PrincetonPA6452.282v.tif,4628,7200,548
PrincetonPA6452.283r.tif,4636,7200,549
PrincetonPA6452.283v.tif,4634,7200,550
PrincetonPA6452.284r.tif,4636,7200,551
PrincetonPA6452.284v.tif,4648,7200,552
PrincetonPA6452.285r.tif,4644,7200,553
PrincetonPA6452.285v.tif,4648,7200,554
PrincetonPA6452.286r.tif,4663,7200,555
PrincetonPA6452.286v.tif,4635,7200,556
PrincetonPA6452.287r.tif,4608,7200,557
PrincetonPA6452.287v.tif,4632,7200,558
PrincetonPA6452.288r.tif,4680,7200,559
PrincetonPA6452.288v.tif,4611,7200,560
PrincetonPA6452.289r.tif,4636,7200,561
PrincetonPA6452.289v.tif,4668,7200,562
PrincetonPA6452.290r.tif,4644,7200,563
PrincetonPA6452.290v.tif,4637,7200,564
PrincetonPA6452.291r.tif,4671,7200,565
PrincetonPA6452.291v.tif,4637,7200,566
PrincetonPA6452.292r.tif,4650,7200,567
PrincetonPA6452.292v.tif,4603,7200,568
PrincetonPA6452.293r.tif,4648,7200,569
PrincetonPA6452.293v.tif,4611,7200,570
PrincetonPA6452.294r.tif,4654,7200,571
PrincetonPA6452.294v.tif,4636,7200,572
PrincetonPA6452.295r.tif,4648,7200,573
PrincetonPA6452.295v.tif,4620,7200,574
PrincetonPA6452.296r.tif,4642,7200,575
PrincetonPA6452.296v.tif,4636,7200,576
PrincetonPA6452.297r.tif,4636,7200,577
PrincetonPA6452.297v.tif,4650,7200,578
PrincetonPA6452.298r.tif,4625,7200,579
PrincetonPA6452.298v.tif,4627,7200,580
PrincetonPA6452.299r.tif,4624,7200,581
PrincetonPA6452.299v.tif,4647,7200,582
PrincetonPA6452.300r.tif,4624,7200,583
PrincetonPA6452.300v.tif,4636,7200,584
PrincetonPA6452.301r.tif,4631,7200,585
PrincetonPA6452.301v.tif,4625,7200,586
PrincetonPA6452.302r.tif,4645,7200,587
PrincetonPA6452.302v.tif,4676,7200,588
PrincetonPA6452.303r.tif,4679,7200,589
PrincetonPA6452.303v.tif,4630,7200,590
PrincetonPA6452.304r.tif,4654,7200,591
PrincetonPA6452.304v.tif,4628,7200,592
PrincetonPA6452.305r.tif,4618,7200,593
PrincetonPA6452.305v.tif,4589,7200,594
PrincetonPA6452.306r.tif,4615,7200,595
PrincetonPA6452.306v.tif,4630,7200,596
PrincetonPA6452.307r.tif,4615,7200,597
PrincetonPA6452.307v.tif,4597,7200,598
PrincetonPA6452.308r.tif,4627,7200,599
PrincetonPA6452.308v.tif,4636,7200,600
PrincetonPA6452.309r.tif,4642,7200,601
PrincetonPA6452.309v.tif,4614,7200,602
PrincetonPA6452.310r.tif,4679,7200,603
PrincetonPA6452.310v.tif,4595,7200,604
PrincetonPA6452.311r.tif,4632,7200,605
PrincetonPA6452.311v.tif,4636,7200,606
PrincetonPA6452.312r.tif,4665,7200,607
PrincetonPA6452.312v.tif,4602,7200,608
PrincetonPA6452.313r.tif,4651,7200,609
PrincetonPA6452.313v.tif,4627,7200,610
PrincetonPA6452.314r.tif,4640,7200,611
PrincetonPA6452.314v.tif,4620,7200,612
PrincetonPA6452.315r.tif,4651,7200,613
PrincetonPA6452.315v.tif,4620,7200,614
PrincetonPA6452.316r.tif,4670,7200,615
PrincetonPA6452.316v.tif,4531,7200,616
PrincetonPA6452.317r.tif,4656,7200,617
PrincetonPA6452.317v.tif,4572,7200,618
PrincetonPA6452.318r.tif,4656,7200,619
PrincetonPA6452.318v.tif,4596,7200,620
PrincetonPA6452.319r.tif,4665,7200,621
PrincetonPA6452.319v.tif,4630,7200,622
PrincetonPA6452.320r.tif,4684,7200,623
PrincetonPA6452.320v.tif,4613,7200,624
PrincetonPA6452.321r.tif,4651,7200,625
PrincetonPA6452.321v.tif,4630,7200,626
PrincetonPA6452.322r.tif,4684,7200,627
PrincetonPA6452.322v.tif,4611,7200,628
PrincetonPA6452.323r.tif,4665,7200,629
PrincetonPA6452.323v.tif,4596,7200,630
PrincetonPA6452.324r.tif,4640,7200,631
PrincetonPA6452.324v.tif,4630,7200,632
PrincetonPA6452.325r.tif,4643,7200,633
PrincetonPA6452.325v.tif,4611,7200,634
PrincetonPA6452.326r.tif,4684,7200,635
PrincetonPA6452.326v.tif,4583,7200,636
PrincetonPA6452.327r.tif,4656,7200,637
PrincetonPA6452.327v.tif,4569,7200,638
PrincetonPA6452.328r.tif,4651,7200,639
PrincetonPA6452.328v.tif,4596,7200,640
PrincetonPA6452.329r.tif,4656,7200,641
PrincetonPA6452.329v.tif,4633,7200,642
PrincetonPA6452.330r.tif,4665,7200,643
PrincetonPA6452.330v.tif,4658,7200,644
PrincetonPA6452.331r.tif,4643,7200,645
PrincetonPA6452.331v.tif,4676,7200,646
PrincetonPA6452.332r.tif,4643,7200,647
PrincetonPA6452.332v.tif,4670,7200,648
PrincetonPA6452.333r.tif,4643,7200,649
PrincetonPA6452.333v.tif,4695,7200,650
PrincetonPA6452.334r.tif,4643,7200,651
PrincetonPA6452.334v.tif,4701,7200,652
PrincetonPA6452.335r.tif,4700,7200,653
PrincetonPA6452.335v.tif,4701,7200,654
PrincetonPA6452.336r.tif,4691,7200,655
PrincetonPA6452.336v.tif,4701,7200,656
PrincetonPA6452.337r.tif,4673,7200,657
PrincetonPA6452.337v.tif,4707,7200,658
PrincetonPA6452.338r.tif,4689,7200,659
PrincetonPA6452.338v.tif,4701,7200,660
PrincetonPA6452.339r.tif,4748,7200,661
PrincetonPA6452.339v.tif,4701,7200,662
PrincetonPA6452.340r.tif,4678,7200,663
PrincetonPA6452.340v.tif,4660,7200,664
PrincetonPA6452.341r.tif,4700,7200,665
PrincetonPA6452.341v.tif,4651,7200,666
PrincetonPA6452.342r.tif,4689,7200,667
PrincetonPA6452.342v.tif,4713,7200,668
PrincetonPA6452.343r.tif,4700,7200,669
PrincetonPA6452.343v.tif,4701,7200,670
PrincetonPA6452.344r.tif,4712,7200,671
PrincetonPA6452.344v.tif,4643,7200,672
PrincetonPA6452.345r.tif,4718,7200,673
PrincetonPA6452.345v.tif,4641,7200,674
PrincetonPA6452.346r.tif,4681,7200,675
PrincetonPA6452.346v.tif,4660,7200,676
PrincetonPA6452.347r.tif,4714,7200,677
PrincetonPA6452.347v.tif,4652,7200,678
PrincetonPA6452.348r.tif,4703,7200,679
PrincetonPA6452.348v.tif,4652,7200,680
PrincetonPA6452.349r.tif,4712,7200,681
PrincetonPA6452.349v.tif,4647,7200,682
PrincetonPA6452.350r.tif,4695,7200,683
PrincetonPA6452.350v.tif,4723,7200,684
PrincetonPA6452.351r.tif,4695,7200,685
PrincetonPA6452.351v.tif,4746,7200,686
PrincetonPA6452.352r.tif,4719,7200,687
PrincetonPA6452.352v.tif,4633,7200,688
PrincetonPA6452.353r.tif,4710,7200,689
PrincetonPA6452.353v.tif,4674,7200,690
PrincetonPA6452.354r.tif,4701,7200,691
PrincetonPA6452.354v.tif,4674,7200,692
PrincetonPA6452.355r.tif,4683,7200,693
PrincetonPA6452.355v.tif,4689,7200,694
PrincetonPA6452.356r.tif,4711,7200,695
PrincetonPA6452.356v.tif,4683,7200,696
PrincetonPA6452.357r.tif,4697,7200,697
PrincetonPA6452.357v.tif,4709,7200,698
PrincetonPA6452.358r.tif,4697,7200,699
PrincetonPA6452.358v.tif,4658,7200,700
PrincetonPA6452.359r.tif,4697,7200,701
PrincetonPA6452.359v.tif,4644,7200,702
PrincetonPA6452.360r.tif,4697,7200,703
PrincetonPA6452.360v.tif,4666,7200,704
PrincetonPA6452.361r.tif,4664,7200,705
PrincetonPA6452.361v.tif,4714,7200,706
PrincetonPA6452.362r.tif,4686,7200,707
PrincetonPA6452.362v.tif,4695,7200,708
PrincetonPA6452.363r.tif,4708,7200,709
PrincetonPA6452.363v.tif,4701,7200,710
PrincetonPA6452.364r.tif,4682,7200,711
PrincetonPA6452.364v.tif,4574,7200,712
PrincetonPA6452.365r.tif,4699,7200,713
PrincetonPA6452.365v.tif,4663,7200,714
PrincetonPA6452.366r.tif,4680,7200,715
PrincetonPA6452.366v.tif,4647,7200,716
PrincetonPA6452.367r.tif,4656,7200,717
PrincetonPA6452.367v.tif,4657,7200,718
PrincetonPA6452.368r.tif,4656,7200,719
PrincetonPA6452.368v.tif,4691,7200,720
PrincetonPA6452.369r.tif,4630,7200,721
PrincetonPA6452.369v.tif,4605,7200,722
PrincetonPA6452.370r.tif,4679,7200,723
PrincetonPA6452.370v.tif,4635,7200,724
PrincetonPA6452.371r.tif,4668,7200,725
PrincetonPA6452.371v.tif,4672,7200,726
PrincetonPA6452.372r.tif,4679,7200,727
PrincetonPA6452.372v.tif,4630,7200,728
PrincetonPA6452.373r.tif,4679,7200,729
PrincetonPA6452.373v.tif,4632,7200,730
PrincetonPA6452.374r.tif,4679,7200,731
PrincetonPA6452.374v.tif,4697,7200,732
PrincetonPA6452.375r.tif,4674,7200,733
PrincetonPA6452.375v.tif,4651,7200,734
PrincetonPA6452.376r.tif,4679,7200,735
PrincetonPA6452.376v.tif,4635,7200,736
PrincetonPA6452.377r.tif,4679,7200,737
PrincetonPA6452.377v.tif,4630,7200,738
PrincetonPA6452.378r.tif,4674,7200,739
PrincetonPA6452.378v.tif,4635,7200,740
PrincetonPA6452.379r.tif,4679,7200,741
PrincetonPA6452.379v.tif,4680,7200,742
PrincetonPA6452.380r.tif,4679,7200,743
PrincetonPA6452.380v.tif,4694,7200,744
PrincetonPA6452.381r.tif,4679,7200,745
PrincetonPA6452.381v.tif,4693,7200,746
PrincetonPA6452.382r.tif,4697,7200,747
PrincetonPA6452.382v.tif,4678,7200,748
PrincetonPA6452.383r.tif,4708,7200,749
PrincetonPA6452.383v.tif,4679,7200,750
PrincetonPA6452.384r.tif,4697,7200,751
PrincetonPA6452.384v.tif,4696,7200,752
PrincetonPA6452.385r.tif,4679,7200,753
PrincetonPA6452.385v.tif,4747,7200,754
PrincetonPA6452.386r.tif,4694,7200,755
PrincetonPA6452.386v.tif,4679,7200,756
PrincetonPA6452.387r.tif,4725,7200,757
PrincetonPA6452.387v.tif,4704,7200,758
PrincetonPA6452.388r.tif,4699,7200,759
PrincetonPA6452.388v.tif,4679,7200,760
PrincetonPA6452.389r.tif,4690,7200,761
PrincetonPA6452.389v.tif,4656,7200,762
PrincetonPA6452.390r.tif,4681,7200,763
PrincetonPA6452.390v.tif,4679,7200,764
PrincetonPA6452.391r.tif,4681,7200,765
PrincetonPA6452.391v.tif,4725,7200,766
PrincetonPA6452.392r.tif,4681,7200,767
PrincetonPA6452.392v.tif,4724,7200,768
PrincetonPA6452.393r.tif,4653,7200,769
PrincetonPA6452.393v.tif,4777,7200,770
PrincetonPA6452.394r.tif,4672,7200,771
PrincetonPA6452.394v.tif,4717,7200,772
PrincetonPA6452.395r.tif,4690,7200,773
PrincetonPA6452.395v.tif,4696,7200,774
PrincetonPA6452.396r.tif,4684,7200,775
PrincetonPA6452.396v.tif,4739,7200,776
PrincetonPA6452.397r.tif,4681,7200,777
PrincetonPA6452.397v.tif,4799,7200,778
PrincetonPA6452.398r.tif,4689,7200,779
PrincetonPA6452.398v.tif,4739,7200,780
PrincetonPA6452.399r.tif,4689,7200,781
PrincetonPA6452.399v.tif,4724,7200,782
PrincetonPA6452.400r.tif,4662,7200,783
PrincetonPA6452.400v.tif,4735,7200,784
PrincetonPA6452.401r.tif,4689,7200,785
PrincetonPA6452.401v.tif,4735,7200,786
PrincetonPA6452.402r.tif,4653,7200,787
PrincetonPA6452.402v.tif,4730,7200,788
PrincetonPA6452.403r.tif,4653,7200,789
PrincetonPA6452.403v.tif,4739,7200,790
PrincetonPA6452.404r.tif,4642,7200,791
PrincetonPA6452.404v.tif,4757,7200,792
PrincetonPA6452.405r.tif,4704,7200,793
PrincetonPA6452.405v.tif,4772,7200,794
PrincetonPA6452.406r.tif,4642,7200,795
PrincetonPA6452.406v.tif,4716,7200,796
PrincetonPA6452.407r.tif,4706,7200,797
PrincetonPA6452.407v.tif,4713,7200,798
PrincetonPA6452.408r.tif,4642,7200,799
PrincetonPA6452.408v.tif,4709,7200,800
PrincetonPA6452.409r.tif,4694,7200,801
PrincetonPA6452.409v.tif,4816,7200,802
PrincetonPA6452.410r.tif,4667,7200,803
PrincetonPA6452.410v.tif,4730,7200,804
PrincetonPA6452.411r.tif,4653,7200,805
PrincetonPA6452.411v.tif,4812,7200,806
PrincetonPA6452.412r.tif,4653,7200,807
PrincetonPA6452.412v.tif,4735,7200,808
PrincetonPA6452.413r.tif,4684,7200,809
PrincetonPA6452.413v.tif,4741,7200,810
PrincetonPA6452.414r.tif,4667,7200,811
PrincetonPA6452.414v.tif,4752,7200,812
PrincetonPA6452.415r.tif,4667,7200,813
PrincetonPA6452.415v.tif,4766,7200,814
PrincetonPA6452.416r.tif,4710,7200,815
PrincetonPA6452.416v.tif,4768,7200,816
PrincetonPA6452.417r.tif,4698,7200,817
PrincetonPA6452.417v.tif,4785,7200,818
PrincetonPA6452.418r.tif,4667,7200,819
PrincetonPA6452.418v.tif,4715,7200,820
PrincetonPA6452.419r.tif,4719,7200,821
PrincetonPA6452.419v.tif,4717,7200,822
PrincetonPA6452.420r.tif,4693,7200,823
PrincetonPA6452.420v.tif,4793,7200,824
PrincetonPA6452.421r.tif,4693,7200,825
PrincetonPA6452.421v.tif,4832,7200,826
PrincetonPA6452.422r.tif,4710,7200,827
PrincetonPA6452.422v.tif,4689,7200,828
PrincetonPA6452.423r.tif,4703,7200,829
PrincetonPA6452.423v.tif,4767,7200,[AAA1 v]
PrincetonPA6452.424r.tif,4687,7200,AAA2 [r]
PrincetonPA6452.424v.tif,4721,7200,[AAA2v]
PrincetonPA6452.425r.tif,4687,7200,AAA3 [r]
PrincetonPA6452.425v.tif,4752,7200,[AAA3v]
PrincetonPA6452.426r.tif,4681,7200,AAA4[r]
PrincetonPA6452.426v.tif,4752,7200,[AAA4v]
PrincetonPA6452.427r.tif,4687,7200,AAA5[r]
PrincetonPA6452.427v.tif,4763,7200,[AAA5v]
PrincetonPA6452.428r.tif,4678,7200,[AAA6r]
PrincetonPA6452.428v.tif,4708,7200,[AAA6v]
PrincetonPA6452.429r.tif,4684,7200,[AAA7r]
PrincetonPA6452.429v.tif,4752,7200,[AAA7v]
PrincetonPA6452.430r.tif,4678,7200,[AAA8r]
PrincetonPA6452.430v.tif,4763,7200,[AAA8v]
PrincetonPA6452.431r.tif,4739,7200,[A1r]
PrincetonPA6452.431v.tif,4736,7200,[A1v]
PrincetonPA6452.432r.tif,4766,7200,A2[r]
PrincetonPA6452.432v.tif,4741,7200,[A2v]
PrincetonPA6452.433r.tif,4733,7200,A3[r]
PrincetonPA6452.433v.tif,4676,7200,[A3v]
PrincetonPA6452.434r.tif,4739,7200,A4[r]
PrincetonPA6452.434v.tif,4711,7200,[A4v]
PrincetonPA6452.435r.tif,4739,7200,[A5r]
PrincetonPA6452.435v.tif,4812,7200,[A5v]
PrincetonPA6452.436r.tif,4723,7200,[A6r]
PrincetonPA6452.436v.tif,4726,7200,[A6v]
PrincetonPA6452.437r.tif,4735,7200,B[r]
PrincetonPA6452.437v.tif,4752,7200,[Bv]
PrincetonPA6452.438r.tif,4681,7200,B2[r]
PrincetonPA6452.438v.tif,4741,7200,[B2v]
PrincetonPA6452.439r.tif,4735,7200,B3[r]
PrincetonPA6452.439v.tif,4752,7200,[B3v]
PrincetonPA6452.440r.tif,4722,7200,B4[r]
PrincetonPA6452.440v.tif,4734,7200,[B4v]
PrincetonPA6452.441r.tif,4691,7200,[B5r]
PrincetonPA6452.441v.tif,4752,7200,[B5v]
PrincetonPA6452.442r.tif,4682,7200,[B6r]
PrincetonPA6452.442v.tif,4735,7200,[B6v]
PrincetonPA6452.443r.tif,4691,7200,C[r]
PrincetonPA6452.443v.tif,4770,7200,[Cv]
PrincetonPA6452.444r.tif,4697,7200,C2[r]
PrincetonPA6452.444v.tif,4724,7200,[C2v]
PrincetonPA6452.445r.tif,4682,7200,C3[r]
PrincetonPA6452.445v.tif,4712,7200,[C3v]
PrincetonPA6452.446r.tif,4655,7200,C4[r]
PrincetonPA6452.446v.tif,4748,7200,[C4v]
PrincetonPA6452.447r.tif,4674,7200,C5[r]
PrincetonPA6452.447v.tif,4760,7200,[C5v]
PrincetonPA6452.448r.tif,4656,7200,[C6r]
PrincetonPA6452.448v.tif,4802,7200,[C6v]
PrincetonPA6452.449r.tif,4693,7200,D[r]
PrincetonPA6452.449v.tif,4705,7200,[Dv]
PrincetonPA6452.450r.tif,4749,7200,D2[r]
PrincetonPA6452.450v.tif,4743,7200,[D2v]
PrincetonPA6452.451r.tif,4684,7200,D3[r]
PrincetonPA6452.451v.tif,4749,7200,[D3v]
PrincetonPA6452.452r.tif,4666,7200,D4[r]
PrincetonPA6452.452v.tif,4782,7200,[D4v]
PrincetonPA6452.453r.tif,4661,7200,[D5r]
PrincetonPA6452.453v.tif,4776,7200,[D5v]
PrincetonPA6452.454r.tif,4702,7200,[D6r]
PrincetonPA6452.454v.tif,4760,7200,[D6v]
PrincetonPA6452.455r.tif,4702,7200,E[r]
PrincetonPA6452.455v.tif,4727,7200,[Ev]
PrincetonPA6452.456r.tif,4693,7200,E2[r]
PrincetonPA6452.456v.tif,4727,7200,[E2]
PrincetonPA6452.457r.tif,4702,7200,E3[r]
PrincetonPA6452.457v.tif,4728,7200,[E3v]
PrincetonPA6452.458r.tif,4693,7200,E4[r]
PrincetonPA6452.458v.tif,4748,7200,[E4v]
PrincetonPA6452.459r.tif,4684,7200,[E5r]
PrincetonPA6452.459v.tif,4793,7200,[E5v]
PrincetonPA6452.460r.tif,4639,7200,[E6r]
PrincetonPA6452.460v.tif,4760,7200,[E6v]
PrincetonPA6452.461r.tif,4694,7200,F[r]
PrincetonPA6452.461v.tif,4722,7200,[Fv]
PrincetonPA6452.462r.tif,4672,7200,[F2r]
PrincetonPA6452.462v.tif,4725,7200,[F2v]
PrincetonPA6452.463r.tif,4676,7200,F3[r]
PrincetonPA6452.463v.tif,4722,7200,[F3v]
PrincetonPA6452.464r.tif,4666,7200,F4[r]
PrincetonPA6452.464v.tif,4709,7200,[F4v]
PrincetonPA6452.465r.tif,4666,7200,[F5r]
PrincetonPA6452.465v.tif,4781,7200,[F5v]
PrincetonPA6452.466r.tif,4684,7200,[F6r]
PrincetonPA6452.466v.tif,4781,7200,[F6v]
PrincetonPA6452.467r.tif,4723,7200,G[r]
PrincetonPA6452.467v.tif,4676,7200,[Gv]
PrincetonPA6452.468r.tif,4724,7200,G2[r]
PrincetonPA6452.468v.tif,4747,7200,[G2v]
PrincetonPA6452.469r.tif,4724,7200,G3[r]
PrincetonPA6452.469v.tif,4697,7200,[G3v]
PrincetonPA6452.470r.tif,4676,7200,G4[r]
PrincetonPA6452.470v.tif,4720,7200,[G4v]
PrincetonPA6452.471r.tif,4631,7200,[G5r]
PrincetonPA6452.471v.tif,4810,7200,[G5v]
PrincetonPA6452.472r.tif,4680,7200,[G6r]
PrincetonPA6452.472v.tif,4793,7200,[G6v]
PrincetonPA6452.473r.tif,4703,7200,H[r]
PrincetonPA6452.473v.tif,4788,7200,[Hv]
PrincetonPA6452.474r.tif,4714,7200,H2[r]
PrincetonPA6452.474v.tif,4677,7200,[H2v]
PrincetonPA6452.475r.tif,4658,7200,H3[r]
PrincetonPA6452.475v.tif,4704,7200,[H3v]
PrincetonPA6452.476r.tif,4640,7200,H4[r]
PrincetonPA6452.476v.tif,4648,7200,[H4v]
PrincetonPA6452.477r.tif,4640,7200,[H5r]
PrincetonPA6452.477v.tif,4786,7200,[H5v]
PrincetonPA6452.478r.tif,4728,7200,[H6r]
PrincetonPA6452.478v.tif,4773,7200,[H6v]
PrincetonPA6452.479r.tif,4758,7200,I[r]
PrincetonPA6452.479v.tif,4733,7200,[Iv]
PrincetonPA6452.480r.tif,4756,7200,I2[r]
PrincetonPA6452.480v.tif,4677,7200,[I2v]
PrincetonPA6452.481r.tif,4703,7200,I3[r]
PrincetonPA6452.481v.tif,4639,7200,[I3v]
PrincetonPA6452.482r.tif,4635,7200,I4[r]
PrincetonPA6452.482v.tif,4673,7200,[I4v]
PrincetonPA6452.483r.tif,4650,7200,[I5r]
PrincetonPA6452.483v.tif,4803,7200,[I5v]
PrincetonPA6452.484r.tif,4722,7200,[I6r]
PrincetonPA6452.484v.tif,4863,7200,[I6v]
PrincetonPA6452.485r.tif,4793,7200,K[r]
PrincetonPA6452.485v.tif,4807,7200,[Kv]
PrincetonPA6452.486r.tif,4786,7200,K2[r]
PrincetonPA6452.486v.tif,4736,7200,[K2v]
PrincetonPA6452.487r.tif,4762,7200,K3[r]
PrincetonPA6452.487v.tif,4717,7200,[K3v]
PrincetonPA6452.488r.tif,4735,7200,K4[r]
PrincetonPA6452.488v.tif,4711,7200,[K4v]
PrincetonPA6452.489r.tif,4723,7200,[K5r]
PrincetonPA6452.489v.tif,4774,7200,[K5v]
PrincetonPA6452.490r.tif,4777,7200,[K6r]
PrincetonPA6452.490v.tif,4709,7200,[K6v]
PrincetonPA6452.491r.tif,4732,7200,L[r]
PrincetonPA6452.491v.tif,4649,7200,[Lv]
PrincetonPA6452.492r.tif,4732,7200,L2[r]
PrincetonPA6452.492v.tif,4617,7200,[L2v]
PrincetonPA6452.493r.tif,4728,7200,L3[r]
PrincetonPA6452.493v.tif,4650,7200,[L3v]
PrincetonPA6452.494r.tif,4716,7200,L4[r]
PrincetonPA6452.494v.tif,4618,7200,[L4v]
PrincetonPA6452.495r.tif,4680,7200,[L5r]
PrincetonPA6452.495v.tif,4639,7200,[L5v]
PrincetonPA6452.496r.tif,4703,7200,[L6r]
PrincetonPA6452.496v.tif,4674,7200,[L6v]
PrincetonPA6452.497r.tif,4680,7200,M[r]
PrincetonPA6452.497v.tif,4652,7200,[Mv]
PrincetonPA6452.498r.tif,4658,7200,M2[r]
PrincetonPA6452.498v.tif,4586,7200,[M2v]
PrincetonPA6452.499r.tif,4645,7200,M3[r]
PrincetonPA6452.499v.tif,4617,7200,[M3v]
PrincetonPA6452.500r.tif,4621,7200,M4[r]
PrincetonPA6452.500v.tif,4622,7200,[M4v]
PrincetonPA6452.501r.tif,4649,7200,[M5r]
PrincetonPA6452.501v.tif,4664,7200,[M5v]
PrincetonPA6452.502r.tif,4711,7200,[M6r]
PrincetonPA6452.502v.tif,4666,7200,[M6v]
PrincetonPA6452.503r.tif,4649,7200,N[r]
PrincetonPA6452.503v.tif,4727,7200,[Nv]
PrincetonPA6452.504r.tif,4663,7200,N2[r]
PrincetonPA6452.504v.tif,4594,7200,[N2v]
PrincetonPA6452.505r.tif,4564,7200,N3[r]
PrincetonPA6452.505v.tif,4607,7200,[N3v]
PrincetonPA6452.506r.tif,4556,7200,N4[r]
PrincetonPA6452.506v.tif,4499,7200,[N4v]
PrincetonPA6452.507r.tif,4497,7200,[N5r]
PrincetonPA6452.507v.tif,4744,7200,[N5v]
PrincetonPA6452.508r.tif,4614,7200,[N6r]
PrincetonPA6452.508v.tif,4670,7200,[N6v]
PrincetonPA6452.509r.tif,4663,7200,O[r]
PrincetonPA6452.509v.tif,4791,7200,[Ov]
PrincetonPA6452.510r.tif,4753,7200,O2[r]
PrincetonPA6452.510v.tif,4652,7200,[O2v]
PrincetonPA6452.511r.tif,4699,7200,O3[r]
PrincetonPA6452.511v.tif,4681,7200,[O3v]
PrincetonPA6452.512r.tif,4663,7200,O4[r]
PrincetonPA6452.512v.tif,4723,7200,[O4v]
PrincetonPA6452.513r.tif,4663,7200,[O5r]
PrincetonPA6452.513v.tif,4759,7200,[O5v]
PrincetonPA6452.514r.tif,4696,7200,[O6r]
PrincetonPA6452.514v.tif,4810,7200,[O6v]
PrincetonPA6452.515r.tif,4739,7200,[Pr]
PrincetonPA6452.515v.tif,4795,7200,[Pv]
PrincetonPA6452.516r.tif,4759,7200,P2[r]
PrincetonPA6452.516v.tif,4793,7200,[P2v]
PrincetonPA6452.517r.tif,4755,7200,P3[r]
PrincetonPA6452.517v.tif,4653,7200,[P3v]
PrincetonPA6452.518r.tif,4759,7200,P4[r]
PrincetonPA6452.518v.tif,4754,7200,[P4v]
PrincetonPA6452.519r.tif,4653,7200,[P5r]
PrincetonPA6452.519v.tif,4714,7200,[P5v]
PrincetonPA6452.520r.tif,4795,7200,[P6r]
PrincetonPA6452.520v.tif,4653,7200,[P6v]
PrincetonPA6452.521r.tif,4702,7200,Q[r]
PrincetonPA6452.521v.tif,4661,7200,[Qv]
PrincetonPA6452.522r.tif,4743,7200,Q2[r]
PrincetonPA6452.522v.tif,4653,7200,Q2[v]
PrincetonPA6452.523r.tif,4735,7200,Q3[r]
PrincetonPA6452.523v.tif,4686,7200,Q3[v]
PrincetonPA6452.524r.tif,4745,7200,Q4[r]
PrincetonPA6452.524v.tif,4714,7200,[Q4v]
PrincetonPA6452.525r.tif,4738,7200,[Q5r]
PrincetonPA6452.525v.tif,4798,7200,[Q5v]
PrincetonPA6452.526r.tif,4753,7200,[Q6r]
PrincetonPA6452.526v.tif,4801,7200,[Q6v]
PrincetonPA6452.527r.tif,4759,7200,R[r]
PrincetonPA6452.527v.tif,4786,7200,[Rv]
PrincetonPA6452.528r.tif,4806,7200,R2[r]
PrincetonPA6452.528v.tif,4665,7200,[R2v]
PrincetonPA6452.529r.tif,4816,7200,R3[r]
PrincetonPA6452.529v.tif,4708,7200,[R3v]
PrincetonPA6452.530r.tif,4759,7200,R4[r]
PrincetonPA6452.530v.tif,4821,7200,[R4v]
PrincetonPA6452.531r.tif,4759,7200,[R5r]
PrincetonPA6452.531v.tif,4808,7200,[R5v]
PrincetonPA6452.532r.tif,4801,7200,[R6r]
PrincetonPA6452.532v.tif,4794,7200,[R6v]
PrincetonPA6452.533r.tif,4824,7200,S[1r]
PrincetonPA6452.533v.tif,4699,7200,S[1v]
PrincetonPA6452.534r.tif,4780,7200,S2[r]
PrincetonPA6452.534v.tif,4677,7200,S[2v]
PrincetonPA6452.535r.tif,4780,7200,S3[r]
PrincetonPA6452.535v.tif,4700,7200,[S3v]
PrincetonPA6452.536r.tif,4752,7200,S4[r]
PrincetonPA6452.536v.tif,4729,7200,[S4v]
PrincetonPA6452.537r.tif,4746,7200,[S5r]
PrincetonPA6452.537v.tif,4795,7200,[S5v]
PrincetonPA6452.538r.tif,4780,7200,[S6r]
PrincetonPA6452.538v.tif,4821,7200,[S6v]
PrincetonPA6452.539r.tif,4798,7200,T[r]
PrincetonPA6452.539v.tif,4712,7200,[Tv]
PrincetonPA6452.540r.tif,4780,7200,T2[r]
PrincetonPA6452.540v.tif,4671,7200,[T2v]
PrincetonPA6452.541r.tif,4730,7200,T3[r]
PrincetonPA6452.541v.tif,4680,7200,[T3v]
PrincetonPA6452.542r.tif,4720,7200,T4[r]
PrincetonPA6452.542v.tif,4712,7200,[T4v]
PrincetonPA6452.543r.tif,4684,7200,[T5r]
PrincetonPA6452.543v.tif,4737,7200,[T5v]
PrincetonPA6452.544r.tif,4720,7200,[T6r]
PrincetonPA6452.544v.tif,4803,7200,[T6v]
PrincetonPA6452.545r.tif,4773,7200,V[r]
PrincetonPA6452.545v.tif,4795,7200,[Vv]
PrincetonPA6452.546r.tif,4840,7200,V2[r]
PrincetonPA6452.546v.tif,4719,7200,[V2v]
PrincetonPA6452.547r.tif,4797,7200,V3[r]
PrincetonPA6452.547v.tif,4740,7200,[V3v]
PrincetonPA6452.548r.tif,4794,7200,V4[r]
PrincetonPA6452.548v.tif,4752,7200,[V4v]
PrincetonPA6452.549r.tif,4730,7200,[V5r]
PrincetonPA6452.549v.tif,4814,7200,[V5v]
PrincetonPA6452.550r.tif,4820,7200,[V6r]
PrincetonPA6452.550v.tif,4778,7200,[V6v]
PrincetonPA6452.551r.tif,4802,7200,X[r]
PrincetonPA6452.551v.tif,4795,7200,[Xv]
PrincetonPA6452.552r.tif,4804,7200,X2[r]
PrincetonPA6452.552v.tif,4738,7200,[X2v]
PrincetonPA6452.553r.tif,4795,7200,X3[r]
PrincetonPA6452.553v.tif,4747,7200,[X3v]
PrincetonPA6452.554r.tif,4750,7200,X4[r]
PrincetonPA6452.554v.tif,4776,7200,[X4v]
PrincetonPA6452.555r.tif,4731,7200,[X5r]
PrincetonPA6452.555v.tif,4849,7200,[X5v]
PrincetonPA6452.556r.tif,4762,7200,[X6r]
PrincetonPA6452.556v.tif,4795,7200,[X6v]
PrincetonPA6452.557r.tif,4765,7200,Y[r]
PrincetonPA6452.557v.tif,4795,7200,[Yv]
PrincetonPA6452.558r.tif,4798,7200,Y2[r]
PrincetonPA6452.558v.tif,4723,7200,[Y2v]
PrincetonPA6452.559r.tif,4762,7200,Y3[r]
PrincetonPA6452.559v.tif,4711,7200,[Y3v]
PrincetonPA6452.560r.tif,4731,7200,Y4[r]
PrincetonPA6452.560v.tif,4784,7200,[Y4v]
PrincetonPA6452.561r.tif,4693,7200,[Y5r]
PrincetonPA6452.561v.tif,4835,7200,[Y5v]
PrincetonPA6452.562r.tif,4775,7200,[Y6r]
PrincetonPA6452.562v.tif,4795,7200,[Y6v]
PrincetonPA6452.563r.tif,4788,7200,Z[r]
PrincetonPA6452.563v.tif,4835,7200,[Zv]
PrincetonPA6452.564r.tif,4613,7200,Z2[r]
PrincetonPA6452.564v.tif,4672,7200,[Z2v]
PrincetonPA6452.565r.tif,4603,7200,Z3[r]
PrincetonPA6452.565v.tif,4707,7200,[Z3v]
PrincetonPA6452.566r.tif,4565,7200,Z4[r]
PrincetonPA6452.566v.tif,4727,7200,[Z4v]
PrincetonPA6452.567r.tif,4603,7200,[Z5r]
PrincetonPA6452.567v.tif,4841,7200,[Z5v]
PrincetonPA6452.endmatter.flyleaf.001r.tif,4569,7200,end matter 1r
PrincetonPA6452.endmatter.flyleaf.001v.tif,4645,7200,end matter 1v
PrincetonPA6452.endmatter.flyleaf.002r.tif,4420,7200,end matter 2r
PrincetonPA6452.endmatter.flyleaf.002v.tif,4496,7200,end matter 2v
PrincetonPA6452.endmatter.pastedown.tif,4628,7200,end matter pastedown
PrincetonPA6452.binding.backcover.tif,4832,7200,binding back cover
