RCPD1266.binding.frontcover.tif,2998,4500,binding front cover
RCPD1266.frontmatter.pastedown.tif,3040,4500,front matter pastedown
RCPD1266.frontmatter.flyleaf.001r.tif,3008,4500,front matter 1r
RCPD1266.frontmatter.flyleaf.001v.tif,3040,4500,front matter 1v
RCPD1266.frontmatter.flyleaf.002r.tif,3008,4500,front matter 2r
RCPD1266.frontmatter.flyleaf.002v.tif,3026,4500,front matter 2v
RCPD1266.frontmatter.flyleaf.003r.tif,3008,4500,front matter 3r
RCPD1266.frontmatter.flyleaf.003v.tif,3026,4500,front matter 3v
RCPD1266.frontmatter.flyleaf.004r.tif,2992,4500,front matter 4r
RCPD1266.frontmatter.flyleaf.004v.tif,3026,4500,front matter 4v
RCPD1266.001r.tif,2992,4500,title page
RCPD1266.001v.tif,3026,4500,title page verso
RCPD1266.002v.tif,3026,4500,[inserted]
RCPD1266.002r.tif,2992,4500,[inserted]
RCPD1266.003r.tif,3004,4500,*.ij.
RCPD1266.003v.tif,3026,4500,[*.ij[v]]
RCPD1266.004r.tif,3004,4500,*.iij
RCPD1266.004v.tif,3035,4500,[*.iij[v]]
RCPD1266.005r.tif,3004,4500,*.iiij
RCPD1266.005v.tif,3035,4500,[*.iiij[v]]
RCPD1266.006r.tif,3004,4500,[*.v]
RCPD1266.006v.tif,3035,4500,[*.v.[v]]
RCPD1266.007r.tif,3004,4500,[*.vj]
RCPD1266.007v.tif,3035,4500,[*.vj.[v]]
RCPD1266.008r.tif,3004,4500,1
RCPD1266.008v.tif,3035,4500,2
RCPD1266.009r.tif,3004,4500,3
RCPD1266.009v.tif,3035,4500,4
RCPD1266.010r.tif,3004,4500,5
RCPD1266.010v.tif,3035,4500,6
RCPD1266.011r.tif,3004,4500,7
RCPD1266.011v.tif,3035,4500,8
RCPD1266.012r.tif,3004,4500,9
RCPD1266.012v.tif,3035,4500,10
RCPD1266.013r.tif,3004,4500,11
RCPD1266.013v.tif,3035,4500,12
RCPD1266.014r.tif,3004,4500,13
RCPD1266.014v.tif,3035,4500,14
RCPD1266.015r.tif,3004,4500,15
RCPD1266.015v.tif,3035,4500,16
RCPD1266.016r.tif,3004,4500,17
RCPD1266.016v.tif,3035,4500,18
RCPD1266.017r.tif,3004,4500,19
RCPD1266.017v.tif,3035,4500,20
RCPD1266.018r.tif,3004,4500,21
RCPD1266.018v.tif,3054,4500,22
RCPD1266.019r.tif,3004,4500,23
RCPD1266.019v.tif,3054,4500,24
RCPD1266.020r.tif,3004,4500,25
RCPD1266.020v.tif,3054,4500,26
RCPD1266.021r.tif,2971,4500,27
RCPD1266.021v.tif,3054,4500,28
RCPD1266.022r.tif,2971,4500,29
RCPD1266.022v.tif,3054,4500,30
RCPD1266.023r.tif,2971,4500,31
RCPD1266.023v.tif,3054,4500,32
RCPD1266.024r.tif,2951,4500,33
RCPD1266.024v.tif,3054,4500,34
RCPD1266.025r.tif,2951,4500,35
RCPD1266.025v.tif,3054,4500,36
RCPD1266.026r.tif,2951,4500,37
RCPD1266.026v.tif,3054,4500,38
RCPD1266.027r.tif,2951,4500,39
RCPD1266.027v.tif,3054,4500,40
RCPD1266.028r.tif,2951,4500,41
RCPD1266.028v.tif,3054,4500,42
RCPD1266.029r.tif,2951,4500,43
RCPD1266.029v.tif,3054,4500,44
RCPD1266.030r.tif,2951,4500,45
RCPD1266.030v.tif,3054,4500,46
RCPD1266.031r.tif,2951,4500,47
RCPD1266.031v.tif,3054,4500,48
RCPD1266.032r.tif,2951,4500,49
RCPD1266.032v.tif,3054,4500,50
RCPD1266.033r.tif,2951,4500,51
RCPD1266.033v.tif,3054,4500,52
RCPD1266.034r.tif,2951,4500,53
RCPD1266.034v.tif,3054,4500,54
RCPD1266.035r.tif,2951,4500,55
RCPD1266.035v.tif,3054,4500,56
RCPD1266.036r.tif,2951,4500,59
RCPD1266.036v.tif,3054,4500,58
RCPD1266.037r.tif,2951,4500,59
RCPD1266.037v.tif,3054,4500,60
RCPD1266.038r.tif,2951,4500,61
RCPD1266.038v.tif,3054,4500,62
RCPD1266.039r.tif,2951,4500,63
RCPD1266.039v.tif,3054,4500,64
RCPD1266.040r.tif,2935,4500,65
RCPD1266.040v.tif,3054,4500,66
RCPD1266.041r.tif,2935,4500,67
RCPD1266.041v.tif,3054,4500,68
RCPD1266.042r.tif,2935,4500,69
RCPD1266.042v.tif,3054,4500,70
RCPD1266.043r.tif,2935,4500,71
RCPD1266.043v.tif,3054,4500,72
RCPD1266.044r.tif,2935,4500,73
RCPD1266.044v.tif,3054,4500,74
RCPD1266.045r.tif,2935,4500,75
RCPD1266.045v.tif,3054,4500,76
RCPD1266.046r.tif,2935,4500,77
RCPD1266.046v.tif,3074,4500,78
RCPD1266.047r.tif,2935,4500,79
RCPD1266.047v.tif,3074,4500,80
RCPD1266.048r.tif,2935,4500,81
RCPD1266.048v.tif,3074,4500,82
RCPD1266.049r.tif,2961,4500,83
RCPD1266.049v.tif,3074,4500,84
RCPD1266.050r.tif,2945,4500,85
RCPD1266.050v.tif,3074,4500,86
RCPD1266.051r.tif,2945,4500,87
RCPD1266.051v.tif,3074,4500,88
RCPD1266.052r.tif,2945,4500,89
RCPD1266.052v.tif,3074,4500,90
RCPD1266.053r.tif,2945,4500,91
RCPD1266.053v.tif,3074,4500,92
RCPD1266.054r.tif,2945,4500,93
RCPD1266.054v.tif,3074,4500,94
RCPD1266.055r.tif,2945,4500,95
RCPD1266.055v.tif,3074,4500,96
RCPD1266.056r.tif,2945,4500,97
RCPD1266.056v.tif,3074,4500,98
RCPD1266.057r.tif,2945,4500,99
RCPD1266.057v.tif,3074,4500,100
RCPD1266.058r.tif,2945,4500,101
RCPD1266.058v.tif,3089,4500,102
RCPD1266.059r.tif,2929,4500,103
RCPD1266.059v.tif,3089,4500,104
RCPD1266.060r.tif,2929,4500,105
RCPD1266.060v.tif,3089,4500,106
RCPD1266.061r.tif,2929,4500,107
RCPD1266.061v.tif,3089,4500,108
RCPD1266.062r.tif,2929,4500,109
RCPD1266.062v.tif,3089,4500,110
RCPD1266.063r.tif,2929,4500,111
RCPD1266.063v.tif,3089,4500,112
RCPD1266.064r.tif,2929,4500,113
RCPD1266.064v.tif,3089,4500,114
RCPD1266.065r.tif,2929,4500,115
RCPD1266.065v.tif,3089,4500,116
RCPD1266.066r.tif,2929,4500,117
RCPD1266.066v.tif,3089,4500,118
RCPD1266.067r.tif,2929,4500,119
RCPD1266.067v.tif,3089,4500,120
RCPD1266.068r.tif,2929,4500,121
RCPD1266.068v.tif,3089,4500,122
RCPD1266.069r.tif,2929,4500,123
RCPD1266.069v.tif,3089,4500,124
RCPD1266.070r.tif,2929,4500,125
RCPD1266.070v.tif,3089,4500,126
RCPD1266.071r.tif,2929,4500,127
RCPD1266.071v.tif,3089,4500,128
RCPD1266.072r.tif,2929,4500,129
RCPD1266.072v.tif,3089,4500,130
RCPD1266.073r.tif,2929,4500,131
RCPD1266.073v.tif,3089,4500,132
RCPD1266.074r.tif,2929,4500,133
RCPD1266.074v.tif,3089,4500,134
RCPD1266.075r.tif,2929,4500,135
RCPD1266.075v.tif,3089,4500,136
RCPD1266.076r.tif,2929,4500,137
RCPD1266.076v.tif,3089,4500,138
RCPD1266.077r.tif,2929,4500,139
RCPD1266.077v.tif,3089,4500,140
RCPD1266.078r.tif,2929,4500,141
RCPD1266.078v.tif,3089,4500,142
RCPD1266.079r.tif,2929,4500,143
RCPD1266.079v.tif,3089,4500,144
RCPD1266.080r.tif,2929,4500,145
RCPD1266.080v.tif,3089,4500,146
RCPD1266.081r.tif,2929,4500,147
RCPD1266.081v.tif,3089,4500,148
RCPD1266.082r.tif,2929,4500,149
RCPD1266.082v.tif,3089,4500,150
RCPD1266.083r.tif,2929,4500,151
RCPD1266.083v.tif,3089,4500,152
RCPD1266.084r.tif,2929,4500,153
RCPD1266.084v.tif,3089,4500,154
RCPD1266.085r.tif,2929,4500,155
RCPD1266.085v.tif,3089,4500,156
RCPD1266.086r.tif,2929,4500,157
RCPD1266.086v.tif,3089,4500,158
RCPD1266.087r.tif,2934,4500,159
RCPD1266.087v.tif,3089,4500,160
RCPD1266.088r.tif,2934,4500,161
RCPD1266.088v.tif,3089,4500,162
RCPD1266.089r.tif,2934,4500,163
RCPD1266.089v.tif,3089,4500,164
RCPD1266.090r.tif,2934,4500,165
RCPD1266.090v.tif,3089,4500,166
RCPD1266.091r.tif,2934,4500,167
RCPD1266.091v.tif,3089,4500,168
RCPD1266.092r.tif,2934,4500,169
RCPD1266.092v.tif,3089,4500,170
RCPD1266.093r.tif,2931,4500,171
RCPD1266.093v.tif,3089,4500,172
RCPD1266.094r.tif,2931,4500,173
RCPD1266.094v.tif,3089,4500,174
RCPD1266.095r.tif,2931,4500,175
RCPD1266.095v.tif,3089,4500,176
RCPD1266.096r.tif,2931,4500,177
RCPD1266.096v.tif,3089,4500,178
RCPD1266.097r.tif,3067,4500,179
RCPD1266.097v.tif,3089,4500,180
RCPD1266.098r.tif,3067,4500,181
RCPD1266.098v.tif,3089,4500,182
RCPD1266.099r.tif,3067,4500,183
RCPD1266.099v.tif,3089,4500,184
RCPD1266.100r.tif,3079,4500,185
RCPD1266.100v.tif,3089,4500,186
RCPD1266.101r.tif,3079,4500,187
RCPD1266.101v.tif,3089,4500,188
RCPD1266.102r.tif,3079,4500,189
RCPD1266.102v.tif,3089,4500,190
RCPD1266.103r.tif,3079,4500,191
RCPD1266.103v.tif,3089,4500,192
RCPD1266.104r.tif,3079,4500,193
RCPD1266.104v.tif,3089,4500,194
RCPD1266.105r.tif,3079,4500,195
RCPD1266.105v.tif,3089,4500,196
RCPD1266.106r.tif,3079,4500,197
RCPD1266.106v.tif,3089,4500,198
RCPD1266.107r.tif,3079,4500,199
RCPD1266.107v.tif,3089,4500,200
RCPD1266.108r.tif,3079,4500,201
RCPD1266.108v.tif,3089,4500,202
RCPD1266.109r.tif,3079,4500,203
RCPD1266.109v.tif,3089,4500,204
RCPD1266.110r.tif,3079,4500,205
RCPD1266.110v.tif,3089,4500,206
RCPD1266.111r.tif,3079,4500,207
RCPD1266.111v.tif,3089,4500,208
RCPD1266.112r.tif,3079,4500,209
RCPD1266.112v.tif,3089,4500,210
RCPD1266.113r.tif,3079,4500,211
RCPD1266.113v.tif,3089,4500,212
RCPD1266.114r.tif,3079,4500,213
RCPD1266.114v.tif,3089,4500,214
RCPD1266.115r.tif,3079,4500,215
RCPD1266.115v.tif,3089,4500,216
RCPD1266.116r.tif,3079,4500,217
RCPD1266.116v.tif,3089,4500,218
RCPD1266.117r.tif,3079,4500,219
RCPD1266.117v.tif,3089,4500,220
RCPD1266.118r.tif,3038,4500,221
RCPD1266.118v.tif,3089,4500,222
RCPD1266.119r.tif,3038,4500,223
RCPD1266.119v.tif,3089,4500,224
RCPD1266.120r.tif,3038,4500,225
RCPD1266.120v.tif,3089,4500,226
RCPD1266.121r.tif,3038,4500,227
RCPD1266.121v.tif,3089,4500,228
RCPD1266.122r.tif,3038,4500,229
RCPD1266.122v.tif,3089,4500,230
RCPD1266.123r.tif,3038,4500,231
RCPD1266.123v.tif,3089,4500,232
RCPD1266.124r.tif,3038,4500,233
RCPD1266.124v.tif,3089,4500,234
RCPD1266.125r.tif,3038,4500,235
RCPD1266.125v.tif,3089,4500,236
RCPD1266.126r.tif,3038,4500,237
RCPD1266.126v.tif,3089,4500,238
RCPD1266.127r.tif,3042,4500,239
RCPD1266.127v.tif,3089,4500,240
RCPD1266.128r.tif,3042,4500,241
RCPD1266.128v.tif,3089,4500,242
RCPD1266.129r.tif,3042,4500,243
RCPD1266.129v.tif,3089,4500,244
RCPD1266.130r.tif,3042,4500,245
RCPD1266.130v.tif,3089,4500,246
RCPD1266.131r.tif,3042,4500,247
RCPD1266.131v.tif,3089,4500,248
RCPD1266.132r.tif,3042,4500,249
RCPD1266.132v.tif,3089,4500,250
RCPD1266.133r.tif,3042,4500,251
RCPD1266.133v.tif,3089,4500,252
RCPD1266.134r.tif,3042,4500,253
RCPD1266.134v.tif,3089,4500,254
RCPD1266.135r.tif,3042,4500,255
RCPD1266.135v.tif,3089,4500,256
RCPD1266.136r.tif,3042,4500,257
RCPD1266.136v.tif,3089,4500,258
RCPD1266.137r.tif,3042,4500,259
RCPD1266.137v.tif,3089,4500,260
RCPD1266.138r.tif,3042,4500,261
RCPD1266.138v.tif,3089,4500,262
RCPD1266.139r.tif,3042,4500,263
RCPD1266.139v.tif,3089,4500,264
RCPD1266.140r.tif,3042,4500,265
RCPD1266.140v.tif,3089,4500,266
RCPD1266.141r.tif,3042,4500,267
RCPD1266.141v.tif,3089,4500,[268]
RCPD1266.142r.tif,3042,4500,A.j
RCPD1266.142v.tif,3089,4500,[A.j[v]]
RCPD1266.143r.tif,3042,4500,A.ij
RCPD1266.143v.tif,3013,4500,[A.ij[v]]
RCPD1266.144r.tif,3042,4500,A.iij
RCPD1266.144v.tif,3013,4500,[A.iij.[v]]
RCPD1266.145r.tif,3042,4500,A.iiij
RCPD1266.145v.tif,3009,4500,[A.iiij[v]]
RCPD1266.146r.tif,3042,4500,[A.v]
RCPD1266.146v.tif,3009,4500,[A.v[v]]
RCPD1266.147r.tif,3042,4500,[A.vi]
RCPD1266.147v.tif,3009,4500,[A.vi[v]]
RCPD1266.148r.tif,3042,4500,B.j
RCPD1266.148v.tif,3009,4500,[B.j[v]]
RCPD1266.149r.tif,3042,4500,B.ij
RCPD1266.149v.tif,3009,4500,[B.ij[v]]
RCPD1266.150r.tif,3042,4500,B.iij.
RCPD1266.150v.tif,3009,4500,[B.iij[v]]
RCPD1266.151r.tif,3042,4500,B.iiij.
RCPD1266.151v.tif,3009,4500,[B.iiij[v]]
RCPD1266.152r.tif,3042,4500,[B.v]
RCPD1266.152v.tif,3009,4500,[B.v[v]]
RCPD1266.153r.tif,3042,4500,[B.vi]
RCPD1266.153v.tif,3009,4500,[B.vi[v]]
RCPD1266.154r.tif,3042,4500,C.j
RCPD1266.154v.tif,3009,4500,[C.j[v]]
RCPD1266.155r.tif,3042,4500,C.ij
RCPD1266.155v.tif,3009,4500,[C.ij[v]]
RCPD1266.156r.tif,3042,4500,C.iij
RCPD1266.156v.tif,3009,4500,[C.iij[v]]
RCPD1266.157r.tif,3009,4500,C.iiij
RCPD1266.157v.tif,3009,4500,[C.iiij[v]]
RCPD1266.158r.tif,3009,4500,[C.v]
RCPD1266.158v.tif,3009,4500,[C.v[v]]
RCPD1266.159r.tif,3009,4500,[C.vi]
RCPD1266.159v.tif,3009,4500,[C.vi[v]]
RCPD1266.160r.tif,3009,4500,D.j
RCPD1266.160v.tif,3009,4500,[D.j[v]]
RCPD1266.161r.tif,3009,4500,D.ij
RCPD1266.161v.tif,3009,4500,[D.ij[v]]
RCPD1266.162r.tif,3009,4500,D.iij.
RCPD1266.162v.tif,3009,4500,[D.iij[v]]
RCPD1266.163r.tif,3009,4500,D.iiij
RCPD1266.163v.tif,3009,4500,[D.iiij[v]]
RCPD1266.164r.tif,3009,4500,[D.v]
RCPD1266.164v.tif,3009,4500,[D.v[v]]
RCPD1266.165r.tif,3009,4500,[D.vj]
RCPD1266.165v.tif,3009,4500,[D.vj[v]]
RCPD1266.166r.tif,3009,4500,E.j
RCPD1266.166v.tif,3009,4500,[E.j[v]]
RCPD1266.167r.tif,3009,4500,E.ij
RCPD1266.167v.tif,3009,4500,[E.ij[v]]
RCPD1266.168r.tif,3009,4500,E.iij
RCPD1266.168v.tif,3009,4500,[E.iij[v]]
RCPD1266.169r.tif,3009,4500,E.iiij
RCPD1266.169v.tif,3009,4500,[E.iiij[v]]
RCPD1266.170r.tif,3009,4500,[E.v]
RCPD1266.170v.tif,3009,4500,[E.v[v]]
RCPD1266.171r.tif,3009,4500,[E.vj]
RCPD1266.171v.tif,3009,4500,[E.vj[v]]
RCPD1266.172r.tif,3009,4500,G.j
RCPD1266.172v.tif,3009,4500,[G.j[v]]
RCPD1266.173r.tif,3009,4500,G.ij
RCPD1266.173v.tif,3009,4500,[G.ij[v]]
RCPD1266.174r.tif,3009,4500,G.iij
RCPD1266.174v.tif,3009,4500,[G.iij[v]]
RCPD1266.175r.tif,3009,4500,G.iiij
RCPD1266.175v.tif,3009,4500,[G.iiij[v]]
RCPD1266.176r.tif,3009,4500,[G.v]
RCPD1266.176v.tif,3009,4500,[G.v[v]]
RCPD1266.177r.tif,3009,4500,[G.vj]
RCPD1266.177v.tif,3009,4500,[G.vj[v]]
RCPD1266.178r.tif,2998,4500,H.j
RCPD1266.178v.tif,3009,4500,[H.j[v]]
RCPD1266.179r.tif,2998,4500,H.ij
RCPD1266.179v.tif,3009,4500,[H.ij[v]]
RCPD1266.180r.tif,2998,4500,H.iij
RCPD1266.180v.tif,3009,4500,[H.iij[v]]
RCPD1266.181r.tif,2998,4500,H.iiij
RCPD1266.181v.tif,3009,4500,[H.iiij[v]]
RCPD1266.182r.tif,2998,4500,[H.v]
RCPD1266.182v.tif,3009,4500,[H.v[v]]
RCPD1266.183r.tif,2998,4500,[H.vj]
RCPD1266.183v.tif,3009,4500,[H.vj[v]]
RCPD1266.endmatter.flyleaf.01r.tif,2985,4500,end matter 1r
RCPD1266.endmatter.flyleaf.01v.tif,3009,4500,end matter 1v
RCPD1266.endmatter.flyleaf.02r.tif,2977,4500,end matter 2r
RCPD1266.endmatter.flyleaf.02v.tif,3009,4500,end matter 2v
RCPD1266.endmatter.pastedown.tif,2998,4500,end matter pastedown
RCPD1266.binding.backcover.tif,3017,4500,binding back cover
RCPD1266.binding.misc.colorbar.tif,1412,4500,binding misc
RCPD1266.binding.spine.tif,789,4922,binding spine
