RCP7831-1.binding.frontcover.tif,3420,4500,binding front cover
RCP7831-1.frontmatter.pastedown.tif,3256,4500,front matter pastedown
RCP7831-1.frontmatter.flyleaf.01r.tif,3261,4500,front matter 1r
RCP7831-1.frontmatter.flyleaf.01v.tif,3256,4500,front matter 1v
RCP7831-1.frontmatter.flyleaf.02r.tif,3261,4500,front matter 2r
RCP7831-1.frontmatter.flyleaf.02v.tif,3256,4500,front matter 2v
RCP7831-1.frontmatter.flyleaf.03r.tif,3261,4500,front matter 3r
RCP7831-1.frontmatter.flyleaf.03v.tif,3256,4500,front matter 3v
RCP7831-1.frontmatter.flyleaf.04r.tif,3261,4500,front matter 4r
RCP7831-1.frontmatter.flyleaf.04v.tif,3256,4500,front matter 4v
RCP7831-1.001r.tif,3261,4500,title page
RCP7831-1.001v.tif,3256,4500,title page verso
RCP7831-1.002r.tif,3261,4500,aaij[r]
RCP7831-1.002v.tif,3256,4500,[aaij[v]]
RCP7831-1.003r.tif,3261,4500,aaij[r]
RCP7831-1.003v.tif,3256,4500,[aaij[v]]
RCP7831-1.004r.tif,3261,4500,aaiij[r]
RCP7831-1.004v.tif,3256,4500,[aaiij[v]]
RCP7831-1.005r.tif,3261,4500,[aaiiij[r]]
RCP7831-1.005v.tif,3256,4500,[aaiiiij[v]]
RCP7831-1.006r.tif,3261,4500,1
RCP7831-1.006v.tif,3256,4500,2
RCP7831-1.007r.tif,3261,4500,3
RCP7831-1.007v.tif,3256,4500,4
RCP7831-1.008r.tif,3261,4500,5
RCP7831-1.008v.tif,3256,4500,6
RCP7831-1.009r.tif,3261,4500,7
RCP7831-1.009v.tif,3256,4500,8
RCP7831-1.010r.tif,3261,4500,9
RCP7831-1.010v.tif,3256,4500,10
RCP7831-1.011r.tif,3261,4500,11
RCP7831-1.011v.tif,3256,4500,12
RCP7831-1.012r.tif,3261,4500,13
RCP7831-1.012v.tif,3256,4500,14
RCP7831-1.013r.tif,3261,4500,15
RCP7831-1.013v.tif,3256,4500,16
RCP7831-1.014r.tif,3261,4500,17
RCP7831-1.014v.tif,3256,4500,18
RCP7831-1.015r.tif,3261,4500,19
RCP7831-1.015v.tif,3256,4500,20
RCP7831-1.016r.tif,3261,4500,21
RCP7831-1.016v.tif,3256,4500,22
RCP7831-1.017r.tif,3261,4500,23
RCP7831-1.017v.tif,3256,4500,24
RCP7831-1.018r.tif,3261,4500,25
RCP7831-1.018v.tif,3256,4500,26
RCP7831-1.019r.tif,3261,4500,27
RCP7831-1.019v.tif,3256,4500,28
RCP7831-1.020r.tif,3261,4500,29
RCP7831-1.020v.tif,3256,4500,30
RCP7831-1.021r.tif,3261,4500,31
RCP7831-1.021v.tif,3256,4500,32
RCP7831-1.022r.tif,3261,4500,33
RCP7831-1.022v.tif,3256,4500,32
RCP7831-1.023r.tif,3261,4500,33
RCP7831-1.023v.tif,3256,4500,36
RCP7831-1.024r.tif,3261,4500,37
RCP7831-1.024v.tif,3264,4500,38
RCP7831-1.025r.tif,3261,4500,39
RCP7831-1.025v.tif,3264,4500,40
RCP7831-1.026r.tif,3261,4500,41
RCP7831-1.026v.tif,3264,4500,42
RCP7831-1.027r.tif,3261,4500,43
RCP7831-1.027v.tif,3264,4500,44
RCP7831-1.028r.tif,3261,4500,45
RCP7831-1.028v.tif,3264,4500,46
RCP7831-1.029r.tif,3261,4500,47
RCP7831-1.029v.tif,3264,4500,48
RCP7831-1.030r.tif,3261,4500,49
RCP7831-1.030v.tif,3264,4500,50
RCP7831-1.031r.tif,3261,4500,51
RCP7831-1.031v.tif,3264,4500,52
RCP7831-1.032r.tif,3261,4500,53
RCP7831-1.032v.tif,3264,4500,54
RCP7831-1.033r.tif,3261,4500,55
RCP7831-1.033v.tif,3264,4500,56
RCP7831-1.034r.tif,3261,4500,57
RCP7831-1.034v.tif,3264,4500,58
RCP7831-1.035r.tif,3261,4500,59
RCP7831-1.035v.tif,3264,4500,60
RCP7831-1.036r.tif,3261,4500,61
RCP7831-1.036v.tif,3264,4500,62
RCP7831-1.037r.tif,3261,4500,63
RCP7831-1.037v.tif,3264,4500,64
RCP7831-1.038r.tif,3261,4500,65
RCP7831-1.038v.tif,3264,4500,66
RCP7831-1.039r.tif,3261,4500,67
RCP7831-1.039v.tif,3264,4500,68
RCP7831-1.040r.tif,3261,4500,69
RCP7831-1.040v.tif,3264,4500,70
RCP7831-1.041r.tif,3261,4500,71
RCP7831-1.041v.tif,3264,4500,72
RCP7831-1.042r.tif,3261,4500,73
RCP7831-1.042v.tif,3264,4500,74
RCP7831-1.043r.tif,3261,4500,75
RCP7831-1.043v.tif,3264,4500,76
RCP7831-1.044r.tif,3261,4500,77
RCP7831-1.044v.tif,3264,4500,78
RCP7831-1.045r.tif,3261,4500,79
RCP7831-1.045v.tif,3264,4500,80
RCP7831-1.046r.tif,3261,4500,81
RCP7831-1.046v.tif,3264,4500,82
RCP7831-1.047r.tif,3261,4500,83
RCP7831-1.047v.tif,3264,4500,84
RCP7831-1.048r.tif,3261,4500,85
RCP7831-1.048v.tif,3264,4500,86
RCP7831-1.049r.tif,3261,4500,87
RCP7831-1.049v.tif,3264,4500,88
RCP7831-1.050r.tif,3261,4500,89
RCP7831-1.050v.tif,3264,4500,90
RCP7831-1.051r.tif,3261,4500,91
RCP7831-1.051v.tif,3264,4500,92
RCP7831-1.052r.tif,3261,4500,93
RCP7831-1.052v.tif,3264,4500,94
RCP7831-1.053r.tif,3261,4500,95
RCP7831-1.053v.tif,3264,4500,96
RCP7831-1.054r.tif,3261,4500,97
RCP7831-1.054v.tif,3264,4500,[98]
RCP7831-1.endmatter.flyleaf.01r.tif,3261,4500,end matter 1r
RCP7831-1.endmatter.flyleaf.01v.tif,3264,4500,end matter 1v
RCP7831-1.endmatter.flyleaf.02r.tif,3261,4500,end matter 2r
RCP7831-1.endmatter.flyleaf.02v.tif,3264,4500,end matter 2v
RCP7831-1.endmatter.flyleaf.03r.tif,3261,4500,end matter 3r
RCP7831-1.endmatter.flyleaf.03v.tif,3264,4500,end matter 3v
RCP7831-1.binding.backcover.tif,3429,4500,binding back cover
RCP7831-1.binding.spine.tif,993,4500,binding spine
RCP7831-1.misc.colorbar.tif,1412,4500,misc color bar
