PrincetonK6233.binding.frontcover.tif,4762,7200,binding front cover
PrincetonK6233.frontmatter.pastedown.tif,4377,7200,front matter pastedown
PrincetonK6233.frontmatter.flyleaf.001r.tif,4793,7200,front matter 1r
PrincetonK6233.frontmatter.flyleaf.001v.tif,4459,7200,front matter 1v
PrincetonK6233.frontmatter.flyleaf.002r.tif,4491,7200,front matter 2r
PrincetonK6233.frontmatter.flyleaf.002v.tif,4564,7200,front matter 2v
PrincetonK6233.frontmatter.flyleaf.003r.tif,4490,7200,front matter 3r
PrincetonK6233.frontmatter.flyleaf.003v.tif,4532,7200,front matter 3v
PrincetonK6233.frontmatter.flyleaf.004r.tif,4302,7200,front matter 4r
PrincetonK6233.frontmatter.flyleaf.004v.tif,4493,7200,front matter 4v
PrincetonK6233.frontmatter.flyleaf.005r.tif,4247,7200,front matter 5r
PrincetonK6233.frontmatter.flyleaf.005v.tif,4405,7200,front matter 5v
PrincetonK6233.frontmatter.flyleaf.006r.tif,4335,7200,front matter 6r
PrincetonK6233.frontmatter.flyleaf.006v.tif,4423,7200,front matter 6v
PrincetonK6233.frontmatter.flyleaf.007r.tif,4298,7200,front matter 7r
PrincetonK6233.frontmatter.flyleaf.007v.tif,4468,7200,front matter 7v
PrincetonK6233.frontmatter.flyleaf.008r.tif,4305,7200,front matter 8r
PrincetonK6233.frontmatter.flyleaf.008v.tif,4474,7200,front matter 8v
PrincetonK6233.frontmatter.flyleaf.009r.tif,4339,7200,front matter 9r
PrincetonK6233.frontmatter.flyleaf.009v.tif,4478,7200,front matter 9v
PrincetonK6233.frontmatter.flyleaf.010r.tif,4314,7200,front matter 10r
PrincetonK6233.frontmatter.flyleaf.010v.tif,4503,7200,front matter 10v
PrincetonK6233.frontmatter.flyleaf.011r.tif,4351,7200,front matter 11r
PrincetonK6233.frontmatter.flyleaf.011v.tif,4531,7200,front matter 11v
PrincetonK6233.frontmatter.flyleaf.012r.tif,4329,7200,front matter 12r
PrincetonK6233.frontmatter.flyleaf.012v.tif,4543,7200,front matter 12v
PrincetonK6233.frontmatter.flyleaf.013r.tif,4344,7200,front matter 13r
PrincetonK6233.frontmatter.flyleaf.013v.tif,4548,7200,front matter 13v
PrincetonK6233.frontmatter.flyleaf.014r.tif,4349,7200,front matter 14r
PrincetonK6233.frontmatter.flyleaf.014v.tif,4526,7200,front matter 14v
PrincetonK6233.frontmatter.flyleaf.015r.tif,4348,7200,front matter 15r
PrincetonK6233.frontmatter.flyleaf.015v.tif,4483,7200,front matter 15v
PrincetonK6233.frontmatter.flyleaf.016r.tif,4309,7200,front matter 16r
PrincetonK6233.frontmatter.flyleaf.016v.tif,4616,7200,front matter 16v
PrincetonK6233.frontmatter.flyleaf.017r.tif,4342,7200,front matter 17r
PrincetonK6233.frontmatter.flyleaf.017v.tif,4589,7200,front matter 17v
PrincetonK6233.frontmatter.flyleaf.018r.tif,4395,7200,front matter 18r
PrincetonK6233.frontmatter.flyleaf.018v.tif,4570,7200,front matter 18v
PrincetonK6233.frontmatter.flyleaf.019r.tif,4353,7200,front matter 19r
PrincetonK6233.frontmatter.flyleaf.019v.tif,4678,7200,front matter 19v
PrincetonK6233.frontmatter.flyleaf.020r.tif,4419,7200,front matter 20r
PrincetonK6233.frontmatter.flyleaf.020v.tif,4603,7200,front matter 20v
PrincetonK6233.frontmatter.flyleaf.021r.tif,4424,7200,front matter 21r
PrincetonK6233.frontmatter.flyleaf.021v.tif,4588,7200,front matter 21v
PrincetonK6233.frontmatter.flyleaf.022r.tif,4405,7200,front matter 22r
PrincetonK6233.frontmatter.flyleaf.022v.tif,4566,7200,front matter 22v
PrincetonK6233.frontmatter.flyleaf.023r.tif,4468,7200,front matter 23r
PrincetonK6233.frontmatter.flyleaf.023v.tif,4601,7200,front matter 23v
PrincetonK6233.frontmatter.flyleaf.024r.tif,4433,7200,front matter 24r
PrincetonK6233.frontmatter.flyleaf.024v.tif,4526,7200,front matter 24v
PrincetonK6233.frontmatter.flyleaf.025r.tif,4473,7200,front matter 25r
PrincetonK6233.frontmatter.flyleaf.025v.tif,4579,7200,front matter 25v
PrincetonK6233.001r.tif,4517,7200,title page
PrincetonK6233.001v.tif,4557,7200,[α1v]
PrincetonK6233.002r.tif,4497,7200,α2r
PrincetonK6233.002v.tif,4693,7200,[α2v]
PrincetonK6233.003r.tif,4573,7200,α3r
PrincetonK6233.003v.tif,4636,7200,[α3v]
PrincetonK6233.004r.tif,4427,7200,α4r
PrincetonK6233.004v.tif,4709,7200,[α4v]
PrincetonK6233.005r.tif,4383,7200,α5r
PrincetonK6233.005v.tif,4688,7200,[α5v]
PrincetonK6233.006r.tif,4457,7200,[α6r]
PrincetonK6233.006v.tif,4674,7200,[α6v]
PrincetonK6233.007r.tif,4695,7200,[α7r]
PrincetonK6233.007v.tif,4642,7200,[α7v]
PrincetonK6233.008r.tif,4517,7200,[α8r]
PrincetonK6233.008v.tif,4634,7200,[α8v]
PrincetonK6233.009r.tif,4636,7200,β1r
PrincetonK6233.009v.tif,4628,7200,[β1v]
PrincetonK6233.010r.tif,4523,7200,2βr
PrincetonK6233.010v.tif,4774,7200,[2βv]
PrincetonK6233.011r.tif,4476,7200,β3r
PrincetonK6233.011v.tif,4726,7200,[β3v]
PrincetonK6233.012r.tif,4576,7200,β4r
PrincetonK6233.012v.tif,4746,7200,[β4v]
PrincetonK6233.013r.tif,4536,7200,β5r
PrincetonK6233.013v.tif,4733,7200,β5v
PrincetonK6233.014r.tif,4687,7200,[β6r]
PrincetonK6233.014v.tif,4733,7200,[β6v]
PrincetonK6233.015r.tif,4517,7200,β7r
PrincetonK6233.015v.tif,4787,7200,β7v
PrincetonK6233.016r.tif,4552,7200,[β8r]
PrincetonK6233.016v.tif,4762,7200,[β8v]
PrincetonK6233.017r.tif,4655,7200,[1]
PrincetonK6233.017v.tif,4788,7200,[2]
PrincetonK6233.018r.tif,4599,7200,[3]
PrincetonK6233.018v.tif,4721,7200,4
PrincetonK6233.019r.tif,4610,7200,5
PrincetonK6233.019v.tif,4804,7200,6
PrincetonK6233.020r.tif,4507,7200,7
PrincetonK6233.020v.tif,4781,7200,8
PrincetonK6233.021r.tif,4571,7200,9
PrincetonK6233.021v.tif,4750,7200,10
PrincetonK6233.022r.tif,4640,7200,11
PrincetonK6233.022v.tif,4743,7200,12
PrincetonK6233.023r.tif,4668,7200,13
PrincetonK6233.023v.tif,4775,7200,14
PrincetonK6233.024r.tif,4625,7200,15
PrincetonK6233.024v.tif,4786,7200,16
PrincetonK6233.025r.tif,4626,7200,17
PrincetonK6233.025v.tif,4812,7200,18
PrincetonK6233.026r.tif,4709,7200,19
PrincetonK6233.026v.tif,4799,7200,20
PrincetonK6233.027r.tif,4723,7200,21
PrincetonK6233.027v.tif,4812,7200,22
PrincetonK6233.028r.tif,4688,7200,23
PrincetonK6233.028v.tif,4816,7200,24
PrincetonK6233.029r.tif,4588,7200,25
PrincetonK6233.029v.tif,4778,7200,26
PrincetonK6233.030r.tif,4699,7200,27
PrincetonK6233.030v.tif,4804,7200,28
PrincetonK6233.031r.tif,4739,7200,29
PrincetonK6233.031v.tif,4832,7200,30
PrincetonK6233.032r.tif,4775,7200,31
PrincetonK6233.032v.tif,4778,7200,32
PrincetonK6233.033r.tif,4710,7200,33
PrincetonK6233.033v.tif,4872,7200,34
PrincetonK6233.034r.tif,4656,7200,35
PrincetonK6233.034v.tif,4809,7200,36
PrincetonK6233.035r.tif,4701,7200,37
PrincetonK6233.035v.tif,4837,7200,38
PrincetonK6233.036r.tif,4649,7200,39
PrincetonK6233.036v.tif,4872,7200,40
PrincetonK6233.037r.tif,4747,7200,41
PrincetonK6233.037v.tif,4872,7200,42
PrincetonK6233.038r.tif,4689,7200,43
PrincetonK6233.038v.tif,4869,7200,44
PrincetonK6233.039r.tif,4703,7200,45
PrincetonK6233.039v.tif,4828,7200,46
PrincetonK6233.040r.tif,4745,7200,47
PrincetonK6233.040v.tif,4855,7200,48
PrincetonK6233.041r.tif,4821,7200,49
PrincetonK6233.041v.tif,4853,7200,50
PrincetonK6233.042r.tif,4770,7200,51
PrincetonK6233.042v.tif,4856,7200,52
PrincetonK6233.043r.tif,4844,7200,53
PrincetonK6233.043v.tif,4801,7200,54
PrincetonK6233.044r.tif,4871,7200,55
PrincetonK6233.044v.tif,4896,7200,56
PrincetonK6233.045r.tif,4877,7200,57
PrincetonK6233.045v.tif,4832,7200,58
PrincetonK6233.046r.tif,4880,7200,59
PrincetonK6233.046v.tif,4864,7200,60
PrincetonK6233.047r.tif,4800,7200,61
PrincetonK6233.047v.tif,4781,7200,62
PrincetonK6233.048r.tif,4914,7200,63
PrincetonK6233.048v.tif,4779,7200,64
PrincetonK6233.049r.tif,4876,7200,65
PrincetonK6233.049v.tif,4782,7200,66
PrincetonK6233.050r.tif,4966,7200,67
PrincetonK6233.050v.tif,4885,7200,68
PrincetonK6233.051r.tif,4929,7200,69
PrincetonK6233.051v.tif,4924,7200,70
PrincetonK6233.052r.tif,4855,7200,71
PrincetonK6233.052v.tif,4871,7200,72
PrincetonK6233.053r.tif,4847,7200,73
PrincetonK6233.053v.tif,4818,7200,74
PrincetonK6233.054r.tif,4952,7200,75
PrincetonK6233.054v.tif,4849,7200,76
PrincetonK6233.055r.tif,4952,7200,77
PrincetonK6233.055v.tif,4910,7200,78
PrincetonK6233.056r.tif,4938,7200,79
PrincetonK6233.056v.tif,4898,7200,80
PrincetonK6233.057r.tif,4933,7200,81
PrincetonK6233.057v.tif,4914,7200,82
PrincetonK6233.058r.tif,4940,7200,83
PrincetonK6233.058v.tif,4907,7200,84
PrincetonK6233.059r.tif,4977,7200,85
PrincetonK6233.059v.tif,4873,7200,86
PrincetonK6233.060r.tif,4918,7200,87
PrincetonK6233.060v.tif,4901,7200,88
PrincetonK6233.061r.tif,4903,7200,89
PrincetonK6233.061v.tif,4822,7200,90
PrincetonK6233.062r.tif,4903,7200,91
PrincetonK6233.062v.tif,4880,7200,92
PrincetonK6233.063r.tif,4925,7200,93
PrincetonK6233.063v.tif,4869,7200,94
PrincetonK6233.064r.tif,4931,7200,95
PrincetonK6233.064v.tif,4843,7200,96
PrincetonK6233.065r.tif,4986,7200,97
PrincetonK6233.065v.tif,4865,7200,98
PrincetonK6233.066r.tif,5014,7200,99
PrincetonK6233.066v.tif,4981,7200,100
PrincetonK6233.067r.tif,4917,7200,101
PrincetonK6233.067v.tif,4946,7200,102
PrincetonK6233.068r.tif,4941,7200,103
PrincetonK6233.068v.tif,4934,7200,104
PrincetonK6233.069r.tif,4903,7200,105
PrincetonK6233.069v.tif,4888,7200,106
PrincetonK6233.070r.tif,4909,7200,107
PrincetonK6233.070v.tif,4980,7200,108
PrincetonK6233.071r.tif,4903,7200,109
PrincetonK6233.071v.tif,5014,7200,110
PrincetonK6233.072r.tif,4903,7200,111
PrincetonK6233.072v.tif,5012,7200,112
PrincetonK6233.073r.tif,4903,7200,113
PrincetonK6233.073v.tif,4978,7200,114
PrincetonK6233.074r.tif,4903,7200,115
PrincetonK6233.074v.tif,5040,7200,116
PrincetonK6233.075r.tif,4903,7200,117
PrincetonK6233.075v.tif,4949,7200,118
PrincetonK6233.076r.tif,4903,7200,119
PrincetonK6233.076v.tif,4944,7200,120
PrincetonK6233.077r.tif,4903,7200,121
PrincetonK6233.077v.tif,4927,7200,122
PrincetonK6233.078r.tif,4903,7200,123
PrincetonK6233.078v.tif,5029,7200,124
PrincetonK6233.079r.tif,4969,7200,125
PrincetonK6233.079v.tif,4973,7200,126
PrincetonK6233.080r.tif,4903,7200,127
PrincetonK6233.080v.tif,4962,7200,128
PrincetonK6233.081r.tif,4903,7200,129
PrincetonK6233.081v.tif,5007,7200,130
PrincetonK6233.082r.tif,4903,7200,131
PrincetonK6233.082v.tif,5080,7200,132
PrincetonK6233.083r.tif,4903,7200,133
PrincetonK6233.083v.tif,4982,7200,134
PrincetonK6233.084r.tif,4903,7200,135
PrincetonK6233.084v.tif,5078,7200,136
PrincetonK6233.085r.tif,4919,7200,137
PrincetonK6233.085v.tif,4947,7200,138
PrincetonK6233.086r.tif,4905,7200,139
PrincetonK6233.086v.tif,4996,7200,140
PrincetonK6233.087r.tif,4908,7200,141
PrincetonK6233.087v.tif,4943,7200,142
PrincetonK6233.088r.tif,4903,7200,143
PrincetonK6233.088v.tif,4963,7200,144
PrincetonK6233.089r.tif,4903,7200,145
PrincetonK6233.089v.tif,5019,7200,146
PrincetonK6233.090r.tif,4903,7200,147
PrincetonK6233.090v.tif,5027,7200,148
PrincetonK6233.091r.tif,4931,7200,149
PrincetonK6233.091v.tif,5018,7200,150
PrincetonK6233.092r.tif,4903,7200,151
PrincetonK6233.092v.tif,5074,7200,152
PrincetonK6233.093r.tif,4903,7200,153
PrincetonK6233.093v.tif,5002,7200,154
PrincetonK6233.094r.tif,4903,7200,155
PrincetonK6233.094v.tif,4933,7200,156
PrincetonK6233.095r.tif,4903,7200,157
PrincetonK6233.095v.tif,4968,7200,158
PrincetonK6233.096r.tif,4903,7200,159
PrincetonK6233.096v.tif,5067,7200,160
PrincetonK6233.097r.tif,4921,7200,161
PrincetonK6233.097v.tif,5059,7200,162
PrincetonK6233.098r.tif,4920,7200,163
PrincetonK6233.098v.tif,4979,7200,164
PrincetonK6233.099r.tif,4927,7200,165
PrincetonK6233.099v.tif,4967,7200,166
PrincetonK6233.100r.tif,4919,7200,167
PrincetonK6233.100v.tif,4903,7200,168
PrincetonK6233.101r.tif,4903,7200,169
PrincetonK6233.101v.tif,4957,7200,170
PrincetonK6233.102r.tif,4931,7200,171
PrincetonK6233.102v.tif,4940,7200,172
PrincetonK6233.103r.tif,4903,7200,173
PrincetonK6233.103v.tif,4936,7200,174
PrincetonK6233.104r.tif,4903,7200,175
PrincetonK6233.104v.tif,5020,7200,176
PrincetonK6233.105r.tif,4903,7200,177
PrincetonK6233.105v.tif,5019,7200,178
PrincetonK6233.106r.tif,4903,7200,179
PrincetonK6233.106v.tif,5020,7200,180
PrincetonK6233.107r.tif,4932,7200,181
PrincetonK6233.107v.tif,4977,7200,182
PrincetonK6233.108r.tif,4903,7200,183
PrincetonK6233.108v.tif,4996,7200,184
PrincetonK6233.109r.tif,4903,7200,185
PrincetonK6233.109v.tif,4988,7200,186
PrincetonK6233.110r.tif,4903,7200,187
PrincetonK6233.110v.tif,4891,7200,188
PrincetonK6233.111r.tif,4903,7200,189
PrincetonK6233.111v.tif,5025,7200,190
PrincetonK6233.112r.tif,4831,7200,191
PrincetonK6233.112v.tif,4973,7200,192
PrincetonK6233.113r.tif,4897,7200,193
PrincetonK6233.113v.tif,4984,7200,194
PrincetonK6233.114r.tif,4832,7200,195
PrincetonK6233.114v.tif,4968,7200,196
PrincetonK6233.115r.tif,4832,7200,197
PrincetonK6233.115v.tif,4957,7200,198
PrincetonK6233.116r.tif,4835,7200,199
PrincetonK6233.116v.tif,4872,7200,200
PrincetonK6233.117r.tif,4904,7200,201
PrincetonK6233.117v.tif,5012,7200,202
PrincetonK6233.118r.tif,4982,7200,203
PrincetonK6233.118v.tif,5001,7200,204
PrincetonK6233.119r.tif,4921,7200,205
PrincetonK6233.119v.tif,4962,7200,206
PrincetonK6233.120r.tif,4880,7200,207
PrincetonK6233.120v.tif,5035,7200,208
PrincetonK6233.121r.tif,4904,7200,209
PrincetonK6233.121v.tif,4897,7200,210
PrincetonK6233.122r.tif,4904,7200,211
PrincetonK6233.122v.tif,4900,7200,212
PrincetonK6233.123r.tif,4918,7200,213
PrincetonK6233.123v.tif,4996,7200,214
PrincetonK6233.124r.tif,4813,7200,215
PrincetonK6233.124v.tif,4936,7200,216
PrincetonK6233.125r.tif,4914,7200,217
PrincetonK6233.125v.tif,5014,7200,218
PrincetonK6233.126r.tif,4885,7200,219
PrincetonK6233.126v.tif,4930,7200,220
PrincetonK6233.127r.tif,4894,7200,221
PrincetonK6233.127v.tif,4920,7200,222
PrincetonK6233.128r.tif,4863,7200,223
PrincetonK6233.128v.tif,5020,7200,224
PrincetonK6233.129r.tif,4876,7200,225
PrincetonK6233.129v.tif,4986,7200,226
PrincetonK6233.130r.tif,4917,7200,227
PrincetonK6233.130v.tif,5068,7200,228
PrincetonK6233.131r.tif,4960,7200,229
PrincetonK6233.131v.tif,4998,7200,230
PrincetonK6233.132r.tif,4919,7200,231
PrincetonK6233.132v.tif,5006,7200,232
PrincetonK6233.133r.tif,4904,7200,233
PrincetonK6233.133v.tif,4993,7200,234
PrincetonK6233.134r.tif,4904,7200,235
PrincetonK6233.134v.tif,5006,7200,236
PrincetonK6233.135r.tif,4906,7200,237
PrincetonK6233.135v.tif,4920,7200,238
PrincetonK6233.136r.tif,4904,7200,239
PrincetonK6233.136v.tif,5110,7200,240
PrincetonK6233.137r.tif,4904,7200,241
PrincetonK6233.137v.tif,4993,7200,242
PrincetonK6233.138r.tif,4904,7200,243
PrincetonK6233.138v.tif,4976,7200,244
PrincetonK6233.139r.tif,4876,7200,245
PrincetonK6233.139v.tif,4998,7200,246
PrincetonK6233.140r.tif,4904,7200,247
PrincetonK6233.140v.tif,4942,7200,248
PrincetonK6233.141r.tif,4904,7200,249
PrincetonK6233.141v.tif,4927,7200,250
PrincetonK6233.142r.tif,4904,7200,251
PrincetonK6233.142v.tif,4872,7200,252
PrincetonK6233.143r.tif,4904,7200,253
PrincetonK6233.143v.tif,4961,7200,254
PrincetonK6233.144r.tif,4904,7200,255
PrincetonK6233.144v.tif,4966,7200,256
PrincetonK6233.145r.tif,4886,7200,257
PrincetonK6233.145v.tif,5003,7200,258
PrincetonK6233.146r.tif,4904,7200,259
PrincetonK6233.146v.tif,4860,7200,260
PrincetonK6233.147r.tif,4892,7200,261
PrincetonK6233.147v.tif,4969,7200,262
PrincetonK6233.148r.tif,4855,7200,263
PrincetonK6233.148v.tif,4950,7200,264
PrincetonK6233.149r.tif,4904,7200,265
PrincetonK6233.149v.tif,4963,7200,266
PrincetonK6233.150r.tif,4806,7200,267
PrincetonK6233.150v.tif,4909,7200,268
PrincetonK6233.151r.tif,4855,7200,269
PrincetonK6233.151v.tif,4914,7200,270
PrincetonK6233.152r.tif,4869,7200,271
PrincetonK6233.152v.tif,4972,7200,272
PrincetonK6233.153r.tif,4904,7200,273
PrincetonK6233.153v.tif,4968,7200,274
PrincetonK6233.154r.tif,4898,7200,275
PrincetonK6233.154v.tif,4822,7200,276
PrincetonK6233.155r.tif,4893,7200,277
PrincetonK6233.155v.tif,4964,7200,278
PrincetonK6233.156r.tif,4885,7200,279
PrincetonK6233.156v.tif,4921,7200,280
PrincetonK6233.157r.tif,4899,7200,281
PrincetonK6233.157v.tif,4937,7200,282
PrincetonK6233.158r.tif,4876,7200,283
PrincetonK6233.158v.tif,4873,7200,284
PrincetonK6233.159r.tif,4922,7200,285
PrincetonK6233.159v.tif,4871,7200,286
PrincetonK6233.160r.tif,4892,7200,287
PrincetonK6233.160v.tif,4975,7200,288
PrincetonK6233.161r.tif,4910,7200,289
PrincetonK6233.161v.tif,4984,7200,290
PrincetonK6233.162r.tif,4867,7200,291
PrincetonK6233.162v.tif,5008,7200,292
PrincetonK6233.163r.tif,4867,7200,293
PrincetonK6233.163v.tif,4904,7200,294
PrincetonK6233.164r.tif,4867,7200,295
PrincetonK6233.164v.tif,4954,7200,296
PrincetonK6233.165r.tif,4906,7200,297
PrincetonK6233.165v.tif,5026,7200,298
PrincetonK6233.166r.tif,4923,7200,299
PrincetonK6233.166v.tif,5024,7200,300
PrincetonK6233.167r.tif,4908,7200,301
PrincetonK6233.167v.tif,4997,7200,302
PrincetonK6233.168r.tif,4889,7200,303
PrincetonK6233.168v.tif,4982,7200,304
PrincetonK6233.169r.tif,4875,7200,305
PrincetonK6233.169v.tif,4992,7200,306
PrincetonK6233.170r.tif,4867,7200,307
PrincetonK6233.170v.tif,5018,7200,308
PrincetonK6233.171r.tif,4859,7200,309
PrincetonK6233.171v.tif,5023,7200,310
PrincetonK6233.172r.tif,4911,7200,311
PrincetonK6233.172v.tif,4889,7200,312
PrincetonK6233.173r.tif,4867,7200,313
PrincetonK6233.173v.tif,5037,7200,314
PrincetonK6233.174r.tif,4867,7200,315
PrincetonK6233.174v.tif,5075,7200,316
PrincetonK6233.175r.tif,4867,7200,317
PrincetonK6233.175v.tif,5041,7200,318
PrincetonK6233.176r.tif,4867,7200,319
PrincetonK6233.176v.tif,5042,7200,320
PrincetonK6233.177r.tif,4816,7200,321
PrincetonK6233.177v.tif,5073,7200,322
PrincetonK6233.178r.tif,4834,7200,323
PrincetonK6233.178v.tif,4874,7200,324
PrincetonK6233.179r.tif,4820,7200,325
PrincetonK6233.179v.tif,4860,7200,326
PrincetonK6233.180r.tif,4858,7200,327
PrincetonK6233.180v.tif,4877,7200,328
PrincetonK6233.181r.tif,4859,7200,329
PrincetonK6233.181v.tif,4927,7200,330
PrincetonK6233.182r.tif,4848,7200,331
PrincetonK6233.182v.tif,4954,7200,332
PrincetonK6233.183r.tif,4871,7200,333
PrincetonK6233.183v.tif,4942,7200,334
PrincetonK6233.184r.tif,4898,7200,335
PrincetonK6233.184v.tif,4955,7200,336
PrincetonK6233.185r.tif,4898,7200,337
PrincetonK6233.185v.tif,4977,7200,338
PrincetonK6233.186r.tif,4884,7200,339
PrincetonK6233.186v.tif,4915,7200,340
PrincetonK6233.187r.tif,4891,7200,341
PrincetonK6233.187v.tif,4974,7200,342
PrincetonK6233.188r.tif,4834,7200,343
PrincetonK6233.188v.tif,4883,7200,344
PrincetonK6233.189r.tif,4834,7200,345
PrincetonK6233.189v.tif,4877,7200,346
PrincetonK6233.190r.tif,4820,7200,347
PrincetonK6233.190v.tif,4974,7200,348
PrincetonK6233.191r.tif,4834,7200,349
PrincetonK6233.191v.tif,4958,7200,350
PrincetonK6233.192r.tif,4811,7200,351
PrincetonK6233.192v.tif,4993,7200,352
PrincetonK6233.193r.tif,4820,7200,353
PrincetonK6233.193v.tif,4861,7200,354
PrincetonK6233.194r.tif,4825,7200,355
PrincetonK6233.194v.tif,4941,7200,356
PrincetonK6233.195r.tif,4848,7200,357
PrincetonK6233.195v.tif,4965,7200,358
PrincetonK6233.196r.tif,4859,7200,359
PrincetonK6233.196v.tif,4851,7200,360
PrincetonK6233.197r.tif,4898,7200,361
PrincetonK6233.197v.tif,4906,7200,362
PrincetonK6233.198r.tif,4877,7200,363
PrincetonK6233.198v.tif,4871,7200,364
PrincetonK6233.199r.tif,4955,7200,365
PrincetonK6233.199v.tif,5205,7200,366
PrincetonK6233.200r.tif,4884,7200,367
PrincetonK6233.200v.tif,5180,7200,368
PrincetonK6233.201r.tif,4853,7200,369
PrincetonK6233.201v.tif,5127,7200,370
PrincetonK6233.202r.tif,4889,7200,371
PrincetonK6233.202v.tif,5198,7200,372
PrincetonK6233.203r.tif,4857,7200,373
PrincetonK6233.203v.tif,5157,7200,374
PrincetonK6233.204r.tif,4798,7200,375
PrincetonK6233.204v.tif,5198,7200,376
PrincetonK6233.205r.tif,4784,7200,377
PrincetonK6233.205v.tif,5082,7200,378
PrincetonK6233.206r.tif,4848,7200,379
PrincetonK6233.206v.tif,5198,7200,380
PrincetonK6233.207r.tif,4848,7200,381
PrincetonK6233.207v.tif,5130,7200,382
PrincetonK6233.208r.tif,4689,7200,383
PrincetonK6233.208v.tif,5112,7200,384
PrincetonK6233.209r.tif,4709,7200,385
PrincetonK6233.209v.tif,5118,7200,386
PrincetonK6233.210r.tif,4707,7200,387
PrincetonK6233.210v.tif,5140,7200,388
PrincetonK6233.211r.tif,4699,7200,389
PrincetonK6233.211v.tif,5189,7200,390
PrincetonK6233.212r.tif,4716,7200,391
PrincetonK6233.212v.tif,5119,7200,392
PrincetonK6233.213r.tif,4638,7200,393
PrincetonK6233.213v.tif,5133,7200,394
PrincetonK6233.214r.tif,4705,7200,395
PrincetonK6233.214v.tif,5085,7200,396
PrincetonK6233.215r.tif,4710,7200,397
PrincetonK6233.215v.tif,5014,7200,398
PrincetonK6233.216r.tif,4765,7200,399
PrincetonK6233.216v.tif,5131,7200,400
PrincetonK6233.217r.tif,4770,7200,401
PrincetonK6233.217v.tif,5056,7200,402
PrincetonK6233.218r.tif,4770,7200,403
PrincetonK6233.218v.tif,5119,7200,404
PrincetonK6233.219r.tif,4770,7200,405
PrincetonK6233.219v.tif,5161,7200,406
PrincetonK6233.220r.tif,4770,7200,407
PrincetonK6233.220v.tif,5084,7200,408
PrincetonK6233.221r.tif,4770,7200,409
PrincetonK6233.221v.tif,5024,7200,410
PrincetonK6233.222r.tif,4770,7200,411
PrincetonK6233.222v.tif,5103,7200,412
PrincetonK6233.223r.tif,4770,7200,413
PrincetonK6233.223v.tif,5038,7200,414
PrincetonK6233.224r.tif,4770,7200,415
PrincetonK6233.224v.tif,5172,7200,416
PrincetonK6233.225r.tif,4770,7200,417
PrincetonK6233.225v.tif,5159,7200,418
PrincetonK6233.226r.tif,4770,7200,419
PrincetonK6233.226v.tif,5114,7200,420
PrincetonK6233.227r.tif,4763,7200,421
PrincetonK6233.227v.tif,5198,7200,422
PrincetonK6233.228r.tif,4770,7200,423
PrincetonK6233.228v.tif,5114,7200,424
PrincetonK6233.229r.tif,4770,7200,425
PrincetonK6233.229v.tif,5016,7200,426
PrincetonK6233.230r.tif,4680,7200,427
PrincetonK6233.230v.tif,5095,7200,428
PrincetonK6233.231r.tif,4714,7200,429
PrincetonK6233.231v.tif,5081,7200,430
PrincetonK6233.232r.tif,4922,7200,431
PrincetonK6233.232v.tif,5178,7200,432
PrincetonK6233.233r.tif,4628,7200,433
PrincetonK6233.233v.tif,5168,7200,434
PrincetonK6233.234r.tif,4695,7200,435
PrincetonK6233.234v.tif,5187,7200,436
PrincetonK6233.235r.tif,4667,7200,437
PrincetonK6233.235v.tif,5179,7200,438
PrincetonK6233.236r.tif,4717,7200,439
PrincetonK6233.236v.tif,5198,7200,440
PrincetonK6233.237r.tif,4674,7200,441
PrincetonK6233.237v.tif,5149,7200,442
PrincetonK6233.238r.tif,4726,7200,443
PrincetonK6233.238v.tif,5013,7200,444
PrincetonK6233.239r.tif,4648,7200,445
PrincetonK6233.239v.tif,5124,7200,446
PrincetonK6233.240r.tif,4704,7200,447
PrincetonK6233.240v.tif,5213,7200,448
PrincetonK6233.241r.tif,4679,7200,449
PrincetonK6233.241v.tif,5194,7200,450
PrincetonK6233.242r.tif,4665,7200,451
PrincetonK6233.242v.tif,5164,7200,452
PrincetonK6233.243r.tif,4645,7200,453
PrincetonK6233.243v.tif,5174,7200,454
PrincetonK6233.244r.tif,4633,7200,455
PrincetonK6233.244v.tif,5177,7200,456
PrincetonK6233.245r.tif,4714,7200,457
PrincetonK6233.245v.tif,5132,7200,458
PrincetonK6233.246r.tif,4731,7200,459
PrincetonK6233.246v.tif,5140,7200,460
PrincetonK6233.247r.tif,4775,7200,461
PrincetonK6233.247v.tif,5175,7200,462
PrincetonK6233.248r.tif,4813,7200,463
PrincetonK6233.248v.tif,5198,7200,464
PrincetonK6233.249r.tif,4820,7200,465
PrincetonK6233.249v.tif,5198,7200,466
PrincetonK6233.250r.tif,4770,7200,467
PrincetonK6233.250v.tif,5153,7200,468
PrincetonK6233.251r.tif,4800,7200,469
PrincetonK6233.251v.tif,5187,7200,470
PrincetonK6233.252r.tif,4876,7200,471
PrincetonK6233.252v.tif,4988,7200,472
PrincetonK6233.253r.tif,4783,7200,473
PrincetonK6233.253v.tif,5074,7200,474
PrincetonK6233.254r.tif,4788,7200,475
PrincetonK6233.254v.tif,5185,7200,476
PrincetonK6233.255r.tif,4859,7200,477
PrincetonK6233.255v.tif,5109,7200,478
PrincetonK6233.256r.tif,4892,7200,479
PrincetonK6233.256v.tif,5179,7200,480
PrincetonK6233.257r.tif,4903,7200,481
PrincetonK6233.257v.tif,5191,7200,482
PrincetonK6233.258r.tif,4804,7200,483
PrincetonK6233.258v.tif,5129,7200,484
PrincetonK6233.259r.tif,4810,7200,485
PrincetonK6233.259v.tif,5114,7200,486
PrincetonK6233.260r.tif,4793,7200,487
PrincetonK6233.260v.tif,5139,7200,488
PrincetonK6233.261r.tif,4839,7200,489
PrincetonK6233.261v.tif,5136,7200,490
PrincetonK6233.262r.tif,4878,7200,491
PrincetonK6233.262v.tif,5150,7200,492
PrincetonK6233.263r.tif,4812,7200,493
PrincetonK6233.263v.tif,5198,7200,494
PrincetonK6233.264r.tif,4829,7200,495
PrincetonK6233.264v.tif,5198,7200,496
PrincetonK6233.265r.tif,4817,7200,497
PrincetonK6233.265v.tif,5198,7200,498
PrincetonK6233.266r.tif,4838,7200,499
PrincetonK6233.266v.tif,5095,7200,500
PrincetonK6233.267r.tif,4878,7200,501
PrincetonK6233.267v.tif,5054,7200,502
PrincetonK6233.268r.tif,4798,7200,503
PrincetonK6233.268v.tif,5027,7200,504
PrincetonK6233.269r.tif,4802,7200,505
PrincetonK6233.269v.tif,4966,7200,506
PrincetonK6233.270r.tif,4880,7200,507
PrincetonK6233.270v.tif,4959,7200,508
PrincetonK6233.271r.tif,4840,7200,509
PrincetonK6233.271v.tif,4993,7200,510
PrincetonK6233.272r.tif,4908,7200,511
PrincetonK6233.272v.tif,4977,7200,512
PrincetonK6233.273r.tif,4881,7200,513
PrincetonK6233.273v.tif,4969,7200,514
PrincetonK6233.274r.tif,4906,7200,515
PrincetonK6233.274v.tif,5027,7200,516
PrincetonK6233.275r.tif,4954,7200,517
PrincetonK6233.275v.tif,5026,7200,518
PrincetonK6233.276r.tif,4911,7200,519
PrincetonK6233.276v.tif,4968,7200,520
PrincetonK6233.277r.tif,4831,7200,521
PrincetonK6233.277v.tif,4914,7200,522
PrincetonK6233.278r.tif,4833,7200,523
PrincetonK6233.278v.tif,5017,7200,524
PrincetonK6233.279r.tif,4852,7200,525
PrincetonK6233.279v.tif,4960,7200,526
PrincetonK6233.280r.tif,4880,7200,527
PrincetonK6233.280v.tif,4943,7200,528
PrincetonK6233.281r.tif,4770,7200,529
PrincetonK6233.281v.tif,4864,7200,530
PrincetonK6233.282r.tif,4827,7200,531
PrincetonK6233.282v.tif,4930,7200,532
PrincetonK6233.283r.tif,4812,7200,533
PrincetonK6233.283v.tif,4951,7200,534
PrincetonK6233.284r.tif,4796,7200,535
PrincetonK6233.284v.tif,5009,7200,536
PrincetonK6233.285r.tif,4822,7200,537
PrincetonK6233.285v.tif,4922,7200,538
PrincetonK6233.286r.tif,4805,7200,539
PrincetonK6233.286v.tif,4893,7200,540
PrincetonK6233.287r.tif,4712,7200,541
PrincetonK6233.287v.tif,4911,7200,542
PrincetonK6233.288r.tif,4612,7200,543
PrincetonK6233.288v.tif,4871,7200,544
PrincetonK6233.289r.tif,4795,7200,545
PrincetonK6233.289v.tif,4972,7200,546
PrincetonK6233.290r.tif,4754,7200,547
PrincetonK6233.290v.tif,4924,7200,548
PrincetonK6233.291r.tif,4832,7200,549
PrincetonK6233.291v.tif,4961,7200,550
PrincetonK6233.292r.tif,4789,7200,551
PrincetonK6233.292v.tif,4968,7200,552
PrincetonK6233.293r.tif,4801,7200,553
PrincetonK6233.293v.tif,4847,7200,554
PrincetonK6233.294r.tif,4806,7200,555
PrincetonK6233.294v.tif,4848,7200,556
PrincetonK6233.295r.tif,4808,7200,557
PrincetonK6233.295v.tif,4808,7200,558
PrincetonK6233.296r.tif,4810,7200,559
PrincetonK6233.296v.tif,4800,7200,560
PrincetonK6233.297r.tif,4770,7200,561
PrincetonK6233.297v.tif,4796,7200,562
PrincetonK6233.298r.tif,4795,7200,563
PrincetonK6233.298v.tif,4812,7200,564
PrincetonK6233.299r.tif,4815,7200,565
PrincetonK6233.299v.tif,4863,7200,566
PrincetonK6233.300r.tif,4763,7200,567
PrincetonK6233.300v.tif,4828,7200,568
PrincetonK6233.301r.tif,4756,7200,569
PrincetonK6233.301v.tif,4785,7200,570
PrincetonK6233.302r.tif,4782,7200,571
PrincetonK6233.302v.tif,4787,7200,572
PrincetonK6233.303r.tif,4802,7200,573
PrincetonK6233.303v.tif,4795,7200,574
PrincetonK6233.304r.tif,4719,7200,575
PrincetonK6233.304v.tif,4821,7200,576
PrincetonK6233.305r.tif,4739,7200,577
PrincetonK6233.305v.tif,4870,7200,578
PrincetonK6233.306r.tif,4689,7200,579
PrincetonK6233.306v.tif,4850,7200,580
PrincetonK6233.307r.tif,4816,7200,581
PrincetonK6233.307v.tif,4843,7200,582
PrincetonK6233.308r.tif,4743,7200,583
PrincetonK6233.308v.tif,4873,7200,584
PrincetonK6233.309r.tif,4725,7200,585
PrincetonK6233.309v.tif,4825,7200,586
PrincetonK6233.310r.tif,4705,7200,587
PrincetonK6233.310v.tif,4804,7200,588
PrincetonK6233.311r.tif,4687,7200,589
PrincetonK6233.311v.tif,4847,7200,590
PrincetonK6233.312r.tif,4770,7200,591
PrincetonK6233.312v.tif,4848,7200,592
PrincetonK6233.313r.tif,4733,7200,593
PrincetonK6233.313v.tif,4836,7200,594
PrincetonK6233.314r.tif,4699,7200,595
PrincetonK6233.314v.tif,4805,7200,596
PrincetonK6233.315r.tif,4718,7200,597
PrincetonK6233.315v.tif,4791,7200,598
PrincetonK6233.316r.tif,4708,7200,599
PrincetonK6233.316v.tif,4836,7200,600
PrincetonK6233.317r.tif,4708,7200,601
PrincetonK6233.317v.tif,4780,7200,602
PrincetonK6233.318r.tif,4725,7200,603
PrincetonK6233.318v.tif,4774,7200,604
PrincetonK6233.319r.tif,4681,7200,605
PrincetonK6233.319v.tif,4747,7200,606
PrincetonK6233.320r.tif,4717,7200,607
PrincetonK6233.320v.tif,4771,7200,608
PrincetonK6233.321r.tif,4676,7200,609
PrincetonK6233.321v.tif,4770,7200,610
PrincetonK6233.322r.tif,4699,7200,611
PrincetonK6233.322v.tif,4802,7200,612
PrincetonK6233.323r.tif,4684,7200,613
PrincetonK6233.323v.tif,4939,7200,614
PrincetonK6233.324r.tif,4700,7200,615
PrincetonK6233.324v.tif,4821,7200,616
PrincetonK6233.325r.tif,4707,7200,617
PrincetonK6233.325v.tif,4784,7200,618
PrincetonK6233.326r.tif,4674,7200,619
PrincetonK6233.326v.tif,4715,7200,620
PrincetonK6233.327r.tif,4664,7200,621
PrincetonK6233.327v.tif,4796,7200,622
PrincetonK6233.328r.tif,4601,7200,623
PrincetonK6233.328v.tif,4848,7200,624
PrincetonK6233.329r.tif,4848,7200,625
PrincetonK6233.329v.tif,4918,7200,626
PrincetonK6233.330r.tif,4824,7200,627
PrincetonK6233.330v.tif,4795,7200,628
PrincetonK6233.331r.tif,4733,7200,629
PrincetonK6233.331v.tif,4802,7200,630
PrincetonK6233.332r.tif,4835,7200,631
PrincetonK6233.332v.tif,4764,7200,632
PrincetonK6233.333r.tif,4765,7200,633
PrincetonK6233.333v.tif,4748,7200,634
PrincetonK6233.334r.tif,4848,7200,635
PrincetonK6233.334v.tif,4724,7200,636
PrincetonK6233.335r.tif,4848,7200,637
PrincetonK6233.335v.tif,4809,7200,638
PrincetonK6233.336r.tif,4832,7200,639
PrincetonK6233.336v.tif,4743,7200,640
PrincetonK6233.337r.tif,4785,7200,641
PrincetonK6233.337v.tif,4789,7200,642
PrincetonK6233.338r.tif,4774,7200,643
PrincetonK6233.338v.tif,4770,7200,644
PrincetonK6233.339r.tif,4798,7200,645
PrincetonK6233.339v.tif,4795,7200,646
PrincetonK6233.340r.tif,4801,7200,647
PrincetonK6233.340v.tif,4769,7200,648
PrincetonK6233.341r.tif,4783,7200,649
PrincetonK6233.341v.tif,4878,7200,650
PrincetonK6233.342r.tif,4709,7200,651
PrincetonK6233.342v.tif,4713,7200,652
PrincetonK6233.343r.tif,4754,7200,653
PrincetonK6233.343v.tif,4755,7200,654
PrincetonK6233.344r.tif,4728,7200,655
PrincetonK6233.344v.tif,4820,7200,656
PrincetonK6233.345r.tif,4820,7200,657
PrincetonK6233.345v.tif,4789,7200,658
PrincetonK6233.346r.tif,4721,7200,659
PrincetonK6233.346v.tif,4795,7200,660
PrincetonK6233.347r.tif,4699,7200,661
PrincetonK6233.347v.tif,4802,7200,662
PrincetonK6233.348r.tif,4822,7200,663
PrincetonK6233.348v.tif,4741,7200,664
PrincetonK6233.349r.tif,4784,7200,665
PrincetonK6233.349v.tif,4826,7200,666
PrincetonK6233.350r.tif,4710,7200,667
PrincetonK6233.350v.tif,4749,7200,668
PrincetonK6233.351r.tif,4734,7200,669
PrincetonK6233.351v.tif,4704,7200,670
PrincetonK6233.352r.tif,4693,7200,671
PrincetonK6233.352v.tif,4699,7200,672
PrincetonK6233.353r.tif,4707,7200,673
PrincetonK6233.353v.tif,4707,7200,674
PrincetonK6233.354r.tif,4721,7200,675
PrincetonK6233.354v.tif,4685,7200,676
PrincetonK6233.355r.tif,4736,7200,677
PrincetonK6233.355v.tif,4700,7200,678
PrincetonK6233.356r.tif,4667,7200,679
PrincetonK6233.356v.tif,4727,7200,680
PrincetonK6233.357r.tif,4665,7200,681
PrincetonK6233.357v.tif,4714,7200,682
PrincetonK6233.358r.tif,4826,7200,683
PrincetonK6233.358v.tif,4707,7200,684
PrincetonK6233.359r.tif,4728,7200,685
PrincetonK6233.359v.tif,4734,7200,686
PrincetonK6233.360r.tif,4704,7200,687
PrincetonK6233.360v.tif,4686,7200,688
PrincetonK6233.361r.tif,4663,7200,689
PrincetonK6233.361v.tif,4686,7200,690
PrincetonK6233.362r.tif,4669,7200,691
PrincetonK6233.362v.tif,4686,7200,692
PrincetonK6233.363r.tif,4638,7200,693
PrincetonK6233.363v.tif,4686,7200,694
PrincetonK6233.364r.tif,4785,7200,695
PrincetonK6233.364v.tif,4686,7200,696
PrincetonK6233.365r.tif,4706,7200,697
PrincetonK6233.365v.tif,4683,7200,698
PrincetonK6233.366r.tif,4658,7200,699
PrincetonK6233.366v.tif,4686,7200,700
PrincetonK6233.367r.tif,4763,7200,701
PrincetonK6233.367v.tif,4686,7200,702
PrincetonK6233.368r.tif,4730,7200,703
PrincetonK6233.368v.tif,4686,7200,704
PrincetonK6233.369r.tif,4675,7200,705
PrincetonK6233.369v.tif,4686,7200,706
PrincetonK6233.370r.tif,4695,7200,707
PrincetonK6233.370v.tif,4686,7200,708
PrincetonK6233.371r.tif,4654,7200,709
PrincetonK6233.371v.tif,4686,7200,710
PrincetonK6233.372r.tif,4698,7200,711
PrincetonK6233.372v.tif,4698,7200,712
PrincetonK6233.373r.tif,4660,7200,713
PrincetonK6233.373v.tif,4761,7200,714
PrincetonK6233.374r.tif,4705,7200,715
PrincetonK6233.374v.tif,4750,7200,716
PrincetonK6233.375r.tif,4673,7200,717
PrincetonK6233.375v.tif,4743,7200,718
PrincetonK6233.376r.tif,4670,7200,719
PrincetonK6233.376v.tif,4745,7200,720
PrincetonK6233.377r.tif,4691,7200,721
PrincetonK6233.377v.tif,4750,7200,722
PrincetonK6233.378r.tif,4603,7200,723
PrincetonK6233.378v.tif,4782,7200,724
PrincetonK6233.379r.tif,4685,7200,725
PrincetonK6233.379v.tif,4700,7200,726
PrincetonK6233.380r.tif,4621,7200,727
PrincetonK6233.380v.tif,4777,7200,728
PrincetonK6233.381r.tif,4621,7200,729
PrincetonK6233.381v.tif,4761,7200,730
PrincetonK6233.382r.tif,4607,7200,731
PrincetonK6233.382v.tif,4771,7200,732
PrincetonK6233.383r.tif,4610,7200,733
PrincetonK6233.383v.tif,4689,7200,734
PrincetonK6233.384r.tif,4609,7200,735
PrincetonK6233.384v.tif,4684,7200,736
PrincetonK6233.endmatter.flyleaf.001r.tif,4615,7200,end matter 1r
PrincetonK6233.endmatter.flyleaf.001v.tif,4662,7200,end matter 1v
PrincetonK6233.endmatter.flyleaf.002r.tif,4649,7200,end matter 2r
PrincetonK6233.endmatter.flyleaf.002v.tif,4644,7200,end matter 2v
PrincetonK6233.endmatter.flyleaf.003r.tif,4647,7200,end matter 3r
PrincetonK6233.endmatter.flyleaf.003v.tif,4687,7200,end matter 3v
PrincetonK6233.endmatter.flyleaf.004r.tif,4585,7200,end matter 4r
PrincetonK6233.endmatter.flyleaf.004v.tif,4642,7200,end matter 4v
PrincetonK6233.endmatter.flyleaf.005r.tif,4621,7200,end matter 5r
PrincetonK6233.endmatter.flyleaf.005v.tif,4700,7200,end matter 5v
PrincetonK6233.endmatter.flyleaf.006r.tif,4658,7200,end matter 6r
PrincetonK6233.endmatter.flyleaf.006v.tif,4598,7200,end matter 6v
PrincetonK6233.endmatter.flyleaf.007r.tif,4632,7200,end matter 7r
PrincetonK6233.endmatter.flyleaf.007v.tif,4616,7200,end matter 7v
PrincetonK6233.endmatter.flyleaf.008r.tif,4668,7200,end matter 8r
PrincetonK6233.endmatter.flyleaf.008v.tif,4628,7200,end matter 8v
PrincetonK6233.endmatter.flyleaf.009r.tif,4657,7200,end matter 9r
PrincetonK6233.endmatter.flyleaf.009v.tif,4639,7200,end matter 9v
PrincetonK6233.endmatter.flyleaf.010r.tif,4653,7200,end matter 10r
PrincetonK6233.endmatter.flyleaf.010v.tif,4598,7200,end matter 10v
PrincetonK6233.endmatter.flyleaf.011r.tif,4650,7200,end matter 11r
PrincetonK6233.endmatter.flyleaf.011v.tif,4565,7200,end matter 11v
PrincetonK6233.endmatter.flyleaf.012r.tif,4635,7200,end matter 12r
PrincetonK6233.endmatter.flyleaf.012v.tif,4598,7200,end matter 12v
PrincetonK6233.endmatter.flyleaf.013r.tif,4572,7200,end matter 13r
PrincetonK6233.endmatter.flyleaf.013v.tif,4703,7200,end matter 13v
PrincetonK6233.endmatter.flyleaf.014r.tif,4660,7200,end matter 14r
PrincetonK6233.endmatter.flyleaf.014v.tif,4539,7200,end matter 14v
PrincetonK6233.endmatter.flyleaf.015r.tif,4574,7200,end matter 15r
PrincetonK6233.endmatter.flyleaf.015v.tif,4550,7200,end matter 15v
PrincetonK6233.endmatter.flyleaf.016r.tif,4654,7200,end matter 16r
PrincetonK6233.endmatter.flyleaf.016v.tif,4528,7200,end matter 16v
PrincetonK6233.endmatter.flyleaf.017r.tif,4608,7200,end matter 17r
PrincetonK6233.endmatter.flyleaf.017v.tif,4521,7200,end matter 17v
PrincetonK6233.endmatter.flyleaf.018r.tif,4620,7200,end matter 18r
PrincetonK6233.endmatter.flyleaf.018v.tif,4517,7200,end matter 18v
PrincetonK6233.endmatter.flyleaf.019r.tif,4599,7200,end matter 19r
PrincetonK6233.endmatter.flyleaf.019v.tif,4540,7200,end matter 19v
PrincetonK6233.endmatter.flyleaf.020r.tif,4592,7200,end matter 20r
PrincetonK6233.endmatter.flyleaf.020v.tif,4526,7200,end matter 20v
PrincetonK6233.endmatter.flyleaf.021r.tif,4567,7200,end matter 21r
PrincetonK6233.endmatter.flyleaf.021v.tif,4517,7200,end matter 21v
PrincetonK6233.endmatter.flyleaf.022r.tif,4561,7200,end matter 22r
PrincetonK6233.endmatter.flyleaf.022v.tif,4524,7200,end matter 22v
PrincetonK6233.endmatter.flyleaf.023r.tif,4625,7200,end matter 23r
PrincetonK6233.endmatter.flyleaf.023v.tif,4608,7200,end matter 23v
PrincetonK6233.endmatter.flyleaf.024r.tif,4703,7200,end matter 24r
PrincetonK6233.endmatter.flyleaf.024v.tif,4569,7200,end matter 24v
PrincetonK6233.endmatter.flyleaf.025r.tif,4596,7200,end matter 25r
PrincetonK6233.endmatter.flyleaf.025v.tif,4615,7200,end matter 25v
PrincetonK6233.endmatter.pastedown.tif,4605,7200,end matter pastedown
PrincetonK6233.binding.backcover.tif,4592,7200,binding back cover
