PrincetonRB16th99a.binding.frontcover.tif,6163,8167,binding front cover
PrincetonRB16th99a.frontmatter.pastedown.tif,5909,7979,front endpaper
PrincetonRB16th99a.frontmatter.flyleaf.001r.tif,5380,7262,front endpaper
PrincetonRB16th99a.frontmatter.flyleaf.001v.tif,5745,7782,front endpaper
PrincetonRB16th99a.frontmatter.flyleaf.002r.tif,5386,7285,title page
PrincetonRB16th99a.frontmatter.flyleaf.002v.tif,5745,7782,[1]
PrincetonRB16th99a.001r.tif,5359,7285,2
PrincetonRB16th99a.001v.tif,5745,7782,[3]
PrincetonRB16th99a.002r.tif,5359,7285,[4]
PrincetonRB16th99a.002v.tif,5745,7782,[5]
PrincetonRB16th99a.003r.tif,5359,7285,3[r]
PrincetonRB16th99a.003v.tif,5745,7782,[3v]
PrincetonRB16th99a.004r.tif,5359,7285,4[r]
PrincetonRB16th99a.004v.tif,5745,7782,[4v]
PrincetonRB16th99a.005r.tif,5359,7285,5[r]
PrincetonRB16th99a.005v.tif,5745,7782,[5v]
PrincetonRB16th99a.006r.tif,5338,7285,6[r]
PrincetonRB16th99a.006v.tif,5745,7823,[6v]
PrincetonRB16th99a.007r.tif,5340,7285,7[r]
PrincetonRB16th99a.007v.tif,5745,7823,[7v]
PrincetonRB16th99a.008r.tif,5332,7285,8[r]
PrincetonRB16th99a.008v.tif,5745,7823,[8v]
PrincetonRB16th99a.009r.tif,5347,7279,9[r]
PrincetonRB16th99a.009v.tif,5745,7823,[9v]
PrincetonRB16th99a.010r.tif,5310,7279,10[r]
PrincetonRB16th99a.010v.tif,5745,7823,[10v]
PrincetonRB16th99a.011r.tif,5326,7279,11[r]
PrincetonRB16th99a.011v.tif,5745,7823,[11v]
PrincetonRB16th99a.012r.tif,5303,7279,12[r]
PrincetonRB16th99a.012v.tif,5745,7823,[12v]
PrincetonRB16th99a.013r.tif,5297,7279,13[r]
PrincetonRB16th99a.013v.tif,5745,7823,[13v]
PrincetonRB16th99a.014r.tif,5297,7279,14[r]
PrincetonRB16th99a.014v.tif,5745,7823,[14v]
PrincetonRB16th99a.015r.tif,5275,7279,15[r]
PrincetonRB16th99a.015v.tif,5745,7823,[15v]
PrincetonRB16th99a.016r.tif,5275,7279,16[r]
PrincetonRB16th99a.016v.tif,5745,7823,[16v]
PrincetonRB16th99a.017r.tif,5275,7279,17[r]
PrincetonRB16th99a.017v.tif,5745,7823,[17v]
PrincetonRB16th99a.018r.tif,5275,7279,18[r]
PrincetonRB16th99a.018v.tif,5745,7823,[18v]
PrincetonRB16th99a.019r.tif,5275,7279,19[r]
PrincetonRB16th99a.019v.tif,5654,7823,[19v]
PrincetonRB16th99a.020r.tif,5250,7279,20[r]
PrincetonRB16th99a.020v.tif,5654,7823,[20v]
PrincetonRB16th99a.021r.tif,5250,7279,21[r]
PrincetonRB16th99a.021v.tif,5654,7823,[21v]
PrincetonRB16th99a.022r.tif,5250,7279,22[r]
PrincetonRB16th99a.022v.tif,5654,7823,[22v]
PrincetonRB16th99a.023r.tif,5212,7279,23[r]
PrincetonRB16th99a.023v.tif,5654,7823,[23v]
PrincetonRB16th99a.024r.tif,5212,7279,24[r]
PrincetonRB16th99a.024v.tif,5654,7823,[24v]
PrincetonRB16th99a.025r.tif,5212,7279,25[r]
PrincetonRB16th99a.025v.tif,5654,7823,[25v]
PrincetonRB16th99a.026r.tif,5212,7279,26[r]
PrincetonRB16th99a.026v.tif,5654,7823,[26v]
PrincetonRB16th99a.027r.tif,5212,7279,27[r]
PrincetonRB16th99a.027v.tif,5654,7823,[27v]
PrincetonRB16th99a.028r.tif,5212,7279,28[r]
PrincetonRB16th99a.028v.tif,5654,7823,[28v]
PrincetonRB16th99a.029r.tif,5212,7279,29[r]
PrincetonRB16th99a.029v.tif,5654,7823,[29v]
PrincetonRB16th99a.030r.tif,5180,7258,30[r]
PrincetonRB16th99a.030v.tif,5654,7823,[30v]
PrincetonRB16th99a.031r.tif,5180,7258,31[r]
PrincetonRB16th99a.031v.tif,5654,7823,[31v]
PrincetonRB16th99a.032r.tif,5180,7258,32[r]
PrincetonRB16th99a.032v.tif,5654,7823,[32v]
PrincetonRB16th99a.033r.tif,5180,7258,33[r]
PrincetonRB16th99a.033v.tif,5654,7823,[33v]
PrincetonRB16th99a.034r.tif,5180,7258,34[r]
PrincetonRB16th99a.034v.tif,5630,7854,[34v]
PrincetonRB16th99a.035r.tif,5180,7258,35[r]
PrincetonRB16th99a.035v.tif,5630,7854,[35v]
PrincetonRB16th99a.036r.tif,5210,7258,36[r]
PrincetonRB16th99a.036v.tif,5630,7854,[36v]
PrincetonRB16th99a.037r.tif,5210,7258,37[r]
PrincetonRB16th99a.037v.tif,5630,7854,[37v]
PrincetonRB16th99a.038r.tif,5210,7258,38[r]
PrincetonRB16th99a.038v.tif,5630,7854,[38v]
PrincetonRB16th99a.039r.tif,5243,7215,39[r]
PrincetonRB16th99a.039v.tif,5640,7854,[39v]
PrincetonRB16th99a.040r.tif,5243,7215,40[r]
PrincetonRB16th99a.040v.tif,5615,7909,[40v]
PrincetonRB16th99a.041r.tif,5243,7215,41[r]
PrincetonRB16th99a.041v.tif,5615,7909,[41v]
PrincetonRB16th99a.042r.tif,5243,7215,42[r]
PrincetonRB16th99a.042v.tif,5615,7909,[42v]
PrincetonRB16th99a.043r.tif,5258,7215,43[r]
PrincetonRB16th99a.043v.tif,5615,7909,[43v]
PrincetonRB16th99a.044r.tif,5261,7215,44[r]
PrincetonRB16th99a.044v.tif,5615,7909,[44v]
PrincetonRB16th99a.045r.tif,5266,7215,45[r]
PrincetonRB16th99a.045v.tif,5615,7909,[45v]
PrincetonRB16th99a.046r.tif,5266,7215,46[r]
PrincetonRB16th99a.046v.tif,5615,7909,[46v]
PrincetonRB16th99a.047r.tif,5266,7215,47[r]
PrincetonRB16th99a.047v.tif,5615,7909,[47v]
PrincetonRB16th99a.048r.tif,5266,7215,48[r]
PrincetonRB16th99a.048v.tif,5615,7909,[48v]
PrincetonRB16th99a.049r.tif,5266,7215,49[r]
PrincetonRB16th99a.049v.tif,5615,7909,[49v]
PrincetonRB16th99a.050r.tif,5266,7215,50[r]
PrincetonRB16th99a.050v.tif,5615,7909,[50v]
PrincetonRB16th99a.051r.tif,5296,7170,51[r]
PrincetonRB16th99a.051v.tif,5596,7909,[51v]
PrincetonRB16th99a.052r.tif,5296,7170,52[r]
PrincetonRB16th99a.052v.tif,5596,7909,[52v]
PrincetonRB16th99a.053r.tif,5296,7170,53[r]
PrincetonRB16th99a.053v.tif,5596,7909,[53v]
PrincetonRB16th99a.054r.tif,5296,7170,54[r]
PrincetonRB16th99a.054v.tif,5596,7909,[54v]
PrincetonRB16th99a.055r.tif,5296,7170,55[r]
PrincetonRB16th99a.055v.tif,5622,7909,[55v]
PrincetonRB16th99a.056r.tif,5296,7170,56[r]
PrincetonRB16th99a.056v.tif,5622,7909,[56v]
PrincetonRB16th99a.057r.tif,5296,7170,57[r]
PrincetonRB16th99a.057v.tif,5661,7909,[57v]
PrincetonRB16th99a.058r.tif,5296,7170,58[r]
PrincetonRB16th99a.058v.tif,5661,7909,[58v]
PrincetonRB16th99a.059r.tif,5352,7170,59[r]
PrincetonRB16th99a.059v.tif,5661,7909,[59v]
PrincetonRB16th99a.060r.tif,5318,7170,60[r]
PrincetonRB16th99a.060v.tif,5661,7909,[60v]
PrincetonRB16th99a.061r.tif,5296,7170,61[r]
PrincetonRB16th99a.061v.tif,5661,7909,[61v]
PrincetonRB16th99a.062r.tif,5317,7170,62[r]
PrincetonRB16th99a.062v.tif,5661,7909,[62v]
PrincetonRB16th99a.063r.tif,5296,7170,##63r
PrincetonRB16th99a.063v.tif,5661,7909,[63v]
PrincetonRB16th99a.064r.tif,5234,7119,64[r]
PrincetonRB16th99a.064v.tif,5661,7909,[64v]
PrincetonRB16th99a.065r.tif,5271,7170,65[r]
PrincetonRB16th99a.065v.tif,5661,7909,[65v]
PrincetonRB16th99a.066r.tif,5301,7170,66[r]
PrincetonRB16th99a.066v.tif,5661,7909,[66v]
PrincetonRB16th99a.067r.tif,5301,7170,67[r]
PrincetonRB16th99a.067v.tif,5661,7909,[67v]
PrincetonRB16th99a.068r.tif,5301,7170,68[r]
PrincetonRB16th99a.068v.tif,5661,7909,[68v]
PrincetonRB16th99a.069r.tif,5301,7170,[69r]
PrincetonRB16th99a.069v.tif,5661,7909,[69v]
PrincetonRB16th99a.070r.tif,5301,7170,70[r]
PrincetonRB16th99a.070v.tif,5661,7909,[70v]
PrincetonRB16th99a.071r.tif,5301,7170,71[r]
PrincetonRB16th99a.071v.tif,5661,7909,[71v]
PrincetonRB16th99a.072r.tif,5310,7170,72[r]
PrincetonRB16th99a.072v.tif,5661,7909,[72v]
PrincetonRB16th99a.073r.tif,5310,7170,73[r]
PrincetonRB16th99a.073v.tif,5661,7909,[73v]
PrincetonRB16th99a.074r.tif,5310,7170,74[r]
PrincetonRB16th99a.074v.tif,5661,7909,[74v]
PrincetonRB16th99a.075r.tif,5310,7170,75[r]
PrincetonRB16th99a.075v.tif,5638,7858,[75v]
PrincetonRB16th99a.076r.tif,5310,7170,76[r]
PrincetonRB16th99a.076v.tif,5665,8013,[76v]
PrincetonRB16th99a.077r.tif,5310,7170,77[r]
PrincetonRB16th99a.077v.tif,5665,8013,[77v]
PrincetonRB16th99a.078r.tif,5310,7170,78[r]
PrincetonRB16th99a.078v.tif,5730,7958,[78v]
PrincetonRB16th99a.079r.tif,5291,7170,79[r]
PrincetonRB16th99a.079v.tif,5730,7958,[79v]
PrincetonRB16th99a.080r.tif,5638,7737,80(r]
PrincetonRB16th99a.080v.tif,5730,7958,[80v]
PrincetonRB16th99a.081r.tif,5291,7170,81[r]
PrincetonRB16th99a.081v.tif,5730,7958,[81v]
PrincetonRB16th99a.082r.tif,5235,7156,82[r]
PrincetonRB16th99a.082v.tif,5730,7958,[82v]
PrincetonRB16th99a.083r.tif,5235,7156,83[r]
PrincetonRB16th99a.083v.tif,5730,7958,[83v]
PrincetonRB16th99a.084r.tif,5235,7156,84[r]
PrincetonRB16th99a.084v.tif,5730,7958,[84v]
PrincetonRB16th99a.085r.tif,5251,7156,85[r]
PrincetonRB16th99a.085v.tif,5730,7958,[85v]
PrincetonRB16th99a.086r.tif,5251,7156,86[r]
PrincetonRB16th99a.086v.tif,5730,7958,[86v]
PrincetonRB16th99a.087r.tif,5251,7156,87[r]
PrincetonRB16th99a.087v.tif,5771,7958,[87v]
PrincetonRB16th99a.088r.tif,5251,7156,88[r]
PrincetonRB16th99a.088v.tif,5771,7958,[88v]
PrincetonRB16th99a.089r.tif,5251,7156,89[r]
PrincetonRB16th99a.089v.tif,5771,7958,[89v]
PrincetonRB16th99a.endmatter.flyleaf.001r.tif,5251,7156,[90r]
PrincetonRB16th99a.endmatter.flyleaf.001v.tif,5796,7958,end matter 1r
PrincetonRB16th99a.endmatter.flyleaf.002r.tif,5251,7156,end matter1v
PrincetonRB16th99a.endmatter.flyleaf.002v.tif,5783,7958,end matter 2r
PrincetonRB16th99a.endmatter.pastedown.tif,5541,7319,end matter pastedown
PrincetonRB16th99a.binding.backcover.tif,6163,8167,binding back cover
