BLC120b4.frontmatter.flyleaf.001r.tif,4959,6587,[added page]
BLC120b4.frontmatter.flyleaf.001v.tif,4879,6557,[added page]
BLC120b4.frontmatter.flyleaf.002r.tif,4959,6587,[added page]
BLC120b4.frontmatter.flyleaf.002v.tif,4879,6557,[added page]
BLC120b4.001r.tif,4872,6759,Title page
BLC120b4.001v.tif,4666,6459,Flyleaf_verso
BLC120b4.002r.tif,4872,6759,2
BLC120b4.002v.tif,4698,6459,2[v]
BLC120b4.003r.tif,4872,6759,3
BLC120b4.003v.tif,4698,6459,3[v]
BLC120b4.004r.tif,4872,6759,4
BLC120b4.004v.tif,4698,6459,4[v]
BLC120b4.005r.tif,4872,6759,5
BLC120b4.005v.tif,4698,6459,5[v]
BLC120b4.006r.tif,4872,6759,6
BLC120b4.006v.tif,4698,6459,6[v]
BLC120b4.007r.tif,4872,6759,7
BLC120b4.007v.tif,4698,6459,7[v]
BLC120b4.008r.tif,4872,6759,8
BLC120b4.008v.tif,4698,6459,8[v]
BLC120b4.009r.tif,4872,6759,9
BLC120b4.009v.tif,4698,6459,9[v]
BLC120b4.010r.tif,4872,6759,10
BLC120b4.010v.tif,4698,6459,10[v]
BLC120b4.011r.tif,4872,6759,11
BLC120b4.011v.tif,4698,6459,11[v]
BLC120b4.012r.tif,4872,6759,12
BLC120b4.012v.tif,4698,6459,12[v]
BLC120b4.013r.tif,4872,6759,13
BLC120b4.013v.tif,4698,6459,13[v]
BLC120b4.014r.tif,4872,6759,14
BLC120b4.014v.tif,4698,6459,14[v]
BLC120b4.015r.tif,4872,6759,15
BLC120b4.015v.tif,4698,6459,15[v]
BLC120b4.016r.tif,4872,6759,16
BLC120b4.016v.tif,4698,6459,16[v]
BLC120b4.017r.tif,4872,6759,17
BLC120b4.017v.tif,4698,6459,17[v]
BLC120b4.018r.tif,4872,6759,18
BLC120b4.018v.tif,4698,6459,18[v]
BLC120b4.019r.tif,4872,6759,19
BLC120b4.019v.tif,4698,6459,19[v]
BLC120b4.020r.tif,4872,6759,20
BLC120b4.020v.tif,4698,6459,20[v]
BLC120b4.021r.tif,4872,6759,21
BLC120b4.021v.tif,4732,6483,21[v]
BLC120b4.022r.tif,4872,6759,22
BLC120b4.022v.tif,4732,6483,22[v]
BLC120b4.023r.tif,4872,6759,23
BLC120b4.023v.tif,4612,6483,23[v]
BLC120b4.024r.tif,4872,6759,24
BLC120b4.024v.tif,4612,6483,24[v]
BLC120b4.025r.tif,4872,6759,25
BLC120b4.025v.tif,4612,6483,25[v]
BLC120b4.026r.tif,4872,6759,26
BLC120b4.026v.tif,4612,6483,26[v]
BLC120b4.027r.tif,4872,6759,27
BLC120b4.027v.tif,4612,6483,27[v]
BLC120b4.028r.tif,4872,6759,28
BLC120b4.028v.tif,4612,6483,28[v]
BLC120b4.029r.tif,4872,6759,29
BLC120b4.029v.tif,4612,6483,29[v]
BLC120b4.030r.tif,4872,6759,30
BLC120b4.030v.tif,4612,6483,30[v]
BLC120b4.031r.tif,4872,6759,31
BLC120b4.031v.tif,4612,6483,31[v]
BLC120b4.032r.tif,4872,6759,32
BLC120b4.032v.tif,4612,6483,32[v]
BLC120b4.033r.tif,4872,6759,33
BLC120b4.033v.tif,4612,6483,33[v]
BLC120b4.034r.tif,4872,6759,34
BLC120b4.034v.tif,4612,6483,34[v]
BLC120b4.035r.tif,4872,6759,35
BLC120b4.035v.tif,4612,6483,35[v]
BLC120b4.036r.tif,4872,6759,36
BLC120b4.036v.tif,4612,6483,36[v]
BLC120b4.037r.tif,4872,6759,37
BLC120b4.037v.tif,4612,6483,37[v]
BLC120b4.037r.insert.tif,4872,6759,
BLC120b4.037v.insert.tif,4612,6517,
BLC120b4.038r.tif,4872,6759,38
BLC120b4.038v.tif,4660,6517,38[v]
BLC120b4.038r.insert.tif,4872,6759,
BLC120b4.038v.insert.tif,4660,6517,
BLC120b4.039r.tif,4798,6759,39
BLC120b4.039v.tif,4660,6517,39[v]
BLC120b4.039r.insert.tif,4720,6629,
BLC120b4.039v.insert.tif,4660,6517,
BLC120b4.040r.tif,4720,6629,40
BLC120b4.040v.tif,4660,6550,40[v]
BLC120b4.040r.insert.tif,4720,6629,
BLC120b4.040v.insert.tif,4400,6550,
BLC120b4.041r.tif,4720,6629,41
BLC120b4.041v.tif,4448,6550,41[v]
BLC120b4.041r.insert.tif,4720,6629,
BLC120b4.041v.insert.tif,4448,6550,
BLC120b4.042r.tif,4720,6629,42
BLC120b4.042v.tif,4448,6550,42[v]
BLC120b4.042r.insert.tif,4720,6629,
BLC120b4.042v.insert.tif,4448,6550,
BLC120b4.043r.tif,4720,6629,43
BLC120b4.043v.tif,4545,6550,43[v]
BLC120b4.043r.insert.tif,4720,6629,
BLC120b4.043v.insert.tif,4545,6550,
BLC120b4.044r.tif,4720,6629,44
BLC120b4.044v.tif,4545,6550,44[v]
BLC120b4.044r.insert.tif,4720,6629,
BLC120b4.044v.insert.tif,4599,6550,
BLC120b4.045r.tif,4720,6629,45
BLC120b4.045v.tif,4599,6550,45[v]
BLC120b4.045r.insert.tif,4720,6629,
BLC120b4.045v.insert.tif,4599,6550,
BLC120b4.046r.tif,4720,6629,46
BLC120b4.046v.tif,4599,6550,46[v]
BLC120b4.046r.insert.tif,4720,6629,
BLC120b4.046v.insert.tif,4599,6550,
BLC120b4.047r.tif,4720,6629,47
BLC120b4.047v.tif,4599,6550,47[v]
BLC120b4.048r.tif,4720,6629,48
BLC120b4.048v.tif,4599,6550,48[v]
BLC120b4.048r.insert.tif,4720,6629,
BLC120b4.048v.insert.tif,4599,6550,
BLC120b4.049r.tif,4720,6629,49
BLC120b4.049v.tif,4599,6550,49[v]
BLC120b4.049r.insert.tif,4720,6629,
BLC120b4.049v.insert.tif,4599,6550,
BLC120b4.050r.tif,4720,6629,50
BLC120b4.050v.tif,4599,6550,50[v]
BLC120b4.050r.insert.tif,4720,6629,
BLC120b4.050v.insert.tif,4599,6550,
BLC120b4.051r.tif,4720,6629,51
BLC120b4.051v.tif,4546,6601,51[v]
BLC120b4.051r.insert.tif,4720,6629,
BLC120b4.051v.insert.tif,4546,6601,
BLC120b4.052r.tif,4720,6629,52
BLC120b4.052v.tif,4546,6601,52[v]
BLC120b4.052r.insert.tif,4720,6629,
BLC120b4.052v.insert.tif,4546,6601,
BLC120b4.053r.tif,4720,6629,53
BLC120b4.053v.tif,4546,6601,53[v]
BLC120b4.053r.insert.tif,4720,6629,
BLC120b4.053v.insert.tif,4721,6601,
BLC120b4.054r.tif,4720,6629,54
BLC120b4.054v.tif,4721,6601,54[v]
BLC120b4.055r.tif,4720,6629,55
BLC120b4.055v.tif,4721,6601,55[v]
BLC120b4.056r.tif,4720,6629,56
BLC120b4.056v.tif,4721,6601,56[v]
BLC120b4.057r.tif,4720,6629,57
BLC120b4.057v.tif,4721,6601,57[v]
BLC120b4.058r.tif,4720,6629,58
BLC120b4.058v.tif,4721,6601,58[v]
BLC120b4.059r.tif,4720,6629,59
BLC120b4.059v.tif,4721,6601,59[v]
BLC120b4.059r.insert.tif,4720,6629,
BLC120b4.059v.insert.tif,4721,6601,
BLC120b4.060r.tif,4720,6629,60
BLC120b4.060v.tif,4721,6601,60[v]
BLC120b4.060r.insert.tif,4720,6629,
BLC120b4.060v.insert.tif,4721,6601,
BLC120b4.061r.tif,4720,6629,61
BLC120b4.061v.tif,4721,6601,61[v]
BLC120b4.062r.tif,4720,6629,62
BLC120b4.062v.tif,4721,6601,62[v]
BLC120b4.063r.tif,4720,6629,63
BLC120b4.063v.tif,4721,6601,63[v]
BLC120b4.064r.tif,4720,6629,64
BLC120b4.064v.tif,4721,6601,64[v]
BLC120b4.065r.tif,4743,6629,65
BLC120b4.065v.tif,4721,6601,65[v]
BLC120b4.065r.insert.tif,4743,6499,
BLC120b4.065v.insert.tif,4721,6601,
BLC120b4.066r.tif,4743,6499,66
BLC120b4.066v.tif,4721,6601,66[v]
BLC120b4.067r.tif,4743,6499,67
BLC120b4.067v.tif,4721,6601,67[v]
BLC120b4.068r.tif,4743,6499,68
BLC120b4.068v.tif,4721,6601,68[v]
BLC120b4.069r.tif,4743,6499,69
BLC120b4.069v.tif,4721,6601,69[v]
