PrincetonPE1137.binding.frontcover.tif,5229,7200,binding front cover
PrincetonPE1137.frontmatter.pastedown.tif,5160,7200,Flyleaf
PrincetonPE1137.frontmatter.flyleaf.001r.tif,5447,7200,Flyleaf
PrincetonPE1137.frontmatter.flyleaf.001v.tif,5346,7200,Flyleaf
PrincetonPE1137.001r.tif,5154,7200,Title page
PrincetonPE1137.001v.tif,5288,7200,Title page verso
PrincetonPE1137.002r.tif,5055,7200,[1r]
PrincetonPE1137.002v.tif,5198,7200,[1v]
PrincetonPE1137.003r.tif,5154,7200,2[r]
PrincetonPE1137.003v.tif,5169,7200,[2v]
PrincetonPE1137.004r.tif,5120,7200,3[r]
PrincetonPE1137.004v.tif,5200,7200,[3v]
PrincetonPE1137.005r.tif,5091,7200,4[r]
PrincetonPE1137.005v.tif,5110,7200,[4v]
PrincetonPE1137.006r.tif,5067,7200,5[r]
PrincetonPE1137.006v.tif,5119,7200,[5v]
PrincetonPE1137.007r.tif,5117,7200,6[r]
PrincetonPE1137.007v.tif,5188,7200,6[v]
PrincetonPE1137.008r.tif,5103,7200,7[r]
PrincetonPE1137.008v.tif,5107,7200,[7v]
PrincetonPE1137.009r.tif,5107,7200,8[r]
PrincetonPE1137.009v.tif,5100,7200,[8v]
PrincetonPE1137.010r.tif,5174,7200,9[r]
PrincetonPE1137.010v.tif,5112,7200,[9v]
PrincetonPE1137.011r.tif,5154,7200,10[r]
PrincetonPE1137.011v.tif,5100,7200,[10v]
PrincetonPE1137.012r.tif,5154,7200,11[r]
PrincetonPE1137.012v.tif,5171,7200,[11v]
PrincetonPE1137.013r.tif,5177,7200,12[r]
PrincetonPE1137.013v.tif,5154,7200,[12v]
PrincetonPE1137.014r.tif,5188,7200,13[r]
PrincetonPE1137.014v.tif,5226,7200,[13v]
PrincetonPE1137.015r.tif,5123,7200,14[r]
PrincetonPE1137.015v.tif,5112,7200,[14v]
PrincetonPE1137.016r.tif,5178,7200,15[r]
PrincetonPE1137.016v.tif,5186,7200,[15v]
PrincetonPE1137.017r.tif,5173,7200,16[r]
PrincetonPE1137.017v.tif,5204,7200,[16v]
PrincetonPE1137.018r.tif,5198,7200,17[r]
PrincetonPE1137.018v.tif,5212,7200,[17v]
PrincetonPE1137.019r.tif,5190,7200,18[r]
PrincetonPE1137.019v.tif,5212,7200,[18v]
PrincetonPE1137.020r.tif,5208,7200,19[r]
PrincetonPE1137.020v.tif,5219,7200,[19v]
PrincetonPE1137.021r.tif,5192,7200,20[r]
PrincetonPE1137.021v.tif,5223,7200,[20v]
PrincetonPE1137.022r.tif,5198,7200,21[r]
PrincetonPE1137.022v.tif,5208,7200,[21v]
PrincetonPE1137.023r.tif,5198,7200,22[r]
PrincetonPE1137.023v.tif,5196,7200,[22v]
PrincetonPE1137.024r.tif,5198,7200,23[r]
PrincetonPE1137.024v.tif,5242,7200,[23v]
PrincetonPE1137.025r.tif,5198,7200,24[r]
PrincetonPE1137.025v.tif,5267,7200,[24v]
PrincetonPE1137.026r.tif,5213,7200,25[r]
PrincetonPE1137.026v.tif,5223,7200,[25v]
PrincetonPE1137.027r.tif,5198,7200,26[r]
PrincetonPE1137.027v.tif,5242,7200,[26v]
PrincetonPE1137.028r.tif,5198,7200,27[r]
PrincetonPE1137.028v.tif,5219,7200,[27v]
PrincetonPE1137.029r.tif,5198,7200,28[r]
PrincetonPE1137.029v.tif,5271,7200,[28v]
PrincetonPE1137.030r.tif,5198,7200,29[r]
PrincetonPE1137.030v.tif,5231,7200,[29v]
PrincetonPE1137.031r.tif,5198,7200,30[r]
PrincetonPE1137.031v.tif,5249,7200,[30v]
PrincetonPE1137.032r.tif,5214,7200,31[r]
PrincetonPE1137.032v.tif,5223,7200,[31v]
PrincetonPE1137.033r.tif,5229,7200,32[r]
PrincetonPE1137.033v.tif,5248,7200,[32v]
PrincetonPE1137.034r.tif,5266,7200,33[r]
PrincetonPE1137.034v.tif,5236,7200,[33v]
PrincetonPE1137.035r.tif,5213,7200,34[r]
PrincetonPE1137.035v.tif,5232,7200,[34v]
PrincetonPE1137.036r.tif,5231,7200,35[r]
PrincetonPE1137.036v.tif,5256,7200,[35v]
PrincetonPE1137.037r.tif,5234,7200,36[r]
PrincetonPE1137.037v.tif,5268,7200,[36v]
PrincetonPE1137.038r.tif,5198,7200,37[r]
PrincetonPE1137.038v.tif,5266,7200,[37v]
PrincetonPE1137.039r.tif,5198,7200,38[r]
PrincetonPE1137.039v.tif,5240,7200,[38v]
PrincetonPE1137.040r.tif,5237,7200,39[r]
PrincetonPE1137.040v.tif,5293,7200,[39v]
PrincetonPE1137.041r.tif,5239,7200,40[r]
PrincetonPE1137.041v.tif,5265,7200,[40v]
PrincetonPE1137.042r.tif,5255,7200,41[r]
PrincetonPE1137.042v.tif,5310,7200,[41v]
PrincetonPE1137.043r.tif,5245,7200,42[r]
PrincetonPE1137.043v.tif,5288,7200,[42v]
PrincetonPE1137.044r.tif,5233,7200,43[r]
PrincetonPE1137.044v.tif,5329,7200,[43v]
PrincetonPE1137.045r.tif,5224,7200,44[r]
PrincetonPE1137.045v.tif,5322,7200,[44v]
PrincetonPE1137.046r.tif,5219,7200,title page
PrincetonPE1137.046v.tif,5282,7200,title page verso
PrincetonPE1137.047r.tif,5143,7200,[1r]
PrincetonPE1137.047v.tif,5341,7200,[1v]
PrincetonPE1137.048r.tif,5198,7200,2[r]
PrincetonPE1137.048v.tif,5299,7200,[2v]
PrincetonPE1137.049r.tif,5198,7200,3[r]
PrincetonPE1137.049v.tif,5327,7200,[3v]
PrincetonPE1137.050r.tif,5198,7200,4[r]
PrincetonPE1137.050v.tif,5207,7200,[4v]
PrincetonPE1137.051r.tif,5218,7200,5[r]
PrincetonPE1137.051v.tif,5283,7200,[5v]
PrincetonPE1137.052r.tif,5282,7200,6[r]
PrincetonPE1137.052v.tif,5296,7200,[6v]
PrincetonPE1137.053r.tif,5198,7200,7[r]
PrincetonPE1137.053v.tif,5336,7200,[7v]
PrincetonPE1137.054r.tif,5198,7200,8[r]
PrincetonPE1137.054v.tif,5339,7200,[8v]
PrincetonPE1137.055r.tif,5233,7200,9[r]
PrincetonPE1137.055v.tif,5379,7200,[9v]
PrincetonPE1137.056r.tif,5198,7200,10[r]
PrincetonPE1137.056v.tif,5375,7200,[10v]
PrincetonPE1137.057r.tif,5198,7200,11[r]
PrincetonPE1137.057v.tif,5349,7200,[11v]
PrincetonPE1137.058r.tif,5195,7200,12[r]
PrincetonPE1137.058v.tif,5339,7200,[12v]
PrincetonPE1137.059r.tif,5198,7200,13[r]
PrincetonPE1137.059v.tif,5307,7200,[13v]
PrincetonPE1137.060r.tif,5198,7200,14[r]
PrincetonPE1137.060v.tif,5353,7200,[14v]
PrincetonPE1137.061r.tif,5182,7200,15[r]
PrincetonPE1137.061v.tif,5360,7200,[15v]
PrincetonPE1137.062r.tif,5198,7200,16[r]
PrincetonPE1137.062v.tif,5374,7200,[16v]
PrincetonPE1137.063r.tif,5202,7200,17[r]
PrincetonPE1137.063v.tif,5339,7200,[17v]
PrincetonPE1137.064r.tif,5198,7200,18[r]
PrincetonPE1137.064v.tif,5337,7200,[18v]
PrincetonPE1137.065r.tif,5226,7200,19[r]
PrincetonPE1137.065v.tif,5412,7200,[19v]
PrincetonPE1137.066r.tif,5227,7200,20[r]
PrincetonPE1137.066v.tif,5362,7200,[20v]
PrincetonPE1137.067r.tif,5235,7200,21[r]
PrincetonPE1137.067v.tif,5391,7200,[21v]
PrincetonPE1137.068r.tif,5191,7200,22[r]
PrincetonPE1137.068v.tif,5385,7200,[22v]
PrincetonPE1137.069r.tif,5163,7200,23[r]
PrincetonPE1137.069v.tif,5412,7200,[23v]
PrincetonPE1137.070r.tif,5238,7200,24[r]
PrincetonPE1137.070v.tif,5388,7200,[24v]
PrincetonPE1137.071r.tif,5181,7200,25[r]
PrincetonPE1137.071v.tif,5412,7200,[25v]
PrincetonPE1137.072r.tif,5169,7200,26[r]
PrincetonPE1137.072v.tif,5402,7200,[26v]
PrincetonPE1137.073r.tif,5187,7200,27[r]
PrincetonPE1137.073v.tif,5407,7200,[27v]
PrincetonPE1137.074r.tif,5218,7200,28[r]
PrincetonPE1137.074v.tif,5431,7200,[28v]
PrincetonPE1137.075r.tif,5198,7200,29[r]
PrincetonPE1137.075v.tif,5410,7200,[29v]
PrincetonPE1137.076r.tif,5200,7200,30[r]
PrincetonPE1137.076v.tif,5378,7200,[30v]
PrincetonPE1137.077r.tif,5166,7200,31[r]
PrincetonPE1137.077v.tif,5412,7200,[31v]
PrincetonPE1137.078r.tif,5176,7200,32[r]
PrincetonPE1137.078v.tif,5385,7200,[32v]
PrincetonPE1137.079r.tif,5174,7200,33[r]
PrincetonPE1137.079v.tif,5417,7200,[33v]
PrincetonPE1137.080r.tif,5175,7200,34[r]
PrincetonPE1137.080v.tif,5409,7200,[34v]
PrincetonPE1137.081r.tif,5163,7200,35[r]
PrincetonPE1137.081v.tif,5390,7200,[35v]
PrincetonPE1137.082r.tif,5176,7200,36[r]
PrincetonPE1137.082v.tif,5427,7200,[36v]
PrincetonPE1137.083r.tif,5198,7200,37[r]
PrincetonPE1137.083v.tif,5438,7200,[37v]
PrincetonPE1137.084r.tif,5185,7200,38[r]
PrincetonPE1137.084v.tif,5393,7200,[38v]
PrincetonPE1137.085r.tif,5166,7200,39[r]
PrincetonPE1137.085v.tif,5419,7200,[39v]
PrincetonPE1137.086r.tif,5196,7200,40[r]
PrincetonPE1137.086v.tif,5423,7200,[40v]
PrincetonPE1137.087r.tif,5179,7200,41[r]
PrincetonPE1137.087v.tif,5349,7200,[41v]
PrincetonPE1137.088r.tif,5183,7200,42[r]
PrincetonPE1137.088v.tif,5331,7200,[42v]
PrincetonPE1137.089r.tif,5175,7200,43[r]
PrincetonPE1137.089v.tif,5357,7200,[43v]
PrincetonPE1137.090r.tif,5171,7200,44[r]
PrincetonPE1137.090v.tif,5363,7200,[44v]
PrincetonPE1137.091r.tif,5184,7200,45[r]
PrincetonPE1137.091v.tif,5378,7200,[45v]
PrincetonPE1137.092r.tif,5175,7200,48[r]
PrincetonPE1137.092v.tif,5364,7200,[48v]
PrincetonPE1137.093r.tif,5170,7200,47[r]
PrincetonPE1137.093v.tif,5386,7200,[47v]
PrincetonPE1137.094r.tif,5185,7200,50[r]
PrincetonPE1137.094v.tif,5358,7200,[50v]
PrincetonPE1137.endmatter.flyleaf.001r.tif,5176,7200,end matter 1r
PrincetonPE1137.endmatter.flyleaf.001v.tif,5393,7200,end matter 1v
PrincetonPE1137.endmatter.flyleaf.002r.tif,5171,7200,end matter 2r
PrincetonPE1137.endmatter.flyleaf.002v.tif,5271,7200,end matter 2v
PrincetonPE1137.endmatter.pastedown.tif,5198,7200,end matter 3r
PrincetonPE1137.binding.backcover.tif,5186,7200,binding back cover
