ChChWb512.binding.frontcover.tif,4265,4505,binding front cover
ChChWb512.frontmatter.pastedown.tif,4629,4512,front matter pastedown
ChChWb512.frontmatter.flyleaf.01r.tif,4185,4304,front matter 1r
ChChWb512.frontmatter.flyleaf.01v.tif,4020,4390,front matter 1v
ChChWb512.frontmatter.flyleaf.02r.tif,4108,4390,front matter 2r
ChChWb512.frontmatter.flyleaf.02v.tif,4079,4486,front matter 2v
ChChWb512.frontmatter.flyleaf.03r.tif,4046,4409,front matter 3r
ChChWb512.frontmatter.flyleaf.03v.tif,4015,4433,front matter 3v
ChChWb512.001r.tif,4016,4405,title page
ChChWb512.001v.tif,4098,4426,[AAv]
ChChWb512.002r.tif,4076,4442,AAii
ChChWb512.002v.tif,4017,4460,[AAii[v]]
ChChWb512.003r.tif,4095,4468,AAiii
ChChWb512.003v.tif,4049,4446,[AAiii[v]]
ChChWb512.004r.tif,3996,4480,AAiiii
ChChWb512.004v.tif,4089,4423,[AAiiii[v]]
ChChWb512.005r.tif,3938,4502,[AAv]
ChChWb512.005v.tif,4091,4500,[AAv[v]]
ChChWb512.006r.tif,3977,4457,[AAvi]
ChChWb512.006v.tif,4008,4483,[AAvi[v]]
ChChWb512.007r.tif,4017,4470,[AAvii]
ChChWb512.007v.tif,4104,4499,[AAvii[v]]
ChChWb512.008r.tif,4013,4451,[AAviii]
ChChWb512.008v.tif,4101,4463,[AAviii[v]]
ChChWb512.009r.tif,4032,4388,1
ChChWb512.009v.tif,4029,4401,[1v]
ChChWb512.010r.tif,3985,4353,2
ChChWb512.010v.tif,4044,4365,[2v]
ChChWb512.011r.tif,4108,4337,3
ChChWb512.011v.tif,4061,4389,[3v]
ChChWb512.012r.tif,4068,4405,4
ChChWb512.012v.tif,4039,4411,[4v]
ChChWb512.013r.tif,4100,4374,5
ChChWb512.013v.tif,4063,4405,[5v]
ChChWb512.014r.tif,4129,4399,6
ChChWb512.014v.tif,4000,4382,[6v]
ChChWb512.015r.tif,4233,4408,7
ChChWb512.015v.tif,4081,4366,[7v]
ChChWb512.016r.tif,4352,4485,8
ChChWb512.016v.tif,4071,4370,[8v]
ChChWb512.017r.tif,4190,4391,9
ChChWb512.017v.tif,4067,4422,[9v]
ChChWb512.018r.tif,4073,4437,10
ChChWb512.018v.tif,4017,4434,[10v]
ChChWb512.019r.tif,4168,4476,11
ChChWb512.019v.tif,4020,4452,[11v]
ChChWb512.020r.tif,4240,4455,12
ChChWb512.020v.tif,4240,4455,[12v]
ChChWb512.021r.tif,4240,4455,13
ChChWb512.021v.tif,4010,4421,[13v]
ChChWb512.022r.tif,3952,4345,14
ChChWb512.022v.tif,4001,4431,[14v]
ChChWb512.023r.tif,4069,4438,15
ChChWb512.023v.tif,3949,4445,[15v]
ChChWb512.024r.tif,4055,4438,16
ChChWb512.024v.tif,4025,4443,[16v]
ChChWb512.025r.tif,4013,4418,17
ChChWb512.025v.tif,3957,4417,[17v]
ChChWb512.026r.tif,4173,4495,18
ChChWb512.026v.tif,3977,4460,[18v]
ChChWb512.027r.tif,4186,4454,19
ChChWb512.027v.tif,3932,4397,[19v]
ChChWb512.028r.tif,4179,4465,20
ChChWb512.028v.tif,3988,4415,[20v]
ChChWb512.029r.tif,4283,4513,21
ChChWb512.029v.tif,4008,4510,[21v]
ChChWb512.030r.tif,4237,4614,22
ChChWb512.030v.tif,3993,4572,[22v]
ChChWb512.031r.tif,4244,4559,23
ChChWb512.031v.tif,4055,4509,[23v]
ChChWb512.032r.tif,4193,4514,24
ChChWb512.032v.tif,3944,4468,[24v]
ChChWb512.033r.tif,4220,4528,25
ChChWb512.033v.tif,3941,4464,[25v]
ChChWb512.034r.tif,4204,4546,26
ChChWb512.034v.tif,3982,4543,[26v]
ChChWb512.035r.tif,4138,4542,27
ChChWb512.035v.tif,3941,4473,[27v]
ChChWb512.036r.tif,4198,4574,28
ChChWb512.036v.tif,3966,4484,[28v]
ChChWb512.037r.tif,4070,4517,29
ChChWb512.037v.tif,4017,4562,[29v]
ChChWb512.038r.tif,4247,4566,30
ChChWb512.038v.tif,3953,4484,[30v]
ChChWb512.039r.tif,4176,4560,31
ChChWb512.039v.tif,4027,4607,[31v]
ChChWb512.040r.tif,4240,4537,32
ChChWb512.040v.tif,3989,4548,[32v]
ChChWb512.041r.tif,4140,4582,33
ChChWb512.041v.tif,4056,4524,[33v]
ChChWb512.042r.tif,4207,4612,34
ChChWb512.042v.tif,4070,4561,[34v]
ChChWb512.043r.tif,4209,4523,35
ChChWb512.043v.tif,4066,4592,[35v]
ChChWb512.044r.tif,4239,4585,36
ChChWb512.044v.tif,4046,4562,[36v]
ChChWb512.045r.tif,4256,4524,37
ChChWb512.045v.tif,4007,4531,[37v]
ChChWb512.046r.tif,4157,4603,38
ChChWb512.046v.tif,4037,4576,[38v]
ChChWb512.047r.tif,4051,4527,39
ChChWb512.047v.tif,4024,4583,[39v]
ChChWb512.048r.tif,4062,4617,40
ChChWb512.048v.tif,3969,4568,[40v]
ChChWb512.049r.tif,4053,4559,41
ChChWb512.049v.tif,3987,4567,[41v]
ChChWb512.050r.tif,4074,4592,42
ChChWb512.050v.tif,3949,4642,[42v]
ChChWb512.051r.tif,4078,4570,43
ChChWb512.051v.tif,3942,4559,[43v]
ChChWb512.052r.tif,4015,4498,44
ChChWb512.052v.tif,3980,4552,[44v]
ChChWb512.053r.tif,4067,4527,45
ChChWb512.053v.tif,3994,4531,[45v]
ChChWb512.054r.tif,4045,4475,46
ChChWb512.054v.tif,3920,4507,[46v]
ChChWb512.055r.tif,3994,4512,47
ChChWb512.055v.tif,3966,4561,[47v]
ChChWb512.056r.tif,4056,4547,48
ChChWb512.056v.tif,3954,4503,[48v]
ChChWb512.057r.tif,3977,4546,49
ChChWb512.057v.tif,3972,4582,[49v]
ChChWb512.058r.tif,4060,4506,50
ChChWb512.058v.tif,4012,4569,[50v]
ChChWb512.059r.tif,4035,4600,51
ChChWb512.059v.tif,4045,4491,[51v]
ChChWb512.060r.tif,4044,4470,52
ChChWb512.060v.tif,3910,4496,[52v]
ChChWb512.061r.tif,3997,4538,53
ChChWb512.061v.tif,4033,4472,[53v]
ChChWb512.062r.tif,4074,4459,54
ChChWb512.062v.tif,3947,4409,[54v]
ChChWb512.063r.tif,4027,4465,55
ChChWb512.063v.tif,3989,4401,[55v]
ChChWb512.064r.tif,4003,4494,56
ChChWb512.064v.tif,3993,4488,[56v]
ChChWb512.065r.tif,4003,4502,57
ChChWb512.065v.tif,3926,4478,[57v]
ChChWb512.066r.tif,4038,4468,58
ChChWb512.066v.tif,3945,4441,[58v]
ChChWb512.067r.tif,4025,4492,59
ChChWb512.067v.tif,3877,4480,[59v]
ChChWb512.068r.tif,4016,4463,60
ChChWb512.068v.tif,3935,4489,[60v]
ChChWb512.069r.tif,3986,4447,61
ChChWb512.069v.tif,3967,4513,[61v]
ChChWb512.070r.tif,3998,4475,62
ChChWb512.070v.tif,4015,4525,[62v]
ChChWb512.071r.tif,4037,4484,63
ChChWb512.071v.tif,4070,4463,[63v]
ChChWb512.072r.tif,4062,4578,64
ChChWb512.072v.tif,4008,4509,[64v]
ChChWb512.073r.tif,4032,4544,65
ChChWb512.073v.tif,4017,4484,[65v]
ChChWb512.074r.tif,4049,4466,66
ChChWb512.074v.tif,3944,4425,[66v]
ChChWb512.075r.tif,4012,4423,67
ChChWb512.075v.tif,3975,4421,[67v]
ChChWb512.076r.tif,3980,4468,68
ChChWb512.076v.tif,3960,4508,[68v]
ChChWb512.077r.tif,4022,4527,69
ChChWb512.077v.tif,3977,4494,[69v]
ChChWb512.078r.tif,3987,4421,70
ChChWb512.078v.tif,3891,4403,[70v]
ChChWb512.079r.tif,3961,4570,71
ChChWb512.079v.tif,3894,4493,[71v]
ChChWb512.080r.tif,3999,4439,72
ChChWb512.080v.tif,3994,4476,[72v]
ChChWb512.081r.tif,3917,4360,73
ChChWb512.081v.tif,4042,4457,[73v]
ChChWb512.082r.tif,4019,4545,74
ChChWb512.082v.tif,4000,4462,[74v]
ChChWb512.083r.tif,3987,4458,75
ChChWb512.083v.tif,4027,4451,[75v]
ChChWb512.084r.tif,3995,4436,76
ChChWb512.084v.tif,3978,4502,[76v]
ChChWb512.085r.tif,3968,4493,77
ChChWb512.085v.tif,4022,4554,[77v]
ChChWb512.086r.tif,3955,4344,78
ChChWb512.086v.tif,3943,4572,[78v]
ChChWb512.087r.tif,3981,4480,79
ChChWb512.087v.tif,4016,4432,[79v]
ChChWb512.088r.tif,3935,4453,80
ChChWb512.088v.tif,3975,4521,[80v]
ChChWb512.089r.tif,4045,4476,81
ChChWb512.089v.tif,4093,4493,[81v]
ChChWb512.090r.tif,4003,4415,82
ChChWb512.090v.tif,3912,4458,[82v]
ChChWb512.091r.tif,3951,4457,83
ChChWb512.091v.tif,4025,4414,[83v]
ChChWb512.092r.tif,4035,4519,84
ChChWb512.092v.tif,4121,4549,[84v]
ChChWb512.093r.tif,4006,4546,85
ChChWb512.093v.tif,4100,4514,[85v]
ChChWb512.094r.tif,3945,4461,86
ChChWb512.094v.tif,4031,4465,[86v]
ChChWb512.095r.tif,3945,4496,87
ChChWb512.095v.tif,4040,4466,[87v]
ChChWb512.096r.tif,4008,4419,88
ChChWb512.096v.tif,3976,4479,[88v]
ChChWb512.097r.tif,4036,4503,89
ChChWb512.097v.tif,4052,4470,[89v]
ChChWb512.098r.tif,4099,4436,90
ChChWb512.098v.tif,3987,4531,[90v]
ChChWb512.099r.tif,4032,4493,91
ChChWb512.099v.tif,3997,4430,[91v]
ChChWb512.100r.tif,4046,4487,92
ChChWb512.100v.tif,3990,4475,[92v]
ChChWb512.101r.tif,4045,4450,93
ChChWb512.101v.tif,4057,4442,[93v]
ChChWb512.102r.tif,4064,4511,94
ChChWb512.102v.tif,4098,4448,[94v]
ChChWb512.103r.tif,3988,4470,95
ChChWb512.103v.tif,4008,4458,[95v]
ChChWb512.104r.tif,3983,4410,96
ChChWb512.104v.tif,4049,4455,[96v]
ChChWb512.105r.tif,4040,4473,97
ChChWb512.105v.tif,4095,4509,[97v]
ChChWb512.106r.tif,4001,4462,98
ChChWb512.106v.tif,4034,4502,[98v]
ChChWb512.107r.tif,4055,4500,99
ChChWb512.107v.tif,4070,4407,[99v]
ChChWb512.108r.tif,4042,4483,100
ChChWb512.108v.tif,4055,4474,[100v]
ChChWb512.109r.tif,4043,4491,101
ChChWb512.109v.tif,4092,4474,[101v]
ChChWb512.endmatter.flyleaf.01r.tif,4051,4477,end matter 1r
ChChWb512.endmatter.flyleaf.01v.tif,4162,4512,end matter 1v
ChChWb512.endmatter.flyleaf.02r.tif,4115,4495,end matter 2r
ChChWb512.endmatter.flyleaf.02v.tif,4113,4524,end matter 2v
ChChWb512.endmatter.flyleaf.03r.tif,4093,4479,end matter 3r
ChChWb512.endmatter.flyleaf.03v.tif,4055,4492,end matter 3v
ChChWb512.endmatter.flyleaf.04r.tif,4102,4466,end matter 4r
ChChWb512.endmatter.flyleaf.04v.tif,4208,4549,end matter 4v
ChChWb512.endmatter.pastedown.tif,4588,4506,end matter pastedown
ChChWb512.binding.backcover.tif,4588,4670,binding back cover
