RCP10549-50v1.binding.frontcover.tif,3084,4500,binding front cover
RCP10549-50v1.frontmatter.pastedown.tif,3131,4500,front matter pastedown
RCP10549-50v1.frontmatter.flyleaf.001r.tif,3251,4500,front matter 1r
RCP10549-50v1.frontmatter.flyleaf.001v.tif,3101,4500,front matter 1v
RCP10549-50v1.frontmatter.flyleaf.002r.tif,3251,4500,front matter 2r
RCP10549-50v1.frontmatter.flyleaf.002v.tif,3101,4500,front matter 2v
RCP10549-50v1.frontmatter.flyleaf.003r.tif,3251,4500,front matter 3r
RCP10549-50v1.frontmatter.flyleaf.003v.tif,3101,4500,front matter 3v
RCP10549-50v1.001r.tif,3251,4500,title page
RCP10549-50v1.001v.tif,3101,4500,title page verso
RCP10549-50v1.002r.tif,3251,4500,*.ii
RCP10549-50v1.002v.tif,3122,4500,[*.ii[v]]
RCP10549-50v1.003r.tif,3251,4500,*.iii
RCP10549-50v1.003v.tif,3122,4500,[*.iii[v]]
RCP10549-50v1.004r.tif,3251,4500,*.iiii
RCP10549-50v1.004v.tif,3122,4500,[*.iiii[v]]
RCP10549-50v1.005r.tif,3251,4500,*.v
RCP10549-50v1.005v.tif,3122,4500,[*.v[v]]
RCP10549-50v1.006r.tif,3251,4500,*.vi
RCP10549-50v1.006v.tif,3122,4500,[*.vi[v]]
RCP10549-50v1.007r.tif,3251,4500,*.vii
RCP10549-50v1.007v.tif,3122,4500,[*.vii[v]]
RCP10549-50v1.008r.tif,3252,4500,*.viii
RCP10549-50v1.008v.tif,3122,4500,[*.viii[v]]
RCP10549-50v1.009r.tif,3252,4500,title page
RCP10549-50v1.009v.tif,3122,4500,title page verso
RCP10549-50v1.010r.tif,3252,4500,3
RCP10549-50v1.010v.tif,3122,4500,4
RCP10549-50v1.011r.tif,3252,4500,5
RCP10549-50v1.011v.tif,3122,4500,6
RCP10549-50v1.012r.tif,3252,4500,7
RCP10549-50v1.012v.tif,3122,4500,8
RCP10549-50v1.013r.tif,3252,4500,9
RCP10549-50v1.013v.tif,3122,4500,10
RCP10549-50v1.014r.tif,3252,4500,11
RCP10549-50v1.014v.tif,3122,4500,12
RCP10549-50v1.015r.tif,3252,4500,13
RCP10549-50v1.015v.tif,3122,4500,14
RCP10549-50v1.016r.tif,3252,4500,15
RCP10549-50v1.016v.tif,3122,4500,16
RCP10549-50v1.017r.tif,3252,4500,17
RCP10549-50v1.017v.tif,3122,4500,18
RCP10549-50v1.018r.tif,3252,4500,19
RCP10549-50v1.018v.tif,3122,4500,20
RCP10549-50v1.019r.tif,3252,4500,21
RCP10549-50v1.019v.tif,3122,4500,22
RCP10549-50v1.020r.tif,3252,4500,23
RCP10549-50v1.020v.tif,3122,4500,24
RCP10549-50v1.021r.tif,3252,4500,25
RCP10549-50v1.021v.tif,3122,4500,26
RCP10549-50v1.022r.tif,3252,4500,27
RCP10549-50v1.022v.tif,3122,4500,28
RCP10549-50v1.023r.tif,3252,4500,29
RCP10549-50v1.023v.tif,3122,4500,30
RCP10549-50v1.024r.tif,3252,4500,31
RCP10549-50v1.024v.tif,3122,4500,32
RCP10549-50v1.025r.tif,3252,4500,32
RCP10549-50v1.025v.tif,3122,4500,34
RCP10549-50v1.026r.tif,3252,4500,35
RCP10549-50v1.026v.tif,3122,4500,36
RCP10549-50v1.027r.tif,3252,4500,37
RCP10549-50v1.027v.tif,3122,4500,38
RCP10549-50v1.028r.tif,3247,4500,39
RCP10549-50v1.028v.tif,3122,4500,40
RCP10549-50v1.029r.tif,3247,4500,41
RCP10549-50v1.029v.tif,3122,4500,42
RCP10549-50v1.030r.tif,3247,4500,43
RCP10549-50v1.030v.tif,3122,4500,44
RCP10549-50v1.031r.tif,3247,4500,45
RCP10549-50v1.031v.tif,3122,4500,46
RCP10549-50v1.032r.tif,3247,4500,47
RCP10549-50v1.032v.tif,3140,4500,48
RCP10549-50v1.033r.tif,3247,4500,49
RCP10549-50v1.033v.tif,3140,4500,50
RCP10549-50v1.034r.tif,3247,4500,51
RCP10549-50v1.034v.tif,3140,4500,52
RCP10549-50v1.035r.tif,3247,4500,53
RCP10549-50v1.035v.tif,3140,4500,54
RCP10549-50v1.036r.tif,3247,4500,55
RCP10549-50v1.036v.tif,3140,4500,56
RCP10549-50v1.037r.tif,3247,4500,57
RCP10549-50v1.037v.tif,3140,4500,58
RCP10549-50v1.038r.tif,3247,4500,59
RCP10549-50v1.038v.tif,3140,4500,60
RCP10549-50v1.039r.tif,3247,4500,61
RCP10549-50v1.039v.tif,3140,4500,62
RCP10549-50v1.040r.tif,3247,4500,63
RCP10549-50v1.040v.tif,3140,4500,64
RCP10549-50v1.041r.tif,3247,4500,65
RCP10549-50v1.041v.tif,3140,4500,66
RCP10549-50v1.042r.tif,3247,4500,67
RCP10549-50v1.042v.tif,3140,4500,68
RCP10549-50v1.043r.tif,3247,4500,67
RCP10549-50v1.043v.tif,3140,4500,68
RCP10549-50v1.044r.tif,3247,4500,69
RCP10549-50v1.044v.tif,3140,4500,70
RCP10549-50v1.045r.tif,3247,4500,71
RCP10549-50v1.045v.tif,3140,4500,72
RCP10549-50v1.046r.tif,3247,4500,73
RCP10549-50v1.046v.tif,3140,4500,74
RCP10549-50v1.047r.tif,3247,4500,75
RCP10549-50v1.047v.tif,3140,4500,76
RCP10549-50v1.048r.tif,3247,4500,77
RCP10549-50v1.048v.tif,3140,4500,78
RCP10549-50v1.049r.tif,3247,4500,77
RCP10549-50v1.049v.tif,3140,4500,78
RCP10549-50v1.050r.tif,3247,4500,79
RCP10549-50v1.050v.tif,3140,4500,80
RCP10549-50v1.051r.tif,3247,4500,81
RCP10549-50v1.051v.tif,3140,4500,82
RCP10549-50v1.052r.tif,3247,4500,83
RCP10549-50v1.052v.tif,3140,4500,84
RCP10549-50v1.053r.tif,3247,4500,85
RCP10549-50v1.053v.tif,3140,4500,86
RCP10549-50v1.054r.tif,3247,4500,87
RCP10549-50v1.054v.tif,3140,4500,88
RCP10549-50v1.055r.tif,3247,4500,89
RCP10549-50v1.055v.tif,3140,4500,90
RCP10549-50v1.056r.tif,3247,4500,91
RCP10549-50v1.056v.tif,3140,4500,92
RCP10549-50v1.057r.tif,3247,4500,93
RCP10549-50v1.057v.tif,3140,4500,94
RCP10549-50v1.058r.tif,3247,4500,95
RCP10549-50v1.058v.tif,3140,4500,96
RCP10549-50v1.059r.tif,3247,4500,97
RCP10549-50v1.059v.tif,3140,4500,98
RCP10549-50v1.060r.tif,3247,4500,99
RCP10549-50v1.060v.tif,3147,4500,100
RCP10549-50v1.061r.tif,3167,4500,101
RCP10549-50v1.061v.tif,3147,4500,102
RCP10549-50v1.062r.tif,3167,4500,103
RCP10549-50v1.062v.tif,3147,4500,104
RCP10549-50v1.063r.tif,3167,4500,105
RCP10549-50v1.063v.tif,3147,4500,106
RCP10549-50v1.064r.tif,3167,4500,107
RCP10549-50v1.064v.tif,3147,4500,108
RCP10549-50v1.065r.tif,3167,4500,109
RCP10549-50v1.065v.tif,3147,4500,110
RCP10549-50v1.066r.tif,3167,4500,111
RCP10549-50v1.066v.tif,3147,4500,112
RCP10549-50v1.067r.tif,3167,4500,113
RCP10549-50v1.067v.tif,3147,4500,114
RCP10549-50v1.068r.tif,3167,4500,115
RCP10549-50v1.068v.tif,3147,4500,116
RCP10549-50v1.069r.tif,3167,4500,117
RCP10549-50v1.069v.tif,3147,4500,118
RCP10549-50v1.070r.tif,3167,4500,119
RCP10549-50v1.070v.tif,3147,4500,120
RCP10549-50v1.071r.tif,3167,4500,121
RCP10549-50v1.071v.tif,3147,4500,122
RCP10549-50v1.072r.tif,3167,4500,123
RCP10549-50v1.072v.tif,3147,4500,124
RCP10549-50v1.073r.tif,3167,4500,125
RCP10549-50v1.073v.tif,3147,4500,126
RCP10549-50v1.074r.tif,3167,4500,127
RCP10549-50v1.074v.tif,3147,4500,128
RCP10549-50v1.075r.tif,3167,4500,129
RCP10549-50v1.075v.tif,3147,4500,130
RCP10549-50v1.076r.tif,3167,4500,131
RCP10549-50v1.076v.tif,3147,4500,132
RCP10549-50v1.077r.tif,3167,4500,133
RCP10549-50v1.077v.tif,3147,4500,134
RCP10549-50v1.078r.tif,3167,4500,135
RCP10549-50v1.078v.tif,3147,4500,136
RCP10549-50v1.079r.tif,3167,4500,137
RCP10549-50v1.079v.tif,3147,4500,138
RCP10549-50v1.080r.tif,3167,4500,139
RCP10549-50v1.080v.tif,3147,4500,140
RCP10549-50v1.081r.tif,3167,4500,141
RCP10549-50v1.081v.tif,3147,4500,142
RCP10549-50v1.082r.tif,3167,4500,143
RCP10549-50v1.082v.tif,3147,4500,144
RCP10549-50v1.083r.tif,3167,4500,145
RCP10549-50v1.083v.tif,3147,4500,146
RCP10549-50v1.084r.tif,3167,4500,147
RCP10549-50v1.084v.tif,3206,4500,148
RCP10549-50v1.085r.tif,3167,4500,149
RCP10549-50v1.085v.tif,3206,4500,150
RCP10549-50v1.086r.tif,3167,4500,151
RCP10549-50v1.086v.tif,3206,4500,152
RCP10549-50v1.087r.tif,3167,4500,153
RCP10549-50v1.087v.tif,3206,4500,154
RCP10549-50v1.088r.tif,3167,4500,155
RCP10549-50v1.088v.tif,3206,4500,156
RCP10549-50v1.089r.tif,3167,4500,157
RCP10549-50v1.089v.tif,3206,4500,158
RCP10549-50v1.090r.tif,3167,4500,159
RCP10549-50v1.090v.tif,3206,4500,160
RCP10549-50v1.091r.tif,3167,4500,161
RCP10549-50v1.091v.tif,3206,4500,162
RCP10549-50v1.092r.tif,3167,4500,163
RCP10549-50v1.092v.tif,3206,4500,164
RCP10549-50v1.093r.tif,3167,4500,165
RCP10549-50v1.093v.tif,3206,4500,166
RCP10549-50v1.094r.tif,3167,4500,167
RCP10549-50v1.094v.tif,3206,4500,168
RCP10549-50v1.095r.tif,3167,4500,169
RCP10549-50v1.095v.tif,3206,4500,170
RCP10549-50v1.096r.tif,3167,4500,171
RCP10549-50v1.096v.tif,3206,4500,172
RCP10549-50v1.097r.tif,3167,4500,173
RCP10549-50v1.097v.tif,3229,4500,174
RCP10549-50v1.098r.tif,3074,4500,175
RCP10549-50v1.098v.tif,3229,4500,176
RCP10549-50v1.099r.tif,3074,4500,177
RCP10549-50v1.099v.tif,3229,4500,178
RCP10549-50v1.100r.tif,3074,4500,179
RCP10549-50v1.100v.tif,3229,4500,180
RCP10549-50v1.101r.tif,3074,4500,181
RCP10549-50v1.101v.tif,3229,4500,182
RCP10549-50v1.102r.tif,3074,4500,183
RCP10549-50v1.102v.tif,3229,4500,184
RCP10549-50v1.103r.tif,3074,4500,185
RCP10549-50v1.103v.tif,3229,4500,186
RCP10549-50v1.104r.tif,3074,4500,187
RCP10549-50v1.104v.tif,3229,4500,188
RCP10549-50v1.105r.tif,3074,4500,189
RCP10549-50v1.105v.tif,3229,4500,190
RCP10549-50v1.106r.tif,3074,4500,191
RCP10549-50v1.106v.tif,3229,4500,192
RCP10549-50v1.107r.tif,3074,4500,193
RCP10549-50v1.107v.tif,3229,4500,194
RCP10549-50v1.108r.tif,3074,4500,195
RCP10549-50v1.108v.tif,3229,4500,196
RCP10549-50v1.109r.tif,3074,4500,197
RCP10549-50v1.109v.tif,3229,4500,198
RCP10549-50v1.110r.tif,3074,4500,199
RCP10549-50v1.110v.tif,3192,4500,200
RCP10549-50v1.111r.tif,3381,4500,201
RCP10549-50v1.111v.tif,3192,4500,202
RCP10549-50v1.112r.tif,3381,4500,203
RCP10549-50v1.112v.tif,3192,4500,204
RCP10549-50v1.113r.tif,3381,4500,205
RCP10549-50v1.113v.tif,3192,4500,206
RCP10549-50v1.114r.tif,3381,4500,207
RCP10549-50v1.114v.tif,3192,4500,208
RCP10549-50v1.115r.tif,3381,4500,209
RCP10549-50v1.115v.tif,3192,4500,210
RCP10549-50v1.116r.tif,3381,4500,211
RCP10549-50v1.116v.tif,3192,4500,212
RCP10549-50v1.117r.tif,3381,4500,213
RCP10549-50v1.117v.tif,3192,4500,214
RCP10549-50v1.118r.tif,3381,4500,215
RCP10549-50v1.118v.tif,3192,4500,216
RCP10549-50v1.119r.tif,3381,4500,217
RCP10549-50v1.119v.tif,3192,4500,218
RCP10549-50v1.120r.tif,3381,4500,219
RCP10549-50v1.120v.tif,3192,4500,220
RCP10549-50v1.121r.tif,3381,4500,221
RCP10549-50v1.121v.tif,3192,4500,222
RCP10549-50v1.122r.tif,3381,4500,223
RCP10549-50v1.122v.tif,3192,4500,224
RCP10549-50v1.123r.tif,3381,4500,225
RCP10549-50v1.123v.tif,3192,4500,226
RCP10549-50v1.124r.tif,3381,4500,227
RCP10549-50v1.124v.tif,3192,4500,228
RCP10549-50v1.125r.tif,3381,4500,229
RCP10549-50v1.125v.tif,3192,4500,230
RCP10549-50v1.126r.tif,3381,4500,231
RCP10549-50v1.126v.tif,3192,4500,232
RCP10549-50v1.127r.tif,3381,4500,233
RCP10549-50v1.127v.tif,3192,4500,234
RCP10549-50v1.128r.tif,3381,4500,235
RCP10549-50v1.128v.tif,3192,4500,236
RCP10549-50v1.129r.tif,3328,4500,237
RCP10549-50v1.129v.tif,3192,4500,238
RCP10549-50v1.130r.tif,3328,4500,239
RCP10549-50v1.130v.tif,3192,4500,240
RCP10549-50v1.131r.tif,3328,4500,241
RCP10549-50v1.131v.tif,3192,4500,242
RCP10549-50v1.132r.tif,3352,4500,243
RCP10549-50v1.132v.tif,3192,4500,244
RCP10549-50v1.133r.tif,3352,4500,245
RCP10549-50v1.133v.tif,3192,4500,246
RCP10549-50v1.134r.tif,3352,4500,247
RCP10549-50v1.134v.tif,3192,4500,248
RCP10549-50v1.135r.tif,3352,4500,249
RCP10549-50v1.135v.tif,3192,4500,250
RCP10549-50v1.136r.tif,3352,4500,251
RCP10549-50v1.136v.tif,3192,4500,252
RCP10549-50v1.137r.tif,3352,4500,253
RCP10549-50v1.137v.tif,3192,4500,254
RCP10549-50v1.138r.tif,3352,4500,255
RCP10549-50v1.138v.tif,3192,4500,256
RCP10549-50v1.139r.tif,3352,4500,257
RCP10549-50v1.139v.tif,3192,4500,258
RCP10549-50v1.140r.tif,3352,4500,259
RCP10549-50v1.140v.tif,3192,4500,260
RCP10549-50v1.141r.tif,3352,4500,261
RCP10549-50v1.141v.tif,3202,4500,262
RCP10549-50v1.142r.tif,3352,4500,263
RCP10549-50v1.142v.tif,3202,4500,264
RCP10549-50v1.143r.tif,3352,4500,265
RCP10549-50v1.143v.tif,3202,4500,266
RCP10549-50v1.144r.tif,3352,4500,267
RCP10549-50v1.144v.tif,3202,4500,268
RCP10549-50v1.145r.tif,3352,4500,269
RCP10549-50v1.145v.tif,3202,4500,270
RCP10549-50v1.146r.tif,3352,4500,271
RCP10549-50v1.146v.tif,3202,4500,272
RCP10549-50v1.147r.tif,3352,4500,273
RCP10549-50v1.147v.tif,3202,4500,274
RCP10549-50v1.148r.tif,3352,4500,275
RCP10549-50v1.148v.tif,3202,4500,276
RCP10549-50v1.149r.tif,3352,4500,277
RCP10549-50v1.149v.tif,3202,4500,278
RCP10549-50v1.150r.tif,3352,4500,279
RCP10549-50v1.150v.tif,3202,4500,280
RCP10549-50v1.151r.tif,3352,4500,281
RCP10549-50v1.151v.tif,3202,4500,282
RCP10549-50v1.152r.tif,3352,4500,283
RCP10549-50v1.152v.tif,3202,4500,284
RCP10549-50v1.153r.tif,3352,4500,285
RCP10549-50v1.153v.tif,3202,4500,286
RCP10549-50v1.154r.tif,3352,4500,287
RCP10549-50v1.154v.tif,3202,4500,288
RCP10549-50v1.155r.tif,3352,4500,289
RCP10549-50v1.155v.tif,3202,4500,290
RCP10549-50v1.156r.tif,3352,4500,291
RCP10549-50v1.156v.tif,3220,4500,292
RCP10549-50v1.157r.tif,3352,4500,293
RCP10549-50v1.157v.tif,3220,4500,294
RCP10549-50v1.158r.tif,3352,4500,295
RCP10549-50v1.158v.tif,3220,4500,296
RCP10549-50v1.159r.tif,3352,4500,297
RCP10549-50v1.159v.tif,3220,4500,298
RCP10549-50v1.160r.tif,3352,4500,299
RCP10549-50v1.160v.tif,3220,4500,300
RCP10549-50v1.161r.tif,3352,4500,301
RCP10549-50v1.161v.tif,3220,4500,302
RCP10549-50v1.162r.tif,3352,4500,303
RCP10549-50v1.162v.tif,3220,4500,304
RCP10549-50v1.163r.tif,3352,4500,305
RCP10549-50v1.163v.tif,3220,4500,306
RCP10549-50v1.164r.tif,3352,4500,307
RCP10549-50v1.164v.tif,3220,4500,308
RCP10549-50v1.165r.tif,3352,4500,309
RCP10549-50v1.165v.tif,3220,4500,310
RCP10549-50v1.166r.tif,3352,4500,311
RCP10549-50v1.166v.tif,3220,4500,312
RCP10549-50v1.167r.tif,3352,4500,313
RCP10549-50v1.167v.tif,3220,4500,314
RCP10549-50v1.168r.tif,3352,4500,315
RCP10549-50v1.168v.tif,3220,4500,316
RCP10549-50v1.169r.tif,3352,4500,317
RCP10549-50v1.169v.tif,3220,4500,318
RCP10549-50v1.170r.tif,3352,4500,319
RCP10549-50v1.170v.tif,3220,4500,320
RCP10549-50v1.171r.tif,3352,4500,321
RCP10549-50v1.171v.tif,3220,4500,322
RCP10549-50v1.172r.tif,3352,4500,323
RCP10549-50v1.172v.tif,3220,4500,324
RCP10549-50v1.173r.tif,3352,4500,325
RCP10549-50v1.173v.tif,3220,4500,326
RCP10549-50v1.174r.tif,3352,4500,327
RCP10549-50v1.174v.tif,3220,4500,328
RCP10549-50v1.175r.tif,3352,4500,329
RCP10549-50v1.175v.tif,3220,4500,330
RCP10549-50v1.176r.tif,3352,4500,331
RCP10549-50v1.176v.tif,3220,4500,332
RCP10549-50v1.177r.tif,3352,4500,333
RCP10549-50v1.177v.tif,3220,4500,134
RCP10549-50v1.178r.tif,3352,4500,335
RCP10549-50v1.178v.tif,3220,4500,336
RCP10549-50v1.179r.tif,3352,4500,337
RCP10549-50v1.179v.tif,3220,4500,338
RCP10549-50v1.180r.tif,3352,4500,339
RCP10549-50v1.180v.tif,3220,4500,340
RCP10549-50v1.181r.tif,3352,4500,341
RCP10549-50v1.181v.tif,3220,4500,342
RCP10549-50v1.182r.tif,3352,4500,343
RCP10549-50v1.182v.tif,3220,4500,344
RCP10549-50v1.183r.tif,3352,4500,345
RCP10549-50v1.183v.tif,3220,4500,346
RCP10549-50v1.184r.tif,3352,4500,347
RCP10549-50v1.184v.tif,3220,4500,348
RCP10549-50v1.185r.tif,3352,4500,349
RCP10549-50v1.185v.tif,3249,4500,350
RCP10549-50v1.186r.tif,3352,4500,351
RCP10549-50v1.186v.tif,3249,4500,352
RCP10549-50v1.187r.tif,3352,4500,353
RCP10549-50v1.187v.tif,3249,4500,354
RCP10549-50v1.188r.tif,3352,4500,355
RCP10549-50v1.188v.tif,3249,4500,356
RCP10549-50v1.189r.tif,3352,4500,357
RCP10549-50v1.189v.tif,3249,4500,358
RCP10549-50v1.190r.tif,3352,4500,359
RCP10549-50v1.190v.tif,3249,4500,360
RCP10549-50v1.191r.tif,3352,4500,361
RCP10549-50v1.191v.tif,3249,4500,362
RCP10549-50v1.192r.tif,3352,4500,363
RCP10549-50v1.192v.tif,3249,4500,364
RCP10549-50v1.193r.tif,3352,4500,365
RCP10549-50v1.193v.tif,3249,4500,366
RCP10549-50v1.194r.tif,3352,4500,367
RCP10549-50v1.194v.tif,3249,4500,368
RCP10549-50v1.195r.tif,3352,4500,369
RCP10549-50v1.195v.tif,3249,4500,370
RCP10549-50v1.196r.tif,3352,4500,371
RCP10549-50v1.196v.tif,3249,4500,372
RCP10549-50v1.197r.tif,3352,4500,373
RCP10549-50v1.197v.tif,3295,4500,374
RCP10549-50v1.198r.tif,3275,4500,375
RCP10549-50v1.198v.tif,3295,4500,376
RCP10549-50v1.199r.tif,3275,4500,377
RCP10549-50v1.199v.tif,3295,4500,378
RCP10549-50v1.200r.tif,3275,4500,379
RCP10549-50v1.200v.tif,3295,4500,380
RCP10549-50v1.201r.tif,3275,4500,381
RCP10549-50v1.201v.tif,3295,4500,382
RCP10549-50v1.202r.tif,3275,4500,383
RCP10549-50v1.202v.tif,3295,4500,384
RCP10549-50v1.203r.tif,3275,4500,385
RCP10549-50v1.203v.tif,3295,4500,386
RCP10549-50v1.204r.tif,3275,4500,387
RCP10549-50v1.204v.tif,3295,4500,388
RCP10549-50v1.205r.tif,3275,4500,389
RCP10549-50v1.205v.tif,3295,4500,390
RCP10549-50v1.206r.tif,3275,4500,391
RCP10549-50v1.206v.tif,3295,4500,392
RCP10549-50v1.207r.tif,3275,4500,393
RCP10549-50v1.207v.tif,3295,4500,394
RCP10549-50v1.208r.tif,3275,4500,395
RCP10549-50v1.208v.tif,3295,4500,396
RCP10549-50v1.209r.tif,3275,4500,397
RCP10549-50v1.209v.tif,3295,4500,398
RCP10549-50v1.210r.tif,3275,4500,399
RCP10549-50v1.210v.tif,3312,4500,400
RCP10549-50v1.211r.tif,3275,4500,401
RCP10549-50v1.211v.tif,3281,4500,402
RCP10549-50v1.212r.tif,3275,4500,403
RCP10549-50v1.212v.tif,3321,4500,404
RCP10549-50v1.213r.tif,3275,4500,405
RCP10549-50v1.213v.tif,3281,4500,406
RCP10549-50v1.214r.tif,3275,4500,407
RCP10549-50v1.214v.tif,3281,4500,408
RCP10549-50v1.215r.tif,3275,4500,409
RCP10549-50v1.215v.tif,3281,4500,410
RCP10549-50v1.216r.tif,3275,4500,411
RCP10549-50v1.216v.tif,3281,4500,412
RCP10549-50v1.217r.tif,3275,4500,413
RCP10549-50v1.217v.tif,3281,4500,414
RCP10549-50v1.218r.tif,3275,4500,415
RCP10549-50v1.218v.tif,3281,4500,416
RCP10549-50v1.219r.tif,3275,4500,417
RCP10549-50v1.219v.tif,3281,4500,418
RCP10549-50v1.220r.tif,3275,4500,419
RCP10549-50v1.220v.tif,3281,4500,420
RCP10549-50v1.221r.tif,3275,4500,421
RCP10549-50v1.221v.tif,3281,4500,422
RCP10549-50v1.222r.tif,3275,4500,423
RCP10549-50v1.222v.tif,3281,4500,424
RCP10549-50v1.223r.tif,3275,4500,425
RCP10549-50v1.223v.tif,3281,4500,426
RCP10549-50v1.224r.tif,3275,4500,427
RCP10549-50v1.224v.tif,3281,4500,428
RCP10549-50v1.225r.tif,3275,4500,429
RCP10549-50v1.225v.tif,3281,4500,430
RCP10549-50v1.226r.tif,3275,4500,431
RCP10549-50v1.226v.tif,3281,4500,432
RCP10549-50v1.227r.tif,3275,4500,433
RCP10549-50v1.227v.tif,3281,4500,434
RCP10549-50v1.228r.tif,3275,4500,435
RCP10549-50v1.228v.tif,3338,4500,436
RCP10549-50v1.229r.tif,3275,4500,437
RCP10549-50v1.229v.tif,3281,4500,438
RCP10549-50v1.230r.tif,3275,4500,439
RCP10549-50v1.230v.tif,3281,4500,440
RCP10549-50v1.231r.tif,3275,4500,441
RCP10549-50v1.231v.tif,3281,4500,442
RCP10549-50v1.232r.tif,3275,4500,443
RCP10549-50v1.232v.tif,3281,4500,444
RCP10549-50v1.233r.tif,3275,4500,445
RCP10549-50v1.233v.tif,3281,4500,446
RCP10549-50v1.234r.tif,3275,4500,447
RCP10549-50v1.234v.tif,3281,4500,448
RCP10549-50v1.235r.tif,3275,4500,449
RCP10549-50v1.235v.tif,3281,4500,450
RCP10549-50v1.236r.tif,3275,4500,451
RCP10549-50v1.236v.tif,3281,4500,452
RCP10549-50v1.237r.tif,3275,4500,453
RCP10549-50v1.237v.tif,3281,4500,454
RCP10549-50v1.238r.tif,3275,4500,455
RCP10549-50v1.238v.tif,3281,4500,456
RCP10549-50v1.239r.tif,3275,4500,457
RCP10549-50v1.239v.tif,3281,4500,458
RCP10549-50v1.240r.tif,3275,4500,459
RCP10549-50v1.240v.tif,3281,4500,460
RCP10549-50v1.241r.tif,3275,4500,461
RCP10549-50v1.241v.tif,3281,4500,462
RCP10549-50v1.242r.tif,3275,4500,463
RCP10549-50v1.242v.tif,3281,4500,464
RCP10549-50v1.243r.tif,3275,4500,465
RCP10549-50v1.243v.tif,3281,4500,466
RCP10549-50v1.244r.tif,3275,4500,467
RCP10549-50v1.244v.tif,3352,4500,468
RCP10549-50v1.245r.tif,3275,4500,469
RCP10549-50v1.245v.tif,3281,4500,470
RCP10549-50v1.246r.tif,3275,4500,471
RCP10549-50v1.246v.tif,3281,4500,472
RCP10549-50v1.247r.tif,3275,4500,473
RCP10549-50v1.247v.tif,3281,4500,474
RCP10549-50v1.248r.tif,3275,4500,475
RCP10549-50v1.248v.tif,3281,4500,476
RCP10549-50v1.249r.tif,3275,4500,477
RCP10549-50v1.249v.tif,3281,4500,478
RCP10549-50v1.250r.tif,3275,4500,478
RCP10549-50v1.250v.tif,3363,4500,480
RCP10549-50v1.251r.tif,3275,4500,481
RCP10549-50v1.251v.tif,3363,4500,482
RCP10549-50v1.252r.tif,3275,4500,483
RCP10549-50v1.252v.tif,3363,4500,484
RCP10549-50v1.253r.tif,3275,4500,485
RCP10549-50v1.253v.tif,3339,4500,486
RCP10549-50v1.254r.tif,3274,4500,487
RCP10549-50v1.254v.tif,3339,4500,488
RCP10549-50v1.255r.tif,3274,4500,489
RCP10549-50v1.255v.tif,3339,4500,490
RCP10549-50v1.256r.tif,3274,4500,491
RCP10549-50v1.256v.tif,3339,4500,492
RCP10549-50v1.257r.tif,3274,4500,493
RCP10549-50v1.257v.tif,3339,4500,494
RCP10549-50v1.258r.tif,3274,4500,495
RCP10549-50v1.258v.tif,3339,4500,496
RCP10549-50v1.259r.tif,3274,4500,497
RCP10549-50v1.259v.tif,3339,4500,498
RCP10549-50v1.260r.tif,3274,4500,499
RCP10549-50v1.260v.tif,3320,4500,500
RCP10549-50v1.261r.tif,3274,4500,501
RCP10549-50v1.261v.tif,3339,4500,502
RCP10549-50v1.262r.tif,3274,4500,503
RCP10549-50v1.262v.tif,3339,4500,504
RCP10549-50v1.263r.tif,3274,4500,505
RCP10549-50v1.263v.tif,3339,4500,506
RCP10549-50v1.264r.tif,3274,4500,507
RCP10549-50v1.264v.tif,3339,4500,508
RCP10549-50v1.265r.tif,3274,4500,509
RCP10549-50v1.265v.tif,3339,4500,510
RCP10549-50v1.266r.tif,3274,4500,511
RCP10549-50v1.266v.tif,3339,4500,512
RCP10549-50v1.267r.tif,3274,4500,513
RCP10549-50v1.267v.tif,3339,4500,514
RCP10549-50v1.268r.tif,3274,4500,515
RCP10549-50v1.268v.tif,3339,4500,516
RCP10549-50v1.269r.tif,3274,4500,517
RCP10549-50v1.269v.tif,3339,4500,518
RCP10549-50v1.270r.tif,3274,4500,519
RCP10549-50v1.270v.tif,3339,4500,520
RCP10549-50v1.271r.tif,3274,4500,521
RCP10549-50v1.271v.tif,3339,4500,522
RCP10549-50v1.272r.tif,3274,4500,523
RCP10549-50v1.272v.tif,3339,4500,524
RCP10549-50v1.273r.tif,3274,4500,525
RCP10549-50v1.273v.tif,3339,4500,526
RCP10549-50v1.274r.tif,3274,4500,527
RCP10549-50v1.274v.tif,3339,4500,528
RCP10549-50v1.275r.tif,3274,4500,529
RCP10549-50v1.275v.tif,3339,4500,530
RCP10549-50v1.276r.tif,3274,4500,531
RCP10549-50v1.276v.tif,3363,4500,532
RCP10549-50v1.277r.tif,3221,4500,533
RCP10549-50v1.277v.tif,3339,4500,534
RCP10549-50v1.278r.tif,3221,4500,535
RCP10549-50v1.278v.tif,3339,4500,536
RCP10549-50v1.279r.tif,3221,4500,537
RCP10549-50v1.279v.tif,3339,4500,538
RCP10549-50v1.280r.tif,3221,4500,539
RCP10549-50v1.280v.tif,3375,4500,540
RCP10549-50v1.281r.tif,3221,4500,541
RCP10549-50v1.281v.tif,3375,4500,542
RCP10549-50v1.282r.tif,3221,4500,543
RCP10549-50v1.282v.tif,3375,4500,544
RCP10549-50v1.283r.tif,3221,4500,545
RCP10549-50v1.283v.tif,3375,4500,546
RCP10549-50v1.284r.tif,3221,4500,547
RCP10549-50v1.284v.tif,3375,4500,548
RCP10549-50v1.285r.tif,3221,4500,549
RCP10549-50v1.285v.tif,3375,4500,551
RCP10549-50v1.286r.tif,3221,4500,551
RCP10549-50v1.286v.tif,3375,4500,552
RCP10549-50v1.287r.tif,3221,4500,553
RCP10549-50v1.287v.tif,3375,4500,554
RCP10549-50v1.288r.tif,3221,4500,555
RCP10549-50v1.288v.tif,3375,4500,556
RCP10549-50v1.289r.tif,3221,4500,557
RCP10549-50v1.289v.tif,3375,4500,558
RCP10549-50v1.290r.tif,3221,4500,559
RCP10549-50v1.290v.tif,3375,4500,560
RCP10549-50v1.291r.tif,3221,4500,561
RCP10549-50v1.291v.tif,3375,4500,562
RCP10549-50v1.292r.tif,3221,4500,563
RCP10549-50v1.292v.tif,3361,4500,564
RCP10549-50v1.293r.tif,3221,4500,565
RCP10549-50v1.293v.tif,3375,4500,566
RCP10549-50v1.294r.tif,3221,4500,567
RCP10549-50v1.294v.tif,3375,4500,568
RCP10549-50v1.295r.tif,3221,4500,569
RCP10549-50v1.295v.tif,3375,4500,570
RCP10549-50v1.296r.tif,3221,4500,571
RCP10549-50v1.296v.tif,3375,4500,572
RCP10549-50v1.297r.tif,3221,4500,573
RCP10549-50v1.297v.tif,3371,4500,574
RCP10549-50v1.298r.tif,3227,4500,575
RCP10549-50v1.298v.tif,3371,4500,576
RCP10549-50v1.299r.tif,3227,4500,577
RCP10549-50v1.299v.tif,3371,4500,578
RCP10549-50v1.300r.tif,3227,4500,579
RCP10549-50v1.300v.tif,3371,4500,580
RCP10549-50v1.301r.tif,3227,4500,581
RCP10549-50v1.301v.tif,3371,4500,582
RCP10549-50v1.302r.tif,3227,4500,583
RCP10549-50v1.302v.tif,3371,4500,568
RCP10549-50v1.303r.tif,3227,4500,969
RCP10549-50v1.303v.tif,3371,4500,586
RCP10549-50v1.304r.tif,3227,4500,587
RCP10549-50v1.304v.tif,3371,4500,588
RCP10549-50v1.305r.tif,3227,4500,589
RCP10549-50v1.305v.tif,3371,4500,590
RCP10549-50v1.306r.tif,3227,4500,591
RCP10549-50v1.306v.tif,3371,4500,592
RCP10549-50v1.307r.tif,3227,4500,593
RCP10549-50v1.307v.tif,3371,4500,594
RCP10549-50v1.308r.tif,3227,4500,595
RCP10549-50v1.308v.tif,3371,4500,596
RCP10549-50v1.309r.tif,3227,4500,597
RCP10549-50v1.309v.tif,3371,4500,598
RCP10549-50v1.310r.tif,3227,4500,599
RCP10549-50v1.310v.tif,3371,4500,600
RCP10549-50v1.311r.tif,3227,4500,601
RCP10549-50v1.311v.tif,3371,4500,602
RCP10549-50v1.312r.tif,3227,4500,603
RCP10549-50v1.312v.tif,3371,4500,604
RCP10549-50v1.313r.tif,3227,4500,605
RCP10549-50v1.313v.tif,3371,4500,606
RCP10549-50v1.314r.tif,3227,4500,607
RCP10549-50v1.314v.tif,3371,4500,608
RCP10549-50v1.315r.tif,3227,4500,609
RCP10549-50v1.315v.tif,3371,4500,610
RCP10549-50v1.316r.tif,3227,4500,611
RCP10549-50v1.316v.tif,3371,4500,612
RCP10549-50v1.317r.tif,3227,4500,613
RCP10549-50v1.317v.tif,3371,4500,615
RCP10549-50v1.318r.tif,3227,4500,615
RCP10549-50v1.318v.tif,3371,4500,616
RCP10549-50v1.319r.tif,3227,4500,617
RCP10549-50v1.319v.tif,3371,4500,618
RCP10549-50v1.320r.tif,3227,4500,619
RCP10549-50v1.320v.tif,3371,4500,620
RCP10549-50v1.321r.tif,3227,4500,621
RCP10549-50v1.321v.tif,3371,4500,622
RCP10549-50v1.322r.tif,3227,4500,623
RCP10549-50v1.322v.tif,3371,4500,624
RCP10549-50v1.323r.tif,3227,4500,625
RCP10549-50v1.323v.tif,3371,4500,626
RCP10549-50v1.324r.tif,3227,4500,627
RCP10549-50v1.324v.tif,3371,4500,628
RCP10549-50v1.325r.tif,3227,4500,629
RCP10549-50v1.325v.tif,3371,4500,630
RCP10549-50v1.326r.tif,3227,4500,631
RCP10549-50v1.326v.tif,3371,4500,632
RCP10549-50v1.327r.tif,3227,4500,633
RCP10549-50v1.327v.tif,3371,4500,634
RCP10549-50v1.328r.tif,3227,4500,635
RCP10549-50v1.328v.tif,3371,4500,636
RCP10549-50v1.329r.tif,3227,4500,637
RCP10549-50v1.329v.tif,3371,4500,638
RCP10549-50v1.330r.tif,3227,4500,639
RCP10549-50v1.330v.tif,3371,4500,340
RCP10549-50v1.331r.tif,3227,4500,fff.iii
RCP10549-50v1.331v.tif,3416,4500,[fff.iii[v]]
RCP10549-50v1.332r.tif,3227,4500,fff.iiii
RCP10549-50v1.332v.tif,3416,4500,[fff.iiii[v]]
RCP10549-50v1.333r.tif,3227,4500,fff.v
RCP10549-50v1.333v.tif,3416,4500,[fff.v[v]]
RCP10549-50v1.334r.tif,3227,4500,fff.vi
RCP10549-50v1.334v.tif,3416,4500,[fff.vi[v]]
RCP10549-50v1.335r.tif,3227,4500,title page
RCP10549-50v1.335v.tif,3226,4500,title page verso
RCP10549-50v1.336r.tif,3344,4500,3
RCP10549-50v1.336v.tif,3226,4500,4
RCP10549-50v1.337r.tif,3344,4500,5
RCP10549-50v1.337v.tif,3226,4500,6
RCP10549-50v1.338r.tif,3344,4500,7
RCP10549-50v1.338v.tif,3226,4500,8
RCP10549-50v1.339r.tif,3344,4500,9
RCP10549-50v1.339v.tif,3226,4500,10
RCP10549-50v1.340r.tif,3344,4500,11
RCP10549-50v1.340v.tif,3226,4500,12
RCP10549-50v1.341r.tif,3340,4500,13
RCP10549-50v1.341v.tif,3226,4500,14
RCP10549-50v1.342r.tif,3340,4500,15
RCP10549-50v1.342v.tif,3226,4500,16
RCP10549-50v1.343r.tif,3340,4500,17
RCP10549-50v1.343v.tif,3226,4500,18
RCP10549-50v1.344r.tif,3340,4500,19
RCP10549-50v1.344v.tif,3226,4500,20
RCP10549-50v1.345r.tif,3340,4500,21
RCP10549-50v1.345v.tif,3226,4500,22
RCP10549-50v1.346r.tif,3340,4500,23
RCP10549-50v1.346v.tif,3226,4500,24
RCP10549-50v1.347r.tif,3340,4500,25
RCP10549-50v1.347v.tif,3226,4500,26
RCP10549-50v1.348r.tif,3340,4500,27
RCP10549-50v1.348v.tif,3226,4500,28
RCP10549-50v1.349r.tif,3340,4500,29
RCP10549-50v1.349v.tif,3226,4500,30
RCP10549-50v1.350r.tif,3340,4500,31
RCP10549-50v1.350v.tif,3226,4500,32
RCP10549-50v1.351r.tif,3340,4500,33
RCP10549-50v1.351v.tif,3226,4500,34
RCP10549-50v1.352r.tif,3340,4500,35
RCP10549-50v1.352v.tif,3226,4500,36
RCP10549-50v1.353r.tif,3340,4500,37
RCP10549-50v1.353v.tif,3226,4500,38
RCP10549-50v1.354r.tif,3340,4500,39
RCP10549-50v1.354v.tif,3226,4500,40
RCP10549-50v1.355r.tif,3340,4500,41
RCP10549-50v1.355v.tif,3226,4500,42
RCP10549-50v1.356r.tif,3340,4500,43
RCP10549-50v1.356v.tif,3226,4500,44
RCP10549-50v1.357r.tif,3353,4500,45
RCP10549-50v1.357v.tif,3226,4500,46
RCP10549-50v1.358r.tif,3353,4500,47
RCP10549-50v1.358v.tif,3226,4500,48
RCP10549-50v1.359r.tif,3353,4500,49
RCP10549-50v1.359v.tif,3226,4500,50
RCP10549-50v1.360r.tif,3353,4500,51
RCP10549-50v1.360v.tif,3226,4500,52
RCP10549-50v1.361r.tif,3353,4500,53
RCP10549-50v1.361v.tif,3226,4500,54
RCP10549-50v1.362r.tif,3353,4500,55
RCP10549-50v1.362v.tif,3226,4500,56
RCP10549-50v1.363r.tif,3353,4500,57
RCP10549-50v1.363v.tif,3226,4500,58
RCP10549-50v1.364r.tif,3353,4500,59
RCP10549-50v1.364v.tif,3226,4500,60
RCP10549-50v1.365r.tif,3353,4500,61
RCP10549-50v1.365v.tif,3226,4500,62
RCP10549-50v1.366r.tif,3353,4500,63
RCP10549-50v1.366v.tif,3226,4500,64
RCP10549-50v1.367r.tif,3353,4500,65
RCP10549-50v1.367v.tif,3226,4500,66
RCP10549-50v1.368r.tif,3353,4500,67
RCP10549-50v1.368v.tif,3226,4500,68
RCP10549-50v1.369r.tif,3353,4500,69
RCP10549-50v1.369v.tif,3231,4500,70
RCP10549-50v1.370r.tif,3353,4500,71
RCP10549-50v1.370v.tif,3231,4500,72
RCP10549-50v1.371r.tif,3353,4500,73
RCP10549-50v1.371v.tif,3231,4500,74
RCP10549-50v1.372r.tif,3353,4500,75
RCP10549-50v1.372v.tif,3231,4500,76
RCP10549-50v1.373r.tif,3353,4500,77
RCP10549-50v1.373v.tif,3231,4500,78
RCP10549-50v1.374r.tif,3353,4500,79
RCP10549-50v1.374v.tif,3231,4500,80
RCP10549-50v1.375r.tif,3353,4500,81
RCP10549-50v1.375v.tif,3231,4500,82
RCP10549-50v1.376r.tif,3353,4500,83
RCP10549-50v1.376v.tif,3231,4500,84
RCP10549-50v1.377r.tif,3353,4500,85
RCP10549-50v1.377v.tif,3231,4500,86
RCP10549-50v1.378r.tif,3353,4500,87
RCP10549-50v1.378v.tif,3231,4500,88
RCP10549-50v1.379r.tif,3353,4500,89
RCP10549-50v1.379v.tif,3231,4500,90
RCP10549-50v1.380r.tif,3353,4500,91
RCP10549-50v1.380v.tif,3247,4500,92
RCP10549-50v1.381r.tif,3353,4500,93
RCP10549-50v1.381v.tif,3247,4500,94
RCP10549-50v1.382r.tif,3353,4500,95
RCP10549-50v1.382v.tif,3247,4500,96
RCP10549-50v1.383r.tif,3353,4500,97
RCP10549-50v1.383v.tif,3247,4500,98
RCP10549-50v1.384r.tif,3353,4500,99
RCP10549-50v1.384v.tif,3247,4500,100
RCP10549-50v1.385r.tif,3353,4500,101
RCP10549-50v1.385v.tif,3247,4500,102
RCP10549-50v1.386r.tif,3353,4500,103
RCP10549-50v1.386v.tif,3247,4500,104
RCP10549-50v1.387r.tif,3353,4500,105
RCP10549-50v1.387v.tif,3247,4500,106
RCP10549-50v1.388r.tif,3353,4500,107
RCP10549-50v1.388v.tif,3247,4500,108
RCP10549-50v1.389r.tif,3353,4500,109
RCP10549-50v1.389v.tif,3247,4500,110
RCP10549-50v1.390r.tif,3353,4500,111
RCP10549-50v1.390v.tif,3247,4500,112
RCP10549-50v1.391r.tif,3353,4500,113
RCP10549-50v1.391v.tif,3247,4500,114
RCP10549-50v1.392r.tif,3353,4500,115
RCP10549-50v1.392v.tif,3247,4500,116
RCP10549-50v1.393r.tif,3353,4500,117
RCP10549-50v1.393v.tif,3247,4500,118
RCP10549-50v1.394r.tif,3353,4500,119
RCP10549-50v1.394v.tif,3247,4500,120
RCP10549-50v1.395r.tif,3353,4500,121
RCP10549-50v1.395v.tif,3247,4500,122
RCP10549-50v1.396r.tif,3353,4500,123
RCP10549-50v1.396v.tif,3247,4500,124
RCP10549-50v1.397r.tif,3353,4500,125
RCP10549-50v1.397v.tif,3258,4500,126
RCP10549-50v1.398r.tif,3252,4500,127
RCP10549-50v1.398v.tif,3258,4500,128
RCP10549-50v1.399r.tif,3252,4500,129
RCP10549-50v1.399v.tif,3258,4500,130
RCP10549-50v1.400r.tif,3252,4500,131
RCP10549-50v1.400v.tif,3258,4500,132
RCP10549-50v1.401r.tif,3252,4500,133
RCP10549-50v1.401v.tif,3258,4500,134
RCP10549-50v1.402r.tif,3252,4500,135
RCP10549-50v1.402v.tif,3258,4500,136
RCP10549-50v1.403r.tif,3252,4500,137
RCP10549-50v1.403v.tif,3258,4500,138
RCP10549-50v1.404r.tif,3252,4500,139
RCP10549-50v1.404v.tif,3258,4500,140
RCP10549-50v1.405r.tif,3252,4500,141
RCP10549-50v1.405v.tif,3258,4500,142
RCP10549-50v1.406r.tif,3252,4500,143
RCP10549-50v1.406v.tif,3258,4500,144
RCP10549-50v1.407r.tif,3252,4500,145
RCP10549-50v1.407v.tif,3258,4500,146
RCP10549-50v1.408r.tif,3252,4500,147
RCP10549-50v1.408v.tif,3258,4500,148
RCP10549-50v1.409r.tif,3252,4500,149
RCP10549-50v1.409v.tif,3258,4500,150
RCP10549-50v1.410r.tif,3252,4500,151
RCP10549-50v1.410v.tif,3258,4500,152
RCP10549-50v1.411r.tif,3252,4500,153
RCP10549-50v1.411v.tif,3258,4500,154
RCP10549-50v1.412r.tif,3252,4500,155
RCP10549-50v1.412v.tif,3258,4500,156
RCP10549-50v1.413r.tif,3252,4500,157
RCP10549-50v1.413v.tif,3258,4500,158
RCP10549-50v1.414r.tif,3252,4500,159
RCP10549-50v1.414v.tif,3258,4500,160
RCP10549-50v1.415r.tif,3252,4500,161
RCP10549-50v1.415v.tif,3258,4500,162
RCP10549-50v1.416r.tif,3252,4500,163
RCP10549-50v1.416v.tif,3258,4500,164
RCP10549-50v1.417r.tif,3252,4500,165
RCP10549-50v1.417v.tif,3258,4500,166
RCP10549-50v1.418r.tif,3252,4500,167
RCP10549-50v1.418v.tif,3258,4500,168
RCP10549-50v1.419r.tif,3252,4500,169
RCP10549-50v1.419v.tif,3258,4500,170
RCP10549-50v1.420r.tif,3252,4500,171
RCP10549-50v1.420v.tif,3258,4500,172
RCP10549-50v1.421r.tif,3252,4500,173
RCP10549-50v1.421v.tif,3258,4500,174
RCP10549-50v1.422r.tif,3252,4500,175
RCP10549-50v1.422v.tif,3258,4500,176
RCP10549-50v1.423r.tif,3252,4500,177
RCP10549-50v1.423v.tif,3258,4500,178
RCP10549-50v1.424r.tif,3252,4500,179
RCP10549-50v1.424v.tif,3258,4500,180
RCP10549-50v1.425r.tif,3252,4500,181
RCP10549-50v1.425v.tif,3258,4500,182
RCP10549-50v1.426r.tif,3252,4500,183
RCP10549-50v1.426v.tif,3258,4500,184
RCP10549-50v1.427r.tif,3252,4500,185
RCP10549-50v1.427v.tif,3258,4500,186
RCP10549-50v1.428r.tif,3252,4500,187
RCP10549-50v1.428v.tif,3258,4500,188
RCP10549-50v1.429r.tif,3252,4500,189
RCP10549-50v1.429v.tif,3258,4500,190
RCP10549-50v1.430r.tif,3252,4500,191
RCP10549-50v1.430v.tif,3258,4500,192
RCP10549-50v1.431r.tif,3252,4500,193
RCP10549-50v1.431v.tif,3258,4500,194
RCP10549-50v1.432r.tif,3252,4500,195
RCP10549-50v1.432v.tif,3258,4500,196
RCP10549-50v1.433r.tif,3252,4500,197
RCP10549-50v1.433v.tif,3258,4500,198
RCP10549-50v1.434r.tif,3252,4500,199
RCP10549-50v1.434v.tif,3258,4500,200
RCP10549-50v1.435r.tif,3252,4500,201
RCP10549-50v1.435v.tif,3258,4500,202
RCP10549-50v1.436r.tif,3252,4500,203
RCP10549-50v1.436v.tif,3296,4500,204
RCP10549-50v1.437r.tif,3252,4500,205
RCP10549-50v1.437v.tif,3296,4500,206
RCP10549-50v1.438r.tif,3252,4500,207
RCP10549-50v1.438v.tif,3296,4500,208
RCP10549-50v1.439r.tif,3252,4500,209
RCP10549-50v1.439v.tif,3296,4500,210
RCP10549-50v1.440r.tif,3252,4500,211
RCP10549-50v1.440v.tif,3296,4500,212
RCP10549-50v1.441r.tif,3252,4500,213
RCP10549-50v1.441v.tif,3296,4500,214
RCP10549-50v1.442r.tif,3252,4500,215
RCP10549-50v1.442v.tif,3296,4500,216
RCP10549-50v1.443r.tif,3252,4500,217
RCP10549-50v1.443v.tif,3296,4500,218
RCP10549-50v1.444r.tif,3252,4500,219
RCP10549-50v1.444v.tif,3296,4500,220
RCP10549-50v1.445r.tif,3252,4500,221
RCP10549-50v1.445v.tif,3296,4500,222
RCP10549-50v1.446r.tif,3252,4500,223
RCP10549-50v1.446v.tif,3296,4500,224
RCP10549-50v1.447r.tif,3252,4500,225
RCP10549-50v1.447v.tif,3296,4500,226
RCP10549-50v1.448r.tif,3252,4500,227
RCP10549-50v1.448v.tif,3296,4500,228
RCP10549-50v1.449r.tif,3252,4500,229
RCP10549-50v1.449v.tif,3296,4500,230
RCP10549-50v1.450r.tif,3252,4500,231
RCP10549-50v1.450v.tif,3296,4500,232
RCP10549-50v1.451r.tif,3252,4500,233
RCP10549-50v1.451v.tif,3296,4500,234
RCP10549-50v1.452r.tif,3252,4500,235
RCP10549-50v1.452v.tif,3296,4500,236
RCP10549-50v1.453r.tif,3252,4500,237
RCP10549-50v1.453v.tif,3296,4500,238
RCP10549-50v1.454r.tif,3252,4500,239
RCP10549-50v1.454v.tif,3203,4500,240
RCP10549-50v1.455r.tif,3252,4500,241
RCP10549-50v1.455v.tif,3203,4500,242
RCP10549-50v1.456r.tif,3252,4500,243
RCP10549-50v1.456v.tif,3203,4500,244
RCP10549-50v1.457r.tif,3252,4500,245
RCP10549-50v1.457v.tif,3203,4500,246
RCP10549-50v1.458r.tif,3252,4500,247
RCP10549-50v1.458v.tif,3203,4500,248
RCP10549-50v1.459r.tif,3252,4500,249
RCP10549-50v1.459v.tif,3203,4500,250
RCP10549-50v1.460r.tif,3252,4500,251
RCP10549-50v1.460v.tif,3203,4500,252
RCP10549-50v1.461r.tif,3252,4500,253
RCP10549-50v1.461v.tif,3203,4500,254
RCP10549-50v1.462r.tif,3252,4500,255
RCP10549-50v1.462v.tif,3203,4500,256
RCP10549-50v1.463r.tif,3252,4500,257
RCP10549-50v1.463v.tif,3203,4500,258
RCP10549-50v1.464r.tif,3252,4500,259
RCP10549-50v1.464v.tif,3203,4500,260
RCP10549-50v1.465r.tif,3252,4500,261
RCP10549-50v1.465v.tif,3203,4500,262
RCP10549-50v1.466r.tif,3252,4500,263
RCP10549-50v1.466v.tif,3203,4500,264
RCP10549-50v1.467r.tif,3252,4500,265
RCP10549-50v1.467v.tif,3203,4500,266
RCP10549-50v1.468r.tif,3252,4500,267
RCP10549-50v1.468v.tif,3203,4500,268
RCP10549-50v1.469r.tif,3252,4500,269
RCP10549-50v1.469v.tif,3203,4500,270
RCP10549-50v1.470r.tif,3252,4500,271
RCP10549-50v1.470v.tif,3203,4500,272
RCP10549-50v1.471r.tif,3252,4500,273
RCP10549-50v1.471v.tif,3203,4500,274
RCP10549-50v1.472r.tif,3252,4500,275
RCP10549-50v1.472v.tif,3203,4500,276
RCP10549-50v1.473r.tif,3252,4500,277
RCP10549-50v1.473v.tif,3203,4500,278
RCP10549-50v1.474r.tif,3252,4500,279
RCP10549-50v1.474v.tif,3203,4500,280
RCP10549-50v1.475r.tif,3252,4500,281
RCP10549-50v1.475v.tif,3203,4500,282
RCP10549-50v1.476r.tif,3252,4500,283
RCP10549-50v1.476v.tif,3203,4500,284
RCP10549-50v1.477r.tif,3252,4500,285
RCP10549-50v1.477v.tif,3203,4500,286
RCP10549-50v1.478r.tif,3252,4500,287
RCP10549-50v1.478v.tif,3203,4500,288
RCP10549-50v1.479r.tif,3252,4500,289
RCP10549-50v1.479v.tif,3203,4500,290
RCP10549-50v1.480r.tif,3252,4500,291
RCP10549-50v1.480v.tif,3203,4500,292
RCP10549-50v1.481r.tif,3252,4500,293
RCP10549-50v1.481v.tif,3203,4500,294
RCP10549-50v1.482r.tif,3252,4500,295
RCP10549-50v1.482v.tif,3203,4500,296
RCP10549-50v1.483r.tif,3252,4500,297
RCP10549-50v1.483v.tif,3203,4500,298
RCP10549-50v1.484r.tif,3252,4500,299
RCP10549-50v1.484v.tif,3198,4500,300
RCP10549-50v1.485r.tif,3252,4500,301
RCP10549-50v1.485v.tif,3198,4500,302
RCP10549-50v1.486r.tif,3252,4500,303
RCP10549-50v1.486v.tif,3198,4500,304
RCP10549-50v1.487r.tif,3252,4500,305
RCP10549-50v1.487v.tif,3198,4500,306
RCP10549-50v1.488r.tif,3252,4500,307
RCP10549-50v1.488v.tif,3198,4500,308
RCP10549-50v1.489r.tif,3252,4500,309
RCP10549-50v1.489v.tif,3198,4500,310
RCP10549-50v1.490r.tif,3252,4500,311
RCP10549-50v1.490v.tif,3198,4500,312
RCP10549-50v1.491r.tif,3252,4500,313
RCP10549-50v1.491v.tif,3198,4500,314
RCP10549-50v1.492r.tif,3252,4500,315
RCP10549-50v1.492v.tif,3198,4500,316
RCP10549-50v1.493r.tif,3252,4500,317
RCP10549-50v1.493v.tif,3198,4500,318
RCP10549-50v1.494r.tif,3252,4500,319
RCP10549-50v1.494v.tif,3198,4500,320
RCP10549-50v1.495r.tif,3252,4500,321
RCP10549-50v1.495v.tif,3198,4500,322
RCP10549-50v1.496r.tif,3252,4500,323
RCP10549-50v1.496v.tif,3198,4500,324
RCP10549-50v1.497r.tif,3196,4500,325
RCP10549-50v1.497v.tif,3201,4500,326
RCP10549-50v1.498r.tif,3196,4500,327
RCP10549-50v1.498v.tif,3201,4500,328
RCP10549-50v1.499r.tif,3196,4500,329
RCP10549-50v1.499v.tif,3201,4500,330
RCP10549-50v1.500r.tif,3196,4500,331
RCP10549-50v1.500v.tif,3201,4500,332
RCP10549-50v1.501r.tif,3196,4500,333
RCP10549-50v1.501v.tif,3201,4500,334
RCP10549-50v1.502r.tif,3196,4500,335
RCP10549-50v1.502v.tif,3201,4500,336
RCP10549-50v1.503r.tif,3196,4500,337
RCP10549-50v1.503v.tif,3201,4500,338
RCP10549-50v1.504r.tif,3196,4500,339
RCP10549-50v1.504v.tif,3201,4500,340
RCP10549-50v1.505r.tif,3196,4500,341
RCP10549-50v1.505v.tif,3201,4500,342
RCP10549-50v1.506r.tif,3196,4500,343
RCP10549-50v1.506v.tif,3201,4500,344
RCP10549-50v1.507r.tif,3196,4500,345
RCP10549-50v1.507v.tif,3201,4500,346
RCP10549-50v1.508r.tif,3196,4500,347
RCP10549-50v1.508v.tif,3201,4500,348
RCP10549-50v1.509r.tif,3196,4500,349
RCP10549-50v1.509v.tif,3201,4500,350
RCP10549-50v1.510r.tif,3196,4500,351
RCP10549-50v1.510v.tif,3201,4500,352
RCP10549-50v1.511r.tif,3196,4500,353
RCP10549-50v1.511v.tif,3201,4500,354
RCP10549-50v1.512r.tif,3196,4500,355
RCP10549-50v1.512v.tif,3201,4500,356
RCP10549-50v1.513r.tif,3196,4500,357
RCP10549-50v1.513v.tif,3201,4500,358
RCP10549-50v1.514r.tif,3196,4500,359
RCP10549-50v1.514v.tif,3211,4500,360
RCP10549-50v1.515r.tif,3196,4500,361
RCP10549-50v1.515v.tif,3211,4500,362
RCP10549-50v1.516r.tif,3196,4500,363
RCP10549-50v1.516v.tif,3211,4500,364
RCP10549-50v1.517r.tif,3196,4500,365
RCP10549-50v1.517v.tif,3211,4500,366
RCP10549-50v1.518r.tif,3196,4500,367
RCP10549-50v1.518v.tif,3211,4500,368
RCP10549-50v1.519r.tif,3196,4500,369
RCP10549-50v1.519v.tif,3211,4500,370
RCP10549-50v1.520r.tif,3196,4500,371
RCP10549-50v1.520v.tif,3211,4500,372
RCP10549-50v1.521r.tif,3196,4500,373
RCP10549-50v1.521v.tif,3211,4500,374
RCP10549-50v1.522r.tif,3196,4500,375
RCP10549-50v1.522v.tif,3211,4500,376
RCP10549-50v1.523r.tif,3196,4500,377
RCP10549-50v1.523v.tif,3211,4500,378
RCP10549-50v1.524r.tif,3196,4500,379
RCP10549-50v1.524v.tif,3211,4500,380
RCP10549-50v1.525r.tif,3196,4500,381
RCP10549-50v1.525v.tif,3211,4500,382
RCP10549-50v1.526r.tif,3196,4500,383
RCP10549-50v1.526v.tif,3211,4500,384
RCP10549-50v1.527r.tif,3196,4500,385
RCP10549-50v1.527v.tif,3211,4500,386
RCP10549-50v1.528r.tif,3196,4500,387
RCP10549-50v1.528v.tif,3211,4500,388
RCP10549-50v1.529r.tif,3196,4500,389
RCP10549-50v1.529v.tif,3211,4500,390
RCP10549-50v1.530r.tif,3196,4500,391
RCP10549-50v1.530v.tif,3211,4500,392
RCP10549-50v1.531r.tif,3196,4500,393
RCP10549-50v1.531v.tif,3211,4500,394
RCP10549-50v1.532r.tif,3150,4500,395
RCP10549-50v1.532v.tif,3211,4500,396
RCP10549-50v1.533r.tif,3150,4500,397
RCP10549-50v1.533v.tif,3211,4500,398
RCP10549-50v1.534r.tif,3150,4500,399
RCP10549-50v1.534v.tif,3211,4500,400
RCP10549-50v1.535r.tif,3150,4500,401
RCP10549-50v1.535v.tif,3211,4500,402
RCP10549-50v1.536r.tif,3150,4500,403
RCP10549-50v1.536v.tif,3208,4500,404
RCP10549-50v1.537r.tif,3150,4500,405
RCP10549-50v1.537v.tif,3208,4500,406
RCP10549-50v1.538r.tif,3150,4500,407
RCP10549-50v1.538v.tif,3208,4500,408
RCP10549-50v1.539r.tif,3150,4500,409
RCP10549-50v1.539v.tif,3208,4500,410
RCP10549-50v1.540r.tif,3150,4500,411
RCP10549-50v1.540v.tif,3208,4500,412
RCP10549-50v1.541r.tif,3070,4500,413
RCP10549-50v1.541v.tif,3208,4500,414
RCP10549-50v1.542r.tif,3070,4500,415
RCP10549-50v1.542v.tif,3208,4500,416
RCP10549-50v1.endmatter.flyleaf.001r.tif,3070,4500,end matter 1r
RCP10549-50v1.endmatter.flyleaf.001v.tif,3208,4500,end matter 1v
RCP10549-50v1.endmatter.flyleaf.002r.tif,3103,4500,end matter 2r
RCP10549-50v1.endmatter.flyleaf.002v.tif,3208,4500,end matter 2v
RCP10549-50v1.endmatter.flyleaf.003r.tif,3103,4500,end matter 3r
RCP10549-50v1.endmatter.flyleaf.003v.tif,3208,4500,end matter 3v
RCP10549-50v1.endmatter.pastedown.tif,3100,4500,end matter pastedown
RCP10549-50v1.binding.backcover.tif,3072,4500,binding back cover
RCP10549-50v1.binding.spine.tif,1155,4500,binding spine
RCP10549-50v1.misc.grayscale.tif,1412,4500,misc
